"# THE WORKING COPY — this file at the art library root is the list the owner works from. The suite regenerates it (and a mirror under build/_image-prompts/) via npm run art-worklist in the suite repo; edit nothing by hand."
"# ART WORK LIST — generated by `node tools/gen-art-worklist.mjs` (npm run art-worklist). Regenerate rather than editing by hand."
"# FILENAMES USE HYPHENS (thri-kreen.webp) — NOT underscores (thri_kreen.webp). The sidecar wiring keys art to hyphenated entry-key slugs; a file named with underscores will never be found."
"# The filename is the slug of the document key (flags.<module>.key after the last dot) + .webp — never the build/ JSON filename, which can disagree with it."
"# The full save path opens every notes cell — every path points into the standalone art library (C:/Projects/FoundryVTT/DakksUltimateTokens/art/<kind-dir>/<slug>.webp). The library is edition-agnostic: the SAME slug reached from two packs or modules is ONE shared file, and the notes name every entry it serves."
"# THE LOOP: generate a batch -> save each file at the exact path in its notes cell -> npm run build in the suite (the build resolves library art by existence; a misnamed file silently does nothing — check the name against this CSV) -> reload Foundry."
"# Creature tokens: PNG with alpha first, verify per IMAGE-BRIEF.md §9, then convert to .webp. Sizes: Tiny–Large 512px, Huge 1024px, Gargantuan 1536px."
"# P1 = generate first (this module). P2 = later. P3 = a real library icon already exists — only for a unified look."
"# emblem = non-physical subject rendered as an item-icon-style sigil/effect; not in the original six kinds, added for full coverage (spells, proficiencies, skills, abilities, tables, journals). Classes are kind 'npc' (class portrait — archetypal member)."
"# CANON BACKLOG rows (kind monster, P3, no suite slot yet) merge the 5e SRD monster list (CC-BY mechanical fields only) with the Too Many Tokens name list (names only), deduped against our own creature rows — art pre-made for future campaigns/editions."
"filename","display_name","kind","size","token_type","visual_brief","priority","notes"
"thri-kreen.webp","Thri-Kreen","npc","Large","circular portrait","Upright large person (11 ft long), four clawed limbs plus a wide fanged maw, hard scaled or chitinous shell, long running legs, visible venom apparatus","P1","C:/Projects/FoundryVTT/DakksUltimateTokens/art/races/thri-kreen.webp; also drop a copy at C:/Projects/FoundryVTT/DakksUltimateTokens/art/creatures/thri-kreen.webp — the 'creatures' pack resolves art from its own directory; playable race; one file serves ds.race.thri-kreen (races) + npc.thri-kreen (creatures); placeholder library icon today — this is the real art gap"
"mul.webp","Mul","npc","Medium","circular portrait","Upright person (6 to 7 ft tall), armed with hand weapons","P1","C:/Projects/FoundryVTT/DakksUltimateTokens/art/races/mul.webp; also drop a copy at C:/Projects/FoundryVTT/DakksUltimateTokens/art/creatures/mul.webp — the 'creatures' pack resolves art from its own directory; playable race; one file serves ds.race.mul (races) + npc.mul (creatures); placeholder library icon today — this is the real art gap"
"half-giant.webp","Half-Giant","npc","Huge","circular portrait","Upright huge person (10 to 12 ft tall), armed with hand weapons, wearing strapped armour","P1","C:/Projects/FoundryVTT/DakksUltimateTokens/art/races/half-giant.webp; also drop a copy at C:/Projects/FoundryVTT/DakksUltimateTokens/art/creatures/half-giant.webp — the 'creatures' pack resolves art from its own directory; playable race; one file serves ds.race.half-giant (races) + npc.half-giant (creatures); placeholder library icon today — this is the real art gap"
"aarakocra.webp","Aarakocra","npc","Medium","circular portrait","Upright person (20 ft or more across the wings), armed with hand weapons, tough leathery hide, a flier, sun-bleached sand colouring","P1","C:/Projects/FoundryVTT/DakksUltimateTokens/art/races/aarakocra.webp; playable race; placeholder library icon today — this is the real art gap"
"black-dragon.webp","Black Dragon","monster","Gargantuan","top-down","Colossal (40 ft long), massively built, two clawed limbs and a biting head, sheathed in fused armour plating, a flier, a swimmer, visible venom apparatus","P1","C:/Projects/FoundryVTT/DakksUltimateTokens/art/creatures/black-dragon.webp; placeholder library icon today — this is the real art gap"
"blue-dragon.webp","Blue Dragon","monster","Gargantuan","top-down","Colossal (56 ft long), massively built, two clawed limbs and a biting head, sheathed in fused armour plating, a flier, a burrower, distended throat or vent, sun-bleached sand colouring","P1","C:/Projects/FoundryVTT/DakksUltimateTokens/art/creatures/blue-dragon.webp; placeholder library icon today — this is the real art gap"
"brass-dragon.webp","Brass Dragon","monster","Gargantuan","top-down","Colossal (40 ft long), massively built, two clawed limbs and a biting head, sheathed in fused armour plating, a flier, a burrower, distended throat or vent, sun-bleached sand colouring","P1","C:/Projects/FoundryVTT/DakksUltimateTokens/art/creatures/brass-dragon.webp; placeholder library icon today — this is the real art gap"
"bronze-dragon.webp","Bronze Dragon","monster","Gargantuan","top-down","Colossal (56 ft long), massively built, two clawed limbs and a biting head, sheathed in fused armour plating, a flier, a swimmer, distended throat or vent","P1","C:/Projects/FoundryVTT/DakksUltimateTokens/art/creatures/bronze-dragon.webp; placeholder library icon today — this is the real art gap"
"bugbear.webp","Bugbear","monster","Large","top-down","Large (7 ft tall), a heavy slamming limb, wearing strapped armour","P1","C:/Projects/FoundryVTT/DakksUltimateTokens/art/creatures/bugbear.webp; placeholder library icon today — this is the real art gap"
"chimera.webp","Chimera","monster","Large","top-down","Large (5 ft tall), two clawed limbs, a goring horn and two biting heads, heavy bony or chitinous plating, a flier, distended throat or vent","P1","C:/Projects/FoundryVTT/DakksUltimateTokens/art/creatures/chimera.webp; placeholder library icon today — this is the real art gap"
"cloud-giant.webp","Cloud Giant","monster","Huge","top-down","Huge (24 ft tall), massively built, a heavy slamming limb, sheathed in fused armour plating, carrying crafted gear, dust-grey rock colouring","P1","C:/Projects/FoundryVTT/DakksUltimateTokens/art/creatures/cloud-giant.webp; placeholder library icon today — this is the real art gap"
"cryohydra.webp","Cryohydra","monster","Gargantuan","top-down","Colossal (30 ft long), five biting heads, hard scaled or chitinous shell, distended throat or vent","P1","C:/Projects/FoundryVTT/DakksUltimateTokens/art/creatures/cryohydra.webp; placeholder library icon today — this is the real art gap"
"fire-giant.webp","Fire Giant","monster","Huge","top-down","Huge (21 ft tall), massively built, a heavy slamming limb, wearing strapped armour","P1","C:/Projects/FoundryVTT/DakksUltimateTokens/art/creatures/fire-giant.webp; placeholder library icon today — this is the real art gap"
"frost-giant.webp","Frost Giant","monster","Huge","top-down","Huge (18 ft tall), massively built, a heavy slamming limb, wearing strapped armour","P1","C:/Projects/FoundryVTT/DakksUltimateTokens/art/creatures/frost-giant.webp; placeholder library icon today — this is the real art gap"
"gnoll.webp","Gnoll","monster","Large","top-down","Large (7 ft tall), armed with carried weapons, hard scaled or chitinous shell","P1","C:/Projects/FoundryVTT/DakksUltimateTokens/art/creatures/gnoll.webp; placeholder library icon today — this is the real art gap"
"goblin.webp","Goblin","monster","Small","top-down","Small (4 ft tall), armed with carried weapons, wearing strapped armour","P1","C:/Projects/FoundryVTT/DakksUltimateTokens/art/creatures/goblin.webp; placeholder library icon today — this is the real art gap"
"half-ogre.webp","Half-Ogre","monster","Large","top-down","Large (8 to 9 ft tall), armed with carried weapons, wearing strapped armour, carrying crafted gear","P1","C:/Projects/FoundryVTT/DakksUltimateTokens/art/creatures/half-ogre.webp; placeholder library icon today — this is the real art gap"
"half-orc.webp","Half-Orc","monster","Medium","top-down","Man-sized (6 ft tall), armed with carried weapons, wearing strapped armour, carrying crafted gear","P1","C:/Projects/FoundryVTT/DakksUltimateTokens/art/creatures/half-orc.webp; placeholder library icon today — this is the real art gap"
"hobgoblin.webp","Hobgoblin","monster","Medium","top-down","Man-sized (6 ft tall), armed with carried weapons, wearing strapped armour, carrying crafted gear","P1","C:/Projects/FoundryVTT/DakksUltimateTokens/art/creatures/hobgoblin.webp; placeholder library icon today — this is the real art gap"
"hydra.webp","Hydra","monster","Gargantuan","top-down","Colossal (30 ft long), five biting heads, hard scaled or chitinous shell","P1","C:/Projects/FoundryVTT/DakksUltimateTokens/art/creatures/hydra.webp; placeholder library icon today — this is the real art gap"
"lizard-fire.webp","Lizard, Fire","monster","Gargantuan","top-down","Colossal (30 ft long), massively built, two clawed limbs and a biting head, heavy bony or chitinous plating, distended throat or vent","P1","C:/Projects/FoundryVTT/DakksUltimateTokens/art/creatures/lizard-fire.webp; placeholder library icon today — this is the real art gap"
"lizard-minotaur.webp","Lizard, Minotaur","monster","Gargantuan","top-down","Colossal (40 ft long), two clawed limbs and a biting head, hard scaled or chitinous shell, dust-grey rock colouring","P1","C:/Projects/FoundryVTT/DakksUltimateTokens/art/creatures/lizard-minotaur.webp; placeholder library icon today — this is the real art gap"
"lizardman.webp","Lizardman","monster","Medium","top-down","Man-sized (7 ft tall), two clawed limbs and a biting head, hard scaled or chitinous shell, a swimmer","P1","C:/Projects/FoundryVTT/DakksUltimateTokens/art/creatures/lizardman.webp; placeholder library icon today — this is the real art gap"
"minotaur.webp","Minotaur","monster","Large","top-down","Large (7 ft or more tall), two forward-pointing horns, tough leathery hide, reinforced ramming front","P1","C:/Projects/FoundryVTT/DakksUltimateTokens/art/creatures/minotaur.webp; placeholder library icon today — this is the real art gap"
"ogre.webp","Ogre","monster","Large","top-down","Large (9 ft tall), a heavy slamming limb, hard scaled or chitinous shell, carrying crafted gear","P1","C:/Projects/FoundryVTT/DakksUltimateTokens/art/creatures/ogre.webp; placeholder library icon today — this is the real art gap"
"orc.webp","Orc","monster","Medium","top-down","Man-sized (6 ft tall), armed with carried weapons, wearing strapped armour, carrying crafted gear","P1","C:/Projects/FoundryVTT/DakksUltimateTokens/art/creatures/orc.webp; placeholder library icon today — this is the real art gap"
"troll.webp","Troll","monster","Large","top-down","Large (9 ft tall), two clawed limbs and a biting head, hard scaled or chitinous shell","P1","C:/Projects/FoundryVTT/DakksUltimateTokens/art/creatures/troll.webp; placeholder library icon today — this is the real art gap"
"baazrag.webp","Baazrag","monster","Tiny","top-down","Tiny (2 ft long), one dominant natural weapon, likely a small biting mouth, hard scaled or chitinous shell, long running legs, dust-grey rock colouring","P1","C:/Projects/FoundryVTT/DakksUltimateTokens/art/creatures/baazrag.webp; placeholder library icon today — this is the real art gap"
"baazrag-boneclaw.webp","Baazrag, Boneclaw","monster","Large","top-down","Large (8 ft tall), two heavy clawed forelimbs plus a maw big enough to take an arm, sheathed in fused armour plating, long running legs, dust-grey rock colouring","P1","C:/Projects/FoundryVTT/DakksUltimateTokens/art/creatures/baazrag-boneclaw.webp; placeholder library icon today — this is the real art gap"
"brohg.webp","B’rohg","monster","Huge","top-down","Huge (15 ft tall), four identical immense crushing limbs, wearing strapped armour","P1","C:/Projects/FoundryVTT/DakksUltimateTokens/art/creatures/brohg.webp; placeholder library icon today — this is the real art gap"
"carru.webp","Carru","monster","Large","top-down","Large (10 ft long), two identical heavy clawed forelimbs, tough leathery hide, reinforced ramming front, muted olive-and-bark colouring","P1","C:/Projects/FoundryVTT/DakksUltimateTokens/art/creatures/carru.webp; placeholder library icon today — this is the real art gap"
"cilops.webp","Cilops","monster","Huge","top-down","Huge (15 ft), two identical massive taloned limbs, heavy bony or chitinous plating, bleached salt-white","P1","C:/Projects/FoundryVTT/DakksUltimateTokens/art/creatures/cilops.webp; placeholder library icon today — this is the real art gap"
"crodlu.webp","Crodlu","monster","Large","top-down","Large (10 ft or more tall), four heavy clawed forelimbs plus a wide fanged maw, hard scaled or chitinous shell, long running legs, long grasping appendages, sun-bleached sand colouring","P1","C:/Projects/FoundryVTT/DakksUltimateTokens/art/creatures/crodlu.webp; placeholder library icon today — this is the real art gap"
"dagorran.webp","Dagorran","monster","Medium","top-down","Man-sized (4 to 6 ft long), a biting head, tough leathery hide, coiled leaping hind legs, dull straw-and-dust colouring","P1","C:/Projects/FoundryVTT/DakksUltimateTokens/art/creatures/dagorran.webp; placeholder library icon today — this is the real art gap"
"drik.webp","Drik","monster","Gargantuan","top-down","Colossal (36 ft long), massively built, an immense crushing limb plus a maw big enough to take a person whole, heavy bony or chitinous plating, reinforced ramming front, dust-grey rock colouring","P1","C:/Projects/FoundryVTT/DakksUltimateTokens/art/creatures/drik.webp; placeholder library icon today — this is the real art gap"
"dune-reaper-drone.webp","Dune Reaper (Drone)","monster","Large","top-down","Large (8 ft tall), two immense crushing limbs plus a maw big enough to take a person whole, heavy bony or chitinous plating, coiled leaping hind legs","P1","C:/Projects/FoundryVTT/DakksUltimateTokens/art/creatures/dune-reaper-drone.webp; placeholder library icon today — this is the real art gap"
"dune-reaper-warrior.webp","Dune Reaper (Warrior)","monster","Large","top-down","Large (10 ft tall), massively built, two immense crushing limbs plus a maw big enough to take a person whole, sheathed in fused armour plating, coiled leaping hind legs","P1","C:/Projects/FoundryVTT/DakksUltimateTokens/art/creatures/dune-reaper-warrior.webp; placeholder library icon today — this is the real art gap"
"erdland.webp","Erdland","monster","Large","top-down","Large (10 ft long), two identical heavy clawed forelimbs, tough leathery hide","P1","C:/Projects/FoundryVTT/DakksUltimateTokens/art/creatures/erdland.webp; placeholder library icon today — this is the real art gap"
"heavy-crodlu.webp","Heavy Crodlu","monster","Large","top-down","Large (12 ft or more tall), four heavy clawed forelimbs plus a maw big enough to take an arm, hard scaled or chitinous shell, long running legs, reinforced ramming front, sun-bleached sand colouring","P1","C:/Projects/FoundryVTT/DakksUltimateTokens/art/creatures/heavy-crodlu.webp; placeholder library icon today — this is the real art gap"
"id-fiend.webp","Id Fiend","monster","Large","top-down","Large (10 ft long), two heavy clawed forelimbs plus a wide fanged maw, tough leathery hide","P1","C:/Projects/FoundryVTT/DakksUltimateTokens/art/creatures/id-fiend.webp; placeholder library icon today — this is the real art gap"
"jhakar.webp","Jhakar","monster","Small","top-down","Small (2 ft tall), one dominant natural weapon, likely a biting mouth set with teeth, hard scaled or chitinous shell, dull straw-and-dust colouring","P1","C:/Projects/FoundryVTT/DakksUltimateTokens/art/creatures/jhakar.webp; placeholder library icon today — this is the real art gap"
"kank-wild.webp","Kank, Wild","monster","Large","top-down","Large (8 ft long), two identical heavy clawed forelimbs, hard scaled or chitinous shell, visible venom apparatus, dust-grey rock colouring","P1","C:/Projects/FoundryVTT/DakksUltimateTokens/art/creatures/kank-wild.webp; placeholder library icon today — this is the real art gap"
"kirre.webp","Kirre","monster","Large","top-down","Large (8 ft long), six heavy clawed forelimbs plus a wide fanged maw, tough leathery hide, muted olive-and-bark colouring","P1","C:/Projects/FoundryVTT/DakksUltimateTokens/art/creatures/kirre.webp; placeholder library icon today — this is the real art gap"
"klar.webp","Klar","monster","Large","top-down","Large (9 ft tall), massively built, three identical massive taloned limbs, heavy bony or chitinous plating, dust-grey rock colouring","P1","C:/Projects/FoundryVTT/DakksUltimateTokens/art/creatures/klar.webp; placeholder library icon today — this is the real art gap"
"pterran.webp","Pterran","monster","Medium","top-down","Man-sized (6 ft tall), two small hooked claws plus heavy biting jaws, carrying crafted gear, muted olive-and-bark colouring","P1","C:/Projects/FoundryVTT/DakksUltimateTokens/art/creatures/pterran.webp; placeholder library icon today — this is the real art gap"
"sand-howler.webp","Sand Howler","monster","Medium","top-down","Man-sized (4 ft long), two small hooked claws plus heavy biting jaws, hard scaled or chitinous shell, visible venom apparatus, sun-bleached sand colouring","P1","C:/Projects/FoundryVTT/DakksUltimateTokens/art/creatures/sand-howler.webp; placeholder library icon today — this is the real art gap"
"silt-horror-black.webp","Silt Horror, Black","monster","Medium","top-down","Man-sized (4 ft long), a small hooked claw plus heavy biting jaws, tough leathery hide, swims through silt, visible venom apparatus, caked in grey silt-dust","P1","C:/Projects/FoundryVTT/DakksUltimateTokens/art/creatures/silt-horror-black.webp; placeholder library icon today — this is the real art gap; CHECK: attack count disagrees — ""No. of Attacks"" says 1, damage lists 2"
"silt-horror-magma.webp","Silt Horror, Magma","monster","Huge","top-down","Huge (25 ft long), massively built, eight identical appendages ranged around the body, hard scaled or chitinous shell, long grasping appendages, scorched black and ember-red","P1","C:/Projects/FoundryVTT/DakksUltimateTokens/art/creatures/silt-horror-magma.webp; placeholder library icon today — this is the real art gap"
"silt-horror-red.webp","Silt Horror, Red","monster","Large","top-down","Large (12 ft), eight identical appendages ranged around the body, wearing strapped armour, long grasping appendages","P1","C:/Projects/FoundryVTT/DakksUltimateTokens/art/creatures/silt-horror-red.webp; placeholder library icon today — this is the real art gap"
"silt-runner.webp","Silt Runner","monster","Small","top-down","Small (3 to 4 ft tall), two fine hooked claws plus a biting mouth set with teeth, tough leathery hide, long running legs, caked in grey silt-dust","P1","C:/Projects/FoundryVTT/DakksUltimateTokens/art/creatures/silt-runner.webp; placeholder library icon today — this is the real art gap"
"sloth-athasian.webp","Sloth, Athasian","monster","Large","top-down","Large (8 ft long), massively built, two heavy clawed forelimbs plus a maw big enough to take a person whole, hard scaled or chitinous shell, long running legs, muted olive-and-bark colouring","P1","C:/Projects/FoundryVTT/DakksUltimateTokens/art/creatures/sloth-athasian.webp; placeholder library icon today — this is the real art gap"
"so-ut-rampager.webp","So-Ut (Rampager)","monster","Large","top-down","Large (10 to 15 ft long), massively built, two identical massive taloned limbs, sheathed in fused armour plating, long running legs, visible venom apparatus, dull straw-and-dust colouring","P1","C:/Projects/FoundryVTT/DakksUltimateTokens/art/creatures/so-ut-rampager.webp; placeholder library icon today — this is the real art gap"
"ssurran.webp","Ssurran","monster","Medium","top-down","Man-sized (4 to 6 ft tall), armed with hand weapons, hard scaled or chitinous shell, carrying crafted gear","P1","C:/Projects/FoundryVTT/DakksUltimateTokens/art/creatures/ssurran.webp; placeholder library icon today — this is the real art gap"
"tarek.webp","Tarek","monster","Medium","top-down","Man-sized (6 ft tall), two identical small hooked claws, tough leathery hide, carrying crafted gear, dull straw-and-dust colouring","P1","C:/Projects/FoundryVTT/DakksUltimateTokens/art/creatures/tarek.webp; placeholder library icon today — this is the real art gap"
"zhackal.webp","Zhackal","monster","Tiny","top-down","Tiny (1 ft), one dominant natural weapon, likely a small biting mouth, tough leathery hide, long running legs, dust-grey rock colouring","P1","C:/Projects/FoundryVTT/DakksUltimateTokens/art/creatures/zhackal.webp; placeholder library icon today — this is the real art gap"
"assistant-templar.webp","Assistant Templar (Press Gang)","npc","Medium","circular portrait","Upright person, armed with an obsidian dagger, in strapped leather corselet","P1","C:/Projects/FoundryVTT/DakksUltimateTokens/art/npcs/assistant-templar.webp; no size in data — man-sized assumed; placeholder library icon today — this is the real art gap"
"chchkraran.webp","Chch'kraran","npc","Medium","circular portrait","Upright person, five small hooked claws plus a biting head, hard scaled or chitinous shell","P1","C:/Projects/FoundryVTT/DakksUltimateTokens/art/npcs/chchkraran.webp; no size in data — man-sized assumed; placeholder library icon today — this is the real art gap; CHECK: attack count disagrees — ""No. of Attacks"" says 5, damage lists 6"
"citizen-typical.webp","Citizen, Typical","npc","Medium","circular portrait","Upright person, armed with a bone dagger","P1","C:/Projects/FoundryVTT/DakksUltimateTokens/art/npcs/citizen-typical.webp; no size in data — man-sized assumed; placeholder library icon today — this is the real art gap"
"cruerex.webp","Cruerex","npc","Medium","circular portrait","Upright person, a heavy fist","P1","C:/Projects/FoundryVTT/DakksUltimateTokens/art/npcs/cruerex.webp; no size in data — man-sized assumed; placeholder library icon today — this is the real art gap"
"elf-tormentor.webp","Elf (Ziggurat Tormentor)","npc","Medium","circular portrait","Upright person, armed with a bone dagger","P1","C:/Projects/FoundryVTT/DakksUltimateTokens/art/npcs/elf-tormentor.webp; no size in data — man-sized assumed; placeholder library icon today — this is the real art gap"
"elf-typical.webp","Elf, Typical","npc","Medium","circular portrait","Upright person, armed with a bone wrist razor","P1","C:/Projects/FoundryVTT/DakksUltimateTokens/art/npcs/elf-typical.webp; no size in data — man-sized assumed; placeholder library icon today — this is the real art gap"
"eramas.webp","Eramas","npc","Medium","circular portrait","Upright person, armed with a bone wrist razor, in strapped inix leather","P1","C:/Projects/FoundryVTT/DakksUltimateTokens/art/npcs/eramas.webp; no size in data — man-sized assumed; placeholder library icon today — this is the real art gap"
"gaj.webp","Gaj (statistics not printed in DS1)","monster","—","top-down","No printed statistics to derive from — decide the look yourself or skip","P1","C:/Projects/FoundryVTT/DakksUltimateTokens/art/npcs/gaj.webp; DS1 never printed its statistics; the suite keeps the mystery-man placeholder on purpose; placeholder library icon today — this is the real art gap"
"gladiator-dwarf.webp","Gladiator, Dwarf","npc","Medium","circular portrait","Upright person, armed with a stone club, hard scaled or chitinous shell","P1","C:/Projects/FoundryVTT/DakksUltimateTokens/art/npcs/gladiator-dwarf.webp; no size in data — man-sized assumed; placeholder library icon today — this is the real art gap"
"gladiator-human.webp","Gladiator, Human","npc","Medium","circular portrait","Upright person, armed with an obsidian sword, tough leathery hide","P1","C:/Projects/FoundryVTT/DakksUltimateTokens/art/npcs/gladiator-human.webp; no size in data — man-sized assumed; placeholder library icon today — this is the real art gap"
"gladiator-mul.webp","Gladiator, Mul","npc","Medium","circular portrait","Upright person, an unarmed brawler, tough leathery hide","P1","C:/Projects/FoundryVTT/DakksUltimateTokens/art/npcs/gladiator-mul.webp; no size in data — man-sized assumed; placeholder library icon today — this is the real art gap"
"guard-half-giant.webp","Guard, Half-Giant","npc","Medium","circular portrait","Upright person, armed with an obsidian sword, tough leathery hide","P1","C:/Projects/FoundryVTT/DakksUltimateTokens/art/npcs/guard-half-giant.webp; no size in data — man-sized assumed; placeholder library icon today — this is the real art gap"
"guard-human.webp","Guard, Human","npc","Medium","circular portrait","Upright person, armed with a bone spear, tough leathery hide","P1","C:/Projects/FoundryVTT/DakksUltimateTokens/art/npcs/guard-human.webp; no size in data — man-sized assumed; placeholder library icon today — this is the real art gap"
"guard-officer.webp","Guard Officer","npc","Medium","circular portrait","Upright person, armed with a metal dagger, hard scaled or chitinous shell","P1","C:/Projects/FoundryVTT/DakksUltimateTokens/art/npcs/guard-officer.webp; no size in data — man-sized assumed; placeholder library icon today — this is the real art gap"
"half-giant-soldier.webp","Half-Giant Soldier (Press Gang)","npc","Medium","circular portrait","Upright person, armed with an obsidian sword, in strapped kank armor","P1","C:/Projects/FoundryVTT/DakksUltimateTokens/art/npcs/half-giant-soldier.webp; no size in data — man-sized assumed; placeholder library icon today — this is the real art gap"
"hamash.webp","Hamash","npc","Medium","circular portrait","Upright person, armed with a club","P1","C:/Projects/FoundryVTT/DakksUltimateTokens/art/npcs/hamash.webp; no size in data — man-sized assumed; placeholder library icon today — this is the real art gap"
"kanla.webp","Kanla","npc","Medium","circular portrait","Upright person, an unarmed brawler","P1","C:/Projects/FoundryVTT/DakksUltimateTokens/art/npcs/kanla.webp; no size in data — man-sized assumed; placeholder library icon today — this is the real art gap"
"lissan.webp","Lissan","npc","Medium","circular portrait","Upright person, armed with a quarterstaff","P1","C:/Projects/FoundryVTT/DakksUltimateTokens/art/npcs/lissan.webp; no size in data — man-sized assumed; placeholder library icon today — this is the real art gap"
"luirgand.webp","Luirgand","npc","Medium","circular portrait","Upright person, armed with a bone dagger","P1","C:/Projects/FoundryVTT/DakksUltimateTokens/art/npcs/luirgand.webp; no size in data — man-sized assumed; placeholder library icon today — this is the real art gap"
"mahlanda.webp","Mahlanda","npc","Medium","circular portrait","Upright person, armed with a staff","P1","C:/Projects/FoundryVTT/DakksUltimateTokens/art/npcs/mahlanda.webp; no size in data — man-sized assumed; placeholder library icon today — this is the real art gap"
"mul-gang-leader.webp","Mul Gang Leader","npc","Medium","circular portrait","Upright person, an unarmed brawler","P1","C:/Projects/FoundryVTT/DakksUltimateTokens/art/npcs/mul-gang-leader.webp; no size in data — man-sized assumed; placeholder library icon today — this is the real art gap; CHECK: attack count disagrees — ""No. of Attacks"" says 1, damage lists 2"
"mul-overseer.webp","Mul Overseer","npc","Medium","circular portrait","Upright person, armed with a whip","P1","C:/Projects/FoundryVTT/DakksUltimateTokens/art/npcs/mul-overseer.webp; placeholder library icon today — this is the real art gap"
"nandlex.webp","Nandlex","npc","Medium","circular portrait","Upright person, armed with a bone dagger, in strapped leather armor","P1","C:/Projects/FoundryVTT/DakksUltimateTokens/art/npcs/nandlex.webp; placeholder library icon today — this is the real art gap"
"noble-minor.webp","Noble, Minor","npc","Medium","circular portrait","Upright person, armed with a metal dagger","P1","C:/Projects/FoundryVTT/DakksUltimateTokens/art/npcs/noble-minor.webp; no size in data — man-sized assumed; placeholder library icon today — this is the real art gap"
"orman-of-the-waste.webp","Orman of the Waste","npc","Medium","circular portrait","Upright person, armed with carried weapons","P1","C:/Projects/FoundryVTT/DakksUltimateTokens/art/npcs/orman-of-the-waste.webp; no size in data — man-sized assumed; placeholder library icon today — this is the real art gap"
"overseer-dwarf.webp","Overseer, Dwarf","npc","Medium","circular portrait","Upright person, armed with a whip","P1","C:/Projects/FoundryVTT/DakksUltimateTokens/art/npcs/overseer-dwarf.webp; no size in data — man-sized assumed; placeholder library icon today — this is the real art gap"
"overseer-human.webp","Overseer, Human","npc","Medium","circular portrait","Upright person, an unarmed brawler","P1","C:/Projects/FoundryVTT/DakksUltimateTokens/art/npcs/overseer-human.webp; no size in data — man-sized assumed; placeholder library icon today — this is the real art gap"
"prithen.webp","Prithen","npc","Medium","circular portrait","Upright person, armed with a bone dagger, in strapped leather armor","P1","C:/Projects/FoundryVTT/DakksUltimateTokens/art/npcs/prithen.webp; placeholder library icon today — this is the real art gap"
"slave-dwarf.webp","Slave, Dwarf","npc","Medium","circular portrait","Upright person, a heavy fist","P1","C:/Projects/FoundryVTT/DakksUltimateTokens/art/npcs/slave-dwarf.webp; no size in data — man-sized assumed; placeholder library icon today — this is the real art gap"
"slave-elf.webp","Slave, Elf","npc","Medium","circular portrait","Upright person, armed with a bone dagger","P1","C:/Projects/FoundryVTT/DakksUltimateTokens/art/npcs/slave-elf.webp; no size in data — man-sized assumed; placeholder library icon today — this is the real art gap"
"slave-gith.webp","Slave, Gith","npc","Medium","circular portrait","Upright person, an unarmed brawler","P1","C:/Projects/FoundryVTT/DakksUltimateTokens/art/npcs/slave-gith.webp; no size in data — man-sized assumed; placeholder library icon today — this is the real art gap"
"slave-human.webp","Slave, Human","npc","Medium","circular portrait","Upright person, a heavy fist","P1","C:/Projects/FoundryVTT/DakksUltimateTokens/art/npcs/slave-human.webp; no size in data — man-sized assumed; placeholder library icon today — this is the real art gap"
"slave-mul.webp","Slave, Mul","npc","Medium","circular portrait","Upright person, an unarmed brawler","P1","C:/Projects/FoundryVTT/DakksUltimateTokens/art/npcs/slave-mul.webp; no size in data — man-sized assumed; placeholder library icon today — this is the real art gap; CHECK: attack count disagrees — ""No. of Attacks"" says 1, damage lists 2"
"tembo.webp","Tembo","monster","Medium","top-down","Man-sized, two clawed limbs plus heavy biting jaws, hard scaled or chitinous shell","P1","C:/Projects/FoundryVTT/DakksUltimateTokens/art/npcs/tembo.webp; placeholder library icon today — this is the real art gap; CHECK: attack count disagrees — ""No. of Attacks"" says 5, damage lists 3"
"templar-mid-level.webp","Templar, Mid-Level","npc","Medium","circular portrait","Upright person, armed with a metal dagger, hard scaled or chitinous shell","P1","C:/Projects/FoundryVTT/DakksUltimateTokens/art/npcs/templar-mid-level.webp; no size in data — man-sized assumed; placeholder library icon today — this is the real art gap"
"templar-minor.webp","Templar, Minor","npc","Medium","circular portrait","Upright person, armed with a stone club","P1","C:/Projects/FoundryVTT/DakksUltimateTokens/art/npcs/templar-minor.webp; no size in data — man-sized assumed; placeholder library icon today — this is the real art gap"
"thug.webp","Thug","npc","Medium","circular portrait","Upright person, a heavy fist","P1","C:/Projects/FoundryVTT/DakksUltimateTokens/art/npcs/thug.webp; no size in data — man-sized assumed; placeholder library icon today — this is the real art gap"
"torban.webp","Torban","npc","Medium","circular portrait","Upright person, armed with a copper club, in strapped kank armor","P1","C:/Projects/FoundryVTT/DakksUltimateTokens/art/npcs/torban.webp; no size in data — man-sized assumed; placeholder library icon today — this is the real art gap"
"urrgos.webp","Urrgos","npc","Large","circular portrait","Upright large person (11 ft), an unarmed brawler","P1","C:/Projects/FoundryVTT/DakksUltimateTokens/art/npcs/urrgos.webp; placeholder library icon today — this is the real art gap; CHECK: attack count disagrees — ""No. of Attacks"" says 1, damage lists 2"
"dwarf.webp","Dwarf","npc","Medium","circular portrait","Upright person (4 ft tall), armed with carried weapons, wearing strapped armour","P2","C:/Projects/FoundryVTT/DakksUltimateTokens/art/races/dwarf.webp; also drop a copy at C:/Projects/FoundryVTT/DakksUltimateTokens/art/creatures/dwarf.webp — the 'creatures' pack resolves art from its own directory; playable race; one file serves race.dwarf (races) + npc.dwarf (creatures); placeholder library icon today — this is the real art gap"
"elf.webp","Elf","npc","Medium","circular portrait","Upright person (5 ft tall), armed with carried weapons, wearing strapped armour","P2","C:/Projects/FoundryVTT/DakksUltimateTokens/art/races/elf.webp; also drop a copy at C:/Projects/FoundryVTT/DakksUltimateTokens/art/creatures/elf.webp — the 'creatures' pack resolves art from its own directory; playable race; one file serves race.elf (races) + npc.elf (creatures); placeholder library icon today — this is the real art gap"
"gnome.webp","Gnome","npc","Small","circular portrait","Upright small person (3 ft tall), armed with carried weapons, wearing strapped armour","P2","C:/Projects/FoundryVTT/DakksUltimateTokens/art/races/gnome.webp; also drop a copy at C:/Projects/FoundryVTT/DakksUltimateTokens/art/creatures/gnome.webp — the 'creatures' pack resolves art from its own directory; playable race; one file serves race.gnome (races) + npc.gnome (creatures); placeholder library icon today — this is the real art gap"
"half-elf.webp","Half-Elf","npc","Medium","circular portrait","Upright person (5 ft tall), armed with carried weapons, wearing strapped armour","P2","C:/Projects/FoundryVTT/DakksUltimateTokens/art/races/half-elf.webp; also drop a copy at C:/Projects/FoundryVTT/DakksUltimateTokens/art/creatures/half-elf.webp — the 'creatures' pack resolves art from its own directory; playable race; one file serves race.half-elf (races) + npc.half-elf (creatures); placeholder library icon today — this is the real art gap"
"halfling.webp","Halfling","npc","Small","circular portrait","Upright small person (3 ft tall), armed with carried weapons, wearing strapped armour","P2","C:/Projects/FoundryVTT/DakksUltimateTokens/art/races/halfling.webp; also drop a copy at C:/Projects/FoundryVTT/DakksUltimateTokens/art/creatures/halfling.webp — the 'creatures' pack resolves art from its own directory; playable race; one file serves race.halfling (races) + npc.halfling (creatures); placeholder library icon today — this is the real art gap"
"human.webp","Human","npc","Medium","circular portrait","Upright person (6 ft tall), armed with carried weapons, wearing strapped armour","P2","C:/Projects/FoundryVTT/DakksUltimateTokens/art/races/human.webp; also drop a copy at C:/Projects/FoundryVTT/DakksUltimateTokens/art/creatures/human.webp — the 'creatures' pack resolves art from its own directory; playable race; one file serves race.human (races) + npc.human (creatures); placeholder library icon today — this is the real art gap"
"athasian-dwarf.webp","Dwarf (Athasian)","npc","Medium","circular portrait","Upright person (4 ft 2 in tall), armed with carried weapons","P2","C:/Projects/FoundryVTT/DakksUltimateTokens/art/races/athasian-dwarf.webp; playable race; placeholder library icon today — this is the real art gap"
"athasian-elf.webp","Elf (Athasian)","npc","Medium","circular portrait","Upright person (6 ft 6 in tall), armed with carried weapons","P2","C:/Projects/FoundryVTT/DakksUltimateTokens/art/races/athasian-elf.webp; playable race; placeholder library icon today — this is the real art gap"
"athasian-half-elf.webp","Half-Elf (Athasian)","npc","Medium","circular portrait","Upright person (5 ft 10 in tall), armed with carried weapons","P2","C:/Projects/FoundryVTT/DakksUltimateTokens/art/races/athasian-half-elf.webp; playable race; placeholder library icon today — this is the real art gap"
"athasian-halfling.webp","Halfling (Athasian)","npc","Small","circular portrait","Upright small person (3 ft tall), armed with carried weapons","P2","C:/Projects/FoundryVTT/DakksUltimateTokens/art/races/athasian-halfling.webp; playable race; placeholder library icon today — this is the real art gap"
"athasian-human.webp","Human (Athasian)","npc","Medium","circular portrait","Upright person (5 ft tall), armed with carried weapons","P2","C:/Projects/FoundryVTT/DakksUltimateTokens/art/races/athasian-human.webp; playable race; placeholder library icon today — this is the real art gap"
"aerial-servant.webp","Aerial Servant","monster","Large","top-down","Large (8 ft tall), massively built, one dominant natural weapon, likely a maw big enough to take a person whole, heavy bony or chitinous plating, a flier, long grasping appendages","P2","C:/Projects/FoundryVTT/DakksUltimateTokens/art/creatures/aerial-servant.webp; placeholder library icon today — this is the real art gap"
"air-elemental.webp","Air Elemental","monster","Huge","top-down","Huge (8 to 16 ft tall), the whole body as a battering mass, with no limb doing the striking, heavy bony or chitinous plating, a flier","P2","C:/Projects/FoundryVTT/DakksUltimateTokens/art/creatures/air-elemental.webp; placeholder library icon today — this is the real art gap"
"basilisk.webp","Basilisk","monster","Medium","top-down","Man-sized (7 ft long), a biting head, hard scaled or chitinous shell","P2","C:/Projects/FoundryVTT/DakksUltimateTokens/art/creatures/basilisk.webp; placeholder library icon today — this is the real art gap"
"behir.webp","Behir","monster","Gargantuan","top-down","Colossal (40 ft long), massively built, a biting head and a long constricting body, hard scaled or chitinous shell, visible venom apparatus","P2","C:/Projects/FoundryVTT/DakksUltimateTokens/art/creatures/behir.webp; placeholder library icon today — this is the real art gap"
"black-pudding.webp","Black Pudding","monster","Large","top-down","Large (3 to 8 ft), massively built, a bare touch — no weapon and no limb, the contact itself is the attack, tough leathery hide","P2","C:/Projects/FoundryVTT/DakksUltimateTokens/art/creatures/black-pudding.webp; placeholder library icon today — this is the real art gap"
"brown-pudding.webp","Brown Pudding","monster","Large","top-down","Large (3 to 8 ft), massively built, a bare touch — no weapon and no limb, the contact itself is the attack, hard scaled or chitinous shell","P2","C:/Projects/FoundryVTT/DakksUltimateTokens/art/creatures/brown-pudding.webp; placeholder library icon today — this is the real art gap"
"brownie.webp","Brownie","monster","Tiny","top-down","Tiny (1 ft tall), armed with carried weapons, heavy bony or chitinous plating, carrying crafted gear","P2","C:/Projects/FoundryVTT/DakksUltimateTokens/art/creatures/brownie.webp; placeholder library icon today — this is the real art gap"
"centaur.webp","Centaur","monster","Large","top-down","Large, two hard hooves, wearing strapped armour, long running legs, muted olive-and-bark colouring","P2","C:/Projects/FoundryVTT/DakksUltimateTokens/art/creatures/centaur.webp; placeholder library icon today — this is the real art gap"
"clay-golem.webp","Clay Golem","monster","Large","top-down","Large (8 ft tall), massively built, a heavy slamming limb, tough leathery hide","P2","C:/Projects/FoundryVTT/DakksUltimateTokens/art/creatures/clay-golem.webp; placeholder library icon today — this is the real art gap"
"cockatrice.webp","Cockatrice","monster","Small","top-down","Small (3 ft tall), a hard hooked beak, tough leathery hide, a flier","P2","C:/Projects/FoundryVTT/DakksUltimateTokens/art/creatures/cockatrice.webp; placeholder library icon today — this is the real art gap"
"corpse-ravager.webp","Corpse Ravager","monster","Large","top-down","Large (9 ft long), eight long muscular tentacles and a biting head, heavy bony or chitinous plating, visible venom apparatus, pale and near-eyeless","P2","C:/Projects/FoundryVTT/DakksUltimateTokens/art/creatures/corpse-ravager.webp; placeholder library icon today — this is the real art gap"
"couatl.webp","Couatl","monster","Large","top-down","Large (12 ft long), a clawed limb plus a wide fanged maw, hard scaled or chitinous shell, a flier, visible venom apparatus, muted olive-and-bark colouring","P2","C:/Projects/FoundryVTT/DakksUltimateTokens/art/creatures/couatl.webp; placeholder library icon today — this is the real art gap"
"djinni.webp","Djinni","monster","Large","top-down","Large (8 to 10 ft tall), a heavy slamming limb, hard scaled or chitinous shell, a flier, carrying crafted gear","P2","C:/Projects/FoundryVTT/DakksUltimateTokens/art/creatures/djinni.webp; placeholder library icon today — this is the real art gap"
"dretch.webp","Dretch","monster","Small","top-down","Small (4 ft tall), two clawed limbs and a biting head, hard scaled or chitinous shell","P2","C:/Projects/FoundryVTT/DakksUltimateTokens/art/creatures/dretch.webp; placeholder library icon today — this is the real art gap"
"dryad.webp","Dryad","monster","Medium","top-down","Man-sized (5 ft tall), armed with carried weapons, carrying crafted gear, muted olive-and-bark colouring","P2","C:/Projects/FoundryVTT/DakksUltimateTokens/art/creatures/dryad.webp; placeholder library icon today — this is the real art gap"
"earth-elemental.webp","Earth Elemental","monster","Huge","top-down","Huge (8 to 16 ft tall), a heavy slamming limb, heavy bony or chitinous plating","P2","C:/Projects/FoundryVTT/DakksUltimateTokens/art/creatures/earth-elemental.webp; placeholder library icon today — this is the real art gap"
"efreeti.webp","Efreeti","monster","Large","top-down","Large (12 ft tall), massively built, a heavy slamming limb, heavy bony or chitinous plating, a flier, carrying crafted gear","P2","C:/Projects/FoundryVTT/DakksUltimateTokens/art/creatures/efreeti.webp; placeholder library icon today — this is the real art gap"
"ettin.webp","Ettin","monster","Huge","top-down","Huge (13 ft tall), massively built, armed with carried weapons, heavy bony or chitinous plating, dust-grey rock colouring","P2","C:/Projects/FoundryVTT/DakksUltimateTokens/art/creatures/ettin.webp; placeholder library icon today — this is the real art gap"
"flesh-golem.webp","Flesh Golem","monster","Large","top-down","Large (7 ft or more tall), two heavy slamming limbs","P2","C:/Projects/FoundryVTT/DakksUltimateTokens/art/creatures/flesh-golem.webp; placeholder library icon today — this is the real art gap"
"gazer.webp","Gazer","monster","Medium","top-down","Man-sized (5 ft), a biting head, sheathed in fused armour plating, a flier, oversized dominant eyes","P2","C:/Projects/FoundryVTT/DakksUltimateTokens/art/creatures/gazer.webp; placeholder library icon today — this is the real art gap"
"ghast.webp","Ghast","monster","Medium","top-down","Man-sized (5 to 6 ft tall), two clawed limbs and a biting head, hard scaled or chitinous shell, visible venom apparatus","P2","C:/Projects/FoundryVTT/DakksUltimateTokens/art/creatures/ghast.webp; placeholder library icon today — this is the real art gap"
"ghoul.webp","Ghoul","monster","Medium","top-down","Man-sized (5 to 6 ft tall), two clawed limbs and a biting head, tough leathery hide, visible venom apparatus","P2","C:/Projects/FoundryVTT/DakksUltimateTokens/art/creatures/ghoul.webp; placeholder library icon today — this is the real art gap"
"gorgimera.webp","Gorgimera","monster","Large","top-down","Large (5 ft tall), massively built, two clawed limbs, two biting heads and a goring horn, heavy bony or chitinous plating, a flier, distended throat or vent","P2","C:/Projects/FoundryVTT/DakksUltimateTokens/art/creatures/gorgimera.webp; placeholder library icon today — this is the real art gap"
"griffon.webp","Griffon","monster","Large","top-down","Large (9 ft long), two clawed limbs and a biting head, heavy bony or chitinous plating, a flier, dust-grey rock colouring","P2","C:/Projects/FoundryVTT/DakksUltimateTokens/art/creatures/griffon.webp; placeholder library icon today — this is the real art gap"
"harpy.webp","Harpy","monster","Medium","top-down","Man-sized (6 ft tall), two taloned limbs, tough leathery hide, a flier","P2","C:/Projects/FoundryVTT/DakksUltimateTokens/art/creatures/harpy.webp; placeholder library icon today — this is the real art gap"
"invisible-stalker.webp","Invisible Stalker","monster","Large","top-down","Large (8 ft tall), one dominant natural weapon, likely a maw big enough to take a person whole, heavy bony or chitinous plating, a flier, ground-matching patterning","P2","C:/Projects/FoundryVTT/DakksUltimateTokens/art/creatures/invisible-stalker.webp; placeholder library icon today — this is the real art gap"
"juju-zombie.webp","Juju Zombie","monster","Medium","top-down","Man-sized (6 ft tall), a heavy slamming limb, tough leathery hide","P2","C:/Projects/FoundryVTT/DakksUltimateTokens/art/creatures/juju-zombie.webp; placeholder library icon today — this is the real art gap"
"kobold.webp","Kobold","monster","Small","top-down","Small (3 ft tall), armed with carried weapons, wearing strapped armour, carrying crafted gear","P2","C:/Projects/FoundryVTT/DakksUltimateTokens/art/creatures/kobold.webp; placeholder library icon today — this is the real art gap"
"leprechaun.webp","Leprechaun","monster","Tiny","top-down","Tiny (1 ft tall), ground-matching patterning, dull straw-and-dust colouring","P2","C:/Projects/FoundryVTT/DakksUltimateTokens/art/creatures/leprechaun.webp; placeholder library icon today — this is the real art gap"
"lich.webp","Lich","monster","Medium","top-down","Man-sized (6 ft tall), massively built, a bare touch — no weapon and no limb, the contact itself is the attack, sheathed in fused armour plating, visible venom apparatus","P2","C:/Projects/FoundryVTT/DakksUltimateTokens/art/creatures/lich.webp; placeholder library icon today — this is the real art gap"
"manticore.webp","Manticore","monster","Huge","top-down","Huge (15 ft long), two clawed limbs and a biting head, hard scaled or chitinous shell, a flier","P2","C:/Projects/FoundryVTT/DakksUltimateTokens/art/creatures/manticore.webp; placeholder library icon today — this is the real art gap"
"marilith.webp","Marilith","monster","Large","top-down","Large (7 ft tall), massively built, a long heavy tail used as a weapon, sheathed in fused armour plating, carrying crafted gear, long grasping appendages","P2","C:/Projects/FoundryVTT/DakksUltimateTokens/art/creatures/marilith.webp; placeholder library icon today — this is the real art gap"
"medusa.webp","Medusa","monster","Medium","top-down","Man-sized (6 to 7 ft tall), armed with hand weapons, hard scaled or chitinous shell, carrying crafted gear, visible venom apparatus","P2","C:/Projects/FoundryVTT/DakksUltimateTokens/art/creatures/medusa.webp; placeholder library icon today — this is the real art gap"
"mongrelman.webp","Mongrelman","monster","Medium","top-down","Man-sized (5 to 7 ft tall), armed with carried weapons, hard scaled or chitinous shell, ground-matching patterning","P2","C:/Projects/FoundryVTT/DakksUltimateTokens/art/creatures/mongrelman.webp; placeholder library icon today — this is the real art gap"
"mudman.webp","Mudman","monster","Small","top-down","Small (4 ft tall), squat and slow","P2","C:/Projects/FoundryVTT/DakksUltimateTokens/art/creatures/mudman.webp; placeholder library icon today — this is the real art gap; CHECK: damage unparsed ('See below')"
"mummy.webp","Mummy","monster","Medium","top-down","Man-sized (6 ft tall), a heavy slamming limb, heavy bony or chitinous plating","P2","C:/Projects/FoundryVTT/DakksUltimateTokens/art/creatures/mummy.webp; placeholder library icon today — this is the real art gap"
"night-hag.webp","Night Hag","monster","Medium","top-down","Man-sized (5 ft tall), a biting head, sheathed in fused armour plating","P2","C:/Projects/FoundryVTT/DakksUltimateTokens/art/creatures/night-hag.webp; placeholder library icon today — this is the real art gap"
"nixie.webp","Nixie","monster","Small","top-down","Small (4 ft tall), armed with carried weapons, tough leathery hide, a swimmer, carrying crafted gear","P2","C:/Projects/FoundryVTT/DakksUltimateTokens/art/creatures/nixie.webp; placeholder library icon today — this is the real art gap"
"nymph.webp","Nymph","monster","Medium","top-down","No printed statistics to derive from — decide the look yourself or skip","P2","C:/Projects/FoundryVTT/DakksUltimateTokens/art/creatures/nymph.webp; placeholder library icon today — this is the real art gap"
"otyugh.webp","Otyugh","monster","Large","top-down","Large (6 to 7 ft), two long muscular tentacles and a biting head, heavy bony or chitinous plating, pale and near-eyeless","P2","C:/Projects/FoundryVTT/DakksUltimateTokens/art/creatures/otyugh.webp; placeholder library icon today — this is the real art gap"
"owlbear.webp","Owlbear","monster","Large","top-down","Large (8 ft tall), two clawed limbs and a biting head, hard scaled or chitinous shell, muted olive-and-bark colouring","P2","C:/Projects/FoundryVTT/DakksUltimateTokens/art/creatures/owlbear.webp; placeholder library icon today — this is the real art gap"
"phase-spider.webp","Phase Spider","monster","Huge","top-down","Huge (14 ft long), a biting head, tough leathery hide, visible venom apparatus","P2","C:/Projects/FoundryVTT/DakksUltimateTokens/art/creatures/phase-spider.webp; placeholder library icon today — this is the real art gap"
"pit-fiend.webp","Pit Fiend","monster","Large","top-down","Large (12 ft tall), massively built, four heavy clawed forelimbs plus a biting head, sheathed in fused armour plating, a flier, carrying crafted gear, visible venom apparatus","P2","C:/Projects/FoundryVTT/DakksUltimateTokens/art/creatures/pit-fiend.webp; placeholder library icon today — this is the real art gap"
"pixie.webp","Pixie","monster","Tiny","top-down","Tiny (1 ft tall), armed with carried weapons, hard scaled or chitinous shell, a flier, carrying crafted gear, ground-matching patterning, muted olive-and-bark colouring","P2","C:/Projects/FoundryVTT/DakksUltimateTokens/art/creatures/pixie.webp; placeholder library icon today — this is the real art gap"
"rakshasa.webp","Rakshasa","monster","Medium","top-down","Man-sized (6 ft tall), two clawed limbs and a biting head, sheathed in fused armour plating, muted olive-and-bark colouring","P2","C:/Projects/FoundryVTT/DakksUltimateTokens/art/creatures/rakshasa.webp; placeholder library icon today — this is the real art gap"
"remorhaz.webp","Remorhaz","monster","Huge","top-down","Huge (21 ft long), a biting head, sheathed in fused armour plating","P2","C:/Projects/FoundryVTT/DakksUltimateTokens/art/creatures/remorhaz.webp; placeholder library icon today — this is the real art gap"
"salamander.webp","Salamander","monster","Medium","top-down","Man-sized (7 ft long), a long heavy tail used as a weapon, hard scaled or chitinous shell, carrying crafted gear","P2","C:/Projects/FoundryVTT/DakksUltimateTokens/art/creatures/salamander.webp; placeholder library icon today — this is the real art gap"
"satyr.webp","Satyr","monster","Medium","top-down","Man-sized (5 ft tall), a forward-pointing horn, hard scaled or chitinous shell, long running legs, carrying crafted gear, muted olive-and-bark colouring","P2","C:/Projects/FoundryVTT/DakksUltimateTokens/art/creatures/satyr.webp; placeholder library icon today — this is the real art gap"
"shadow.webp","Shadow","monster","Medium","top-down","Man-sized (6 ft tall), a bare touch — no weapon and no limb, the contact itself is the attack, tough leathery hide","P2","C:/Projects/FoundryVTT/DakksUltimateTokens/art/creatures/shadow.webp; placeholder library icon today — this is the real art gap"
"skeleton.webp","Skeleton","monster","Medium","top-down","Man-sized (6 ft tall), armed with carried weapons, tough leathery hide","P2","C:/Projects/FoundryVTT/DakksUltimateTokens/art/creatures/skeleton.webp; placeholder library icon today — this is the real art gap"
"specter.webp","Specter","monster","Medium","top-down","Man-sized (6 ft tall), a bare touch — no weapon and no limb, the contact itself is the attack, heavy bony or chitinous plating, a flier","P2","C:/Projects/FoundryVTT/DakksUltimateTokens/art/creatures/specter.webp; placeholder library icon today — this is the real art gap"
"spigazu.webp","Spigazu","monster","Small","top-down","Small (3 ft tall), two clawed limbs, hard scaled or chitinous shell, a flier, carrying crafted gear","P2","C:/Projects/FoundryVTT/DakksUltimateTokens/art/creatures/spigazu.webp; placeholder library icon today — this is the real art gap"
"sprite.webp","Sprite","monster","Tiny","top-down","Tiny (1 ft tall), armed with carried weapons, tough leathery hide, a flier, carrying crafted gear, ground-matching patterning, muted olive-and-bark colouring","P2","C:/Projects/FoundryVTT/DakksUltimateTokens/art/creatures/sprite.webp; placeholder library icon today — this is the real art gap"
"tarrasque.webp","Tarrasque","monster","Gargantuan","top-down","Colossal (50 ft long), massively built, two clawed limbs, two forward-pointing horns, a biting head and a long heavy tail used as a weapon, sheathed in fused armour plating","P2","C:/Projects/FoundryVTT/DakksUltimateTokens/art/creatures/tarrasque.webp; placeholder library icon today — this is the real art gap"
"titan.webp","Titan","monster","Gargantuan","top-down","Colossal (25 ft tall), massively built, armed with carried weapons, sheathed in fused armour plating, long running legs, carrying crafted gear","P2","C:/Projects/FoundryVTT/DakksUltimateTokens/art/creatures/titan.webp; placeholder library icon today — this is the real art gap"
"treant.webp","Treant","monster","Huge","top-down","Huge (13 to 18 ft tall), two identical massive taloned limbs, sheathed in fused armour plating, muted olive-and-bark colouring","P2","C:/Projects/FoundryVTT/DakksUltimateTokens/art/creatures/treant.webp; placeholder library icon today — this is the real art gap"
"triton.webp","Triton","monster","Medium","top-down","Man-sized (7 ft tall), armed with carried weapons, hard scaled or chitinous shell, a swimmer, carrying crafted gear","P2","C:/Projects/FoundryVTT/DakksUltimateTokens/art/creatures/triton.webp; placeholder library icon today — this is the real art gap"
"tunnel-lurk.webp","Tunnel Lurk","monster","Large","top-down","Large (8 ft tall), two clawed limbs and a biting head, heavy bony or chitinous plating, a burrower, oversized dominant eyes","P2","C:/Projects/FoundryVTT/DakksUltimateTokens/art/creatures/tunnel-lurk.webp; placeholder library icon today — this is the real art gap"
"unicorn.webp","Unicorn","monster","Large","top-down","Large (8 ft long), two hard hooves and a forward-pointing horn, heavy bony or chitinous plating, long running legs, reinforced ramming front, muted olive-and-bark colouring","P2","C:/Projects/FoundryVTT/DakksUltimateTokens/art/creatures/unicorn.webp; placeholder library icon today — this is the real art gap"
"vampire.webp","Vampire","monster","Medium","top-down","Man-sized (5 to 6 ft tall), a bare touch — no weapon and no limb, the contact itself is the attack, heavy bony or chitinous plating, a flier, carrying crafted gear","P2","C:/Projects/FoundryVTT/DakksUltimateTokens/art/creatures/vampire.webp; placeholder library icon today — this is the real art gap"
"water-serpent.webp","Water Serpent","monster","Large","top-down","Large (10 ft long), hard scaled or chitinous shell, a swimmer","P2","C:/Projects/FoundryVTT/DakksUltimateTokens/art/creatures/water-serpent.webp; placeholder library icon today — this is the real art gap"
"werebear.webp","Werebear","monster","Large","top-down","Large (6 to 9 ft tall), armed with carried weapons, heavy bony or chitinous plating, carrying crafted gear","P2","C:/Projects/FoundryVTT/DakksUltimateTokens/art/creatures/werebear.webp; placeholder library icon today — this is the real art gap"
"wereboar.webp","Wereboar","monster","Medium","top-down","Man-sized (5 to 6 ft tall), a goring horn, hard scaled or chitinous shell, carrying crafted gear","P2","C:/Projects/FoundryVTT/DakksUltimateTokens/art/creatures/wereboar.webp; placeholder library icon today — this is the real art gap"
"wight.webp","Wight","monster","Medium","top-down","Man-sized (4 to 7 ft tall), a biting head, hard scaled or chitinous shell","P2","C:/Projects/FoundryVTT/DakksUltimateTokens/art/creatures/wight.webp; placeholder library icon today — this is the real art gap"
"will-o-wisp.webp","Will O’ Wisp","monster","Small","top-down","Small (2 to 4 ft), one dominant natural weapon, likely heavy biting jaws, sheathed in fused armour plating, a flier","P2","C:/Projects/FoundryVTT/DakksUltimateTokens/art/creatures/will-o-wisp.webp; placeholder library icon today — this is the real art gap"
"winter-wolf.webp","Winter Wolf","monster","Large","top-down","Large (7 to 12 ft long), a biting head, hard scaled or chitinous shell, long running legs, distended throat or vent","P2","C:/Projects/FoundryVTT/DakksUltimateTokens/art/creatures/winter-wolf.webp; placeholder library icon today — this is the real art gap"
"wolfwere.webp","Wolfwere","monster","Medium","top-down","Man-sized (4 to 7 ft tall), a biting head, heavy bony or chitinous plating, carrying crafted gear, muted olive-and-bark colouring","P2","C:/Projects/FoundryVTT/DakksUltimateTokens/art/creatures/wolfwere.webp; placeholder library icon today — this is the real art gap"
"worg.webp","Worg","monster","Medium","top-down","Man-sized (4 to 7 ft long), a biting head, tough leathery hide, long running legs, muted olive-and-bark colouring","P2","C:/Projects/FoundryVTT/DakksUltimateTokens/art/creatures/worg.webp; placeholder library icon today — this is the real art gap"
"wraith.webp","Wraith","monster","Medium","top-down","Man-sized (6 ft tall), a bare touch — no weapon and no limb, the contact itself is the attack, hard scaled or chitinous shell, a flier","P2","C:/Projects/FoundryVTT/DakksUltimateTokens/art/creatures/wraith.webp; placeholder library icon today — this is the real art gap"
"wyvern.webp","Wyvern","monster","Gargantuan","top-down","Colossal (35 ft long), a biting head and a segmented tail ending in a sting, heavy bony or chitinous plating, a flier, visible venom apparatus, dust-grey rock colouring","P2","C:/Projects/FoundryVTT/DakksUltimateTokens/art/creatures/wyvern.webp; placeholder library icon today — this is the real art gap"
"xorn.webp","Xorn","monster","Medium","top-down","Man-sized (5 ft tall), three clawed limbs and a biting head, sheathed in fused armour plating, a burrower, pale and near-eyeless","P2","C:/Projects/FoundryVTT/DakksUltimateTokens/art/creatures/xorn.webp; placeholder library icon today — this is the real art gap"
"yeti.webp","Yeti","monster","Large","top-down","Large (8 ft tall), two clawed limbs, tough leathery hide, carrying crafted gear, ground-matching patterning, dust-grey rock colouring","P2","C:/Projects/FoundryVTT/DakksUltimateTokens/art/creatures/yeti.webp; placeholder library icon today — this is the real art gap"
"zombie.webp","Zombie","monster","Medium","top-down","Man-sized (6 ft tall), a heavy slamming limb","P2","C:/Projects/FoundryVTT/DakksUltimateTokens/art/creatures/zombie.webp; placeholder library icon today — this is the real art gap"
"aarakocra-athasian.webp","Aarakocra, Athasian","npc","Medium","circular portrait","Upright person (20 ft or more across the wings), armed with hand weapons, tough leathery hide, a flier, sun-bleached sand colouring","P2","C:/Projects/FoundryVTT/DakksUltimateTokens/art/creatures/aarakocra-athasian.webp; same being as race 'aarakocra' — one image can serve both, saved under each filename; placeholder library icon today — this is the real art gap"
"antloid-desert-dynamis.webp","Antloid, Desert (Dynamis)","monster","Large","top-down","Large (10 ft), one dominant natural weapon, likely a wide fanged maw, tough leathery hide, sun-bleached sand colouring","P2","C:/Projects/FoundryVTT/DakksUltimateTokens/art/creatures/antloid-desert-dynamis.webp; placeholder library icon today — this is the real art gap"
"antloid-desert-queen.webp","Antloid, Desert (Queen)","monster","Huge","top-down","Huge (20 ft or more), squat and slow, sun-bleached sand colouring","P2","C:/Projects/FoundryVTT/DakksUltimateTokens/art/creatures/antloid-desert-queen.webp; placeholder library icon today — this is the real art gap"
"antloid-desert-soldier.webp","Antloid, Desert (Soldier)","monster","Large","top-down","Large (10 ft), one dominant natural weapon, likely a maw big enough to take a person whole, heavy bony or chitinous plating, long running legs, visible venom apparatus, sun-bleached sand colouring","P2","C:/Projects/FoundryVTT/DakksUltimateTokens/art/creatures/antloid-desert-soldier.webp; placeholder library icon today — this is the real art gap"
"antloid-desert-worker.webp","Antloid, Desert (Worker)","monster","Large","top-down","Large (63 ft), one dominant natural weapon, likely a maw big enough to take a person whole, tough leathery hide, sun-bleached sand colouring","P2","C:/Projects/FoundryVTT/DakksUltimateTokens/art/creatures/antloid-desert-worker.webp; placeholder library icon today — this is the real art gap"
"aprig.webp","Aprig","monster","Small","top-down","Small (2 to 3 ft), one dominant natural weapon, likely a small biting mouth, hard scaled or chitinous shell, muted olive-and-bark colouring","P2","C:/Projects/FoundryVTT/DakksUltimateTokens/art/creatures/aprig.webp; placeholder library icon today — this is the real art gap"
"aviarag.webp","Aviarag","monster","Large","top-down","Large (15 ft across the wings), two heavy clawed forelimbs plus a maw big enough to take an arm, hard scaled or chitinous shell, a flier","P2","C:/Projects/FoundryVTT/DakksUltimateTokens/art/creatures/aviarag.webp; placeholder library icon today — this is the real art gap"
"banshee-dwarf.webp","Banshee, Dwarf","monster","Medium","top-down","Man-sized (4 to 5 ft), a heavy fist, sheathed in fused armour plating, oversized dominant eyes","P2","C:/Projects/FoundryVTT/DakksUltimateTokens/art/creatures/banshee-dwarf.webp; placeholder library icon today — this is the real art gap"
"beetle-agony.webp","Beetle, Agony","monster","Tiny","top-down","Tiny (1 inch), one dominant natural weapon, likely a small biting mouth, tough leathery hide, a flier, coiled leaping hind legs","P2","C:/Projects/FoundryVTT/DakksUltimateTokens/art/creatures/beetle-agony.webp; placeholder library icon today — this is the real art gap"
"bloodgrass.webp","Bloodgrass","monster","Medium","top-down","Man-sized, grasping feeding tendrils, rooted in place, muted olive-and-bark colouring","P2","C:/Projects/FoundryVTT/DakksUltimateTokens/art/creatures/bloodgrass.webp; placeholder library icon today — this is the real art gap"
"blossomkiller.webp","Blossomkiller","monster","Huge","top-down","Huge (45 ft), grasping feeding tendrils, rooted in place, visible venom apparatus, muted olive-and-bark colouring","P2","C:/Projects/FoundryVTT/DakksUltimateTokens/art/creatures/blossomkiller.webp; placeholder library icon today — this is the real art gap"
"bog-wader.webp","Bog Wader","monster","Medium","top-down","Man-sized (5 to 7 ft), four small hooked claws plus a biting mouth set with teeth, hard scaled or chitinous shell, a swimmer, reinforced ramming front, dull straw-and-dust colouring","P2","C:/Projects/FoundryVTT/DakksUltimateTokens/art/creatures/bog-wader.webp; placeholder library icon today — this is the real art gap"
"brajeti.webp","Brajeti","monster","Large","top-down","Large (10 ft tall), massively built, one dominant natural weapon, likely a maw big enough to take a person whole, heavy bony or chitinous plating, a flier, sun-bleached sand colouring","P2","C:/Projects/FoundryVTT/DakksUltimateTokens/art/creatures/brajeti.webp; placeholder library icon today — this is the real art gap"
"brambleweed.webp","Brambleweed","monster","Gargantuan","top-down","Colossal (50 ft or more), grasping feeding tendrils, rooted in place","P2","C:/Projects/FoundryVTT/DakksUltimateTokens/art/creatures/brambleweed.webp; placeholder library icon today — this is the real art gap"
"brambleweed-tree.webp","Brambleweed, Tree","monster","Small","top-down","Small (2 to 7 ft), grasping feeding tendrils, hard scaled or chitinous shell, rooted in place","P2","C:/Projects/FoundryVTT/DakksUltimateTokens/art/creatures/brambleweed-tree.webp; placeholder library icon today — this is the real art gap; CHECK: attack count disagrees — ""No. of Attacks"" says 0, damage lists 1"
"brown-horror.webp","Brown Horror","monster","Huge","top-down","Huge (20 ft), eight identical appendages ranged around the body, tough leathery hide, squat and slow, long grasping appendages, caked in grey silt-dust","P2","C:/Projects/FoundryVTT/DakksUltimateTokens/art/creatures/brown-horror.webp; placeholder library icon today — this is the real art gap"
"burnflower.webp","Burnflower","monster","Gargantuan","top-down","Colossal (50 ft or more), rooted in place","P2","C:/Projects/FoundryVTT/DakksUltimateTokens/art/creatures/burnflower.webp; placeholder library icon today — this is the real art gap; CHECK: damage unparsed ('See below')"
"cactus-hunting.webp","Cactus, Hunting","monster","Small","top-down","Small (3 ft tall), ten identical appendages ranged around the body, tough leathery hide, visible venom apparatus","P2","C:/Projects/FoundryVTT/DakksUltimateTokens/art/creatures/cactus-hunting.webp; placeholder library icon today — this is the real art gap"
"cactus-rock.webp","Cactus, Rock","monster","Tiny","top-down","Tiny, two identical fine hooked claws, tough leathery hide, reinforced ramming front, muted olive-and-bark colouring","P2","C:/Projects/FoundryVTT/DakksUltimateTokens/art/creatures/cactus-rock.webp; placeholder library icon today — this is the real art gap; CHECK: movement given only as 'Special'"
"chathrang.webp","Cha’thrang","monster","Medium","top-down","Man-sized (6 ft long), two small hooked claws plus a wide fanged maw, sheathed in fused armour plating, squat and slow, sun-bleached sand colouring","P2","C:/Projects/FoundryVTT/DakksUltimateTokens/art/creatures/chathrang.webp; placeholder library icon today — this is the real art gap"
"cistern-fiend.webp","Cistern Fiend","monster","Gargantuan","top-down","Colossal (40 ft or more long), massively built, sheathed in fused armour plating","P2","C:/Projects/FoundryVTT/DakksUltimateTokens/art/creatures/cistern-fiend.webp; placeholder library icon today — this is the real art gap; CHECK: damage unparsed ('Special')"
"cloud-ray.webp","Cloud Ray","monster","Gargantuan","top-down","Colossal (100 ft or more), massively built, a long heavy tail used as a weapon, hard scaled or chitinous shell, a flier","P2","C:/Projects/FoundryVTT/DakksUltimateTokens/art/creatures/cloud-ray.webp; placeholder library icon today — this is the real art gap"
"critic.webp","Critic","monster","Tiny","top-down","Tiny (17 inches), one dominant natural weapon, likely a small biting mouth, hard scaled or chitinous shell","P2","C:/Projects/FoundryVTT/DakksUltimateTokens/art/creatures/critic.webp; placeholder library icon today — this is the real art gap"
"dew-fronds.webp","Dew Fronds","monster","Medium","top-down","Man-sized (3 to 15 ft), grasping feeding tendrils, rooted in place, muted olive-and-bark colouring","P2","C:/Projects/FoundryVTT/DakksUltimateTokens/art/creatures/dew-fronds.webp; placeholder library icon today — this is the real art gap"
"dhaot.webp","Dhaot","monster","Medium","top-down","Man-sized (6 ft tall), heavy bony or chitinous plating","P2","C:/Projects/FoundryVTT/DakksUltimateTokens/art/creatures/dhaot.webp; placeholder library icon today — this is the real art gap; CHECK: damage unparsed ('See below')"
"drake-air.webp","Drake, Air","monster","Gargantuan","top-down","Colossal (25 ft or more long), massively built, three immense crushing limbs plus a maw big enough to take a person whole, sheathed in fused armour plating, a flier, coiled leaping hind legs, dust-grey rock colouring","P2","C:/Projects/FoundryVTT/DakksUltimateTokens/art/creatures/drake-air.webp; placeholder library icon today — this is the real art gap"
"drake-earth.webp","Drake, Earth","monster","Gargantuan","top-down","Colossal (30 ft or more long), massively built, three immense crushing limbs plus a maw big enough to take a person whole, sheathed in fused armour plating","P2","C:/Projects/FoundryVTT/DakksUltimateTokens/art/creatures/drake-earth.webp; placeholder library icon today — this is the real art gap"
"drake-fire.webp","Drake, Fire","monster","Gargantuan","top-down","Colossal (25 ft or more long), massively built, three immense crushing limbs plus a maw big enough to take a person whole, sheathed in fused armour plating, coiled leaping hind legs","P2","C:/Projects/FoundryVTT/DakksUltimateTokens/art/creatures/drake-fire.webp; placeholder library icon today — this is the real art gap"
"drake-magma.webp","Drake, Magma","monster","Gargantuan","top-down","Colossal (60 ft long), massively built, three immense crushing limbs plus a maw big enough to take a person whole, sheathed in fused armour plating, a burrower, a swimmer, long running legs, long grasping appendages, scorched black and ember-red","P2","C:/Projects/FoundryVTT/DakksUltimateTokens/art/creatures/drake-magma.webp; placeholder library icon today — this is the real art gap"
"drake-rain.webp","Drake, Rain","monster","Gargantuan","top-down","Colossal (50 ft long), massively built, two identical immense crushing limbs, heavy bony or chitinous plating, a swimmer, muted olive-and-bark colouring","P2","C:/Projects/FoundryVTT/DakksUltimateTokens/art/creatures/drake-rain.webp; placeholder library icon today — this is the real art gap; CHECK: attack count disagrees — ""No. of Attacks"" says 3, damage lists 2"
"drake-silt.webp","Drake, Silt","monster","Gargantuan","top-down","Colossal (70 ft long), massively built, an immense crushing limb plus a maw big enough to take a person whole, hard scaled or chitinous shell, swims through silt, long grasping appendages, caked in grey silt-dust","P2","C:/Projects/FoundryVTT/DakksUltimateTokens/art/creatures/drake-silt.webp; placeholder library icon today — this is the real art gap"
"drake-sun.webp","Drake, Sun","monster","Gargantuan","top-down","Colossal (80 ft across the wings), massively built, five immense crushing limbs plus a maw big enough to take a person whole, sheathed in fused armour plating, a flier","P2","C:/Projects/FoundryVTT/DakksUltimateTokens/art/creatures/drake-sun.webp; placeholder library icon today — this is the real art gap"
"drake-water.webp","Drake, Water","monster","Huge","top-down","Huge (20 ft or more long), massively built, three immense crushing limbs plus a maw big enough to take a person whole, sheathed in fused armour plating, a swimmer","P2","C:/Projects/FoundryVTT/DakksUltimateTokens/art/creatures/drake-water.webp; placeholder library icon today — this is the real art gap"
"dray.webp","Dray","monster","Medium","top-down","Man-sized (7 ft tall), two clawed limbs plus heavy biting jaws, tough leathery hide, carrying crafted gear","P2","C:/Projects/FoundryVTT/DakksUltimateTokens/art/creatures/dray.webp; placeholder library icon today — this is the real art gap"
"dune-runner.webp","Dune Runner","monster","Medium","top-down","Man-sized (7 ft tall), long running legs","P2","C:/Projects/FoundryVTT/DakksUltimateTokens/art/creatures/dune-runner.webp; placeholder library icon today — this is the real art gap; CHECK: damage unparsed ('As in life')"
"dune-trapper.webp","Dune Trapper","monster","Gargantuan","top-down","Colossal (100 ft or more), massively built, rooted in place, bleached salt-white","P2","C:/Projects/FoundryVTT/DakksUltimateTokens/art/creatures/dune-trapper.webp; placeholder library icon today — this is the real art gap; CHECK: damage unparsed ('see below')"
"dwarf-athasian.webp","Dwarf, Athasian","monster","Small","top-down","Small (4 ft tall), armed with hand weapons, wearing strapped armour, carrying crafted gear","P2","C:/Projects/FoundryVTT/DakksUltimateTokens/art/creatures/dwarf-athasian.webp; placeholder library icon today — this is the real art gap"
"elemental-beast-air.webp","Elemental Beast, Air","monster","Large","top-down","Large (8 ft tall), one dominant natural weapon, likely a maw big enough to take an arm, heavy bony or chitinous plating, a flier","P2","C:/Projects/FoundryVTT/DakksUltimateTokens/art/creatures/elemental-beast-air.webp; placeholder library icon today — this is the real art gap"
"elemental-beast-earth.webp","Elemental Beast, Earth","monster","Large","top-down","Large (8 ft tall), a massive taloned limb plus a maw big enough to take a person whole, heavy bony or chitinous plating","P2","C:/Projects/FoundryVTT/DakksUltimateTokens/art/creatures/elemental-beast-earth.webp; placeholder library icon today — this is the real art gap"
"elemental-beast-fire.webp","Elemental Beast, Fire","monster","Large","top-down","Large (8 ft tall), two heavy clawed forelimbs plus a maw big enough to take an arm, heavy bony or chitinous plating, long running legs","P2","C:/Projects/FoundryVTT/DakksUltimateTokens/art/creatures/elemental-beast-fire.webp; placeholder library icon today — this is the real art gap"
"elemental-beast-water.webp","Elemental Beast, Water","monster","Small","top-down","Small (1 ft long), five identical small hooked claws, heavy bony or chitinous plating, a flier, a swimmer","P2","C:/Projects/FoundryVTT/DakksUltimateTokens/art/creatures/elemental-beast-water.webp; placeholder library icon today — this is the real art gap"
"elemental-greater-air.webp","Elemental, Greater Air","monster","Large","top-down","Large (8 to 16 ft tall), massively built, one dominant natural weapon, likely a maw big enough to take a person whole, a flier","P2","C:/Projects/FoundryVTT/DakksUltimateTokens/art/creatures/elemental-greater-air.webp; placeholder library icon today — this is the real art gap"
"elemental-greater-earth.webp","Elemental, Greater Earth","monster","Large","top-down","Large (8 to 16 ft tall), massively built, one dominant natural weapon, likely a maw big enough to take a person whole, heavy bony or chitinous plating","P2","C:/Projects/FoundryVTT/DakksUltimateTokens/art/creatures/elemental-greater-earth.webp; placeholder library icon today — this is the real art gap"
"elemental-greater-fire.webp","Elemental, Greater Fire","monster","Large","top-down","Large (8 to 16 ft tall), massively built, one dominant natural weapon, likely a maw big enough to take a person whole, heavy bony or chitinous plating","P2","C:/Projects/FoundryVTT/DakksUltimateTokens/art/creatures/elemental-greater-fire.webp; placeholder library icon today — this is the real art gap"
"elemental-greater-water.webp","Elemental, Greater Water","monster","Large","top-down","Large (8 to 16 ft tall), massively built, one dominant natural weapon, likely a maw big enough to take a person whole, heavy bony or chitinous plating, a swimmer","P2","C:/Projects/FoundryVTT/DakksUltimateTokens/art/creatures/elemental-greater-water.webp; placeholder library icon today — this is the real art gap"
"elemental-lesser-air.webp","Elemental, Lesser Air","monster","Small","top-down","Small (2 to 6 ft), two identical massive taloned limbs, hard scaled or chitinous shell, a flier","P2","C:/Projects/FoundryVTT/DakksUltimateTokens/art/creatures/elemental-lesser-air.webp; placeholder library icon today — this is the real art gap"
"elemental-lesser-earth.webp","Elemental, Lesser Earth","monster","Small","top-down","Small (2 to 6 ft), two identical massive taloned limbs, hard scaled or chitinous shell","P2","C:/Projects/FoundryVTT/DakksUltimateTokens/art/creatures/elemental-lesser-earth.webp; placeholder library icon today — this is the real art gap"
"elemental-lesser-fire.webp","Elemental, Lesser Fire","monster","Small","top-down","Small (2 to 6 ft), two identical massive taloned limbs, hard scaled or chitinous shell, a flier, distended throat or vent","P2","C:/Projects/FoundryVTT/DakksUltimateTokens/art/creatures/elemental-lesser-fire.webp; placeholder library icon today — this is the real art gap"
"elemental-lesser-water.webp","Elemental, Lesser Water","monster","Small","top-down","Small (2 to 6 ft), two identical clawed limbs, hard scaled or chitinous shell, reinforced ramming front","P2","C:/Projects/FoundryVTT/DakksUltimateTokens/art/creatures/elemental-lesser-water.webp; placeholder library icon today — this is the real art gap"
"elf.webp","Elf","monster","Medium","top-down","Man-sized (7 ft tall), armed with hand weapons, wearing strapped armour, carrying crafted gear","P2","C:/Projects/FoundryVTT/DakksUltimateTokens/art/creatures/elf.webp; placeholder library icon today — this is the real art gap"
"esperweed.webp","Esperweed","monster","Small","top-down","Small (3 ft tall), rooted in place, muted olive-and-bark colouring","P2","C:/Projects/FoundryVTT/DakksUltimateTokens/art/creatures/esperweed.webp; placeholder library icon today — this is the real art gap"
"ethilum.webp","Ethilum","monster","Large","top-down","Large (12 ft tall), one dominant natural weapon, likely a maw big enough to take an arm, tough leathery hide, a flier","P2","C:/Projects/FoundryVTT/DakksUltimateTokens/art/creatures/ethilum.webp; placeholder library icon today — this is the real art gap"
"fael.webp","Fael","monster","Medium","top-down","Man-sized (6 ft tall), two small hooked claws plus a wide fanged maw, tough leathery hide","P2","C:/Projects/FoundryVTT/DakksUltimateTokens/art/creatures/fael.webp; placeholder library icon today — this is the real art gap"
"feylaar.webp","Feylaar","monster","Large","top-down","Large (8 ft), four heavy clawed forelimbs plus a maw big enough to take an arm, hard scaled or chitinous shell, muted olive-and-bark colouring","P2","C:/Projects/FoundryVTT/DakksUltimateTokens/art/creatures/feylaar.webp; placeholder library icon today — this is the real art gap"
"flailer.webp","Flailer","monster","Small","top-down","Small (4 ft long), four small hooked claws plus a biting mouth set with teeth, heavy bony or chitinous plating, dust-grey rock colouring","P2","C:/Projects/FoundryVTT/DakksUltimateTokens/art/creatures/flailer.webp; placeholder library icon today — this is the real art gap"
"floater.webp","Floater","monster","Small","top-down","Small (3 ft long), six identical appendages ranged around the body, a flier, visible venom apparatus, caked in grey silt-dust","P2","C:/Projects/FoundryVTT/DakksUltimateTokens/art/creatures/floater.webp; placeholder library icon today — this is the real art gap"
"fordorran.webp","Fordorran","monster","Large","top-down","Large (8 ft long), two heavy clawed forelimbs plus a wide fanged maw, hard scaled or chitinous shell, dull straw-and-dust colouring","P2","C:/Projects/FoundryVTT/DakksUltimateTokens/art/creatures/fordorran.webp; placeholder library icon today — this is the real art gap"
"giant-athasian-beasthead.webp","Giant, Athasian (Beasthead)","monster","Huge","top-down","Huge (20 ft tall), massively built, an immense crushing limb plus a maw big enough to take a person whole, heavy bony or chitinous plating, caked in grey silt-dust","P2","C:/Projects/FoundryVTT/DakksUltimateTokens/art/creatures/giant-athasian-beasthead.webp; placeholder library icon today — this is the real art gap"
"giant-athasian-desert.webp","Giant, Athasian (Desert)","monster","Huge","top-down","Huge (25 ft tall), massively built, one dominant natural weapon, likely a maw big enough to take a person whole, hard scaled or chitinous shell, caked in grey silt-dust","P2","C:/Projects/FoundryVTT/DakksUltimateTokens/art/creatures/giant-athasian-desert.webp; placeholder library icon today — this is the real art gap"
"giant-athasian-plains.webp","Giant, Athasian (Plains)","monster","Huge","top-down","Huge (25 ft tall), massively built, one dominant natural weapon, likely a maw big enough to take a person whole, hard scaled or chitinous shell, caked in grey silt-dust","P2","C:/Projects/FoundryVTT/DakksUltimateTokens/art/creatures/giant-athasian-plains.webp; placeholder library icon today — this is the real art gap"
"giant-psurlon.webp","Giant Psurlon","monster","Huge","top-down","Huge (14 ft tall), massively built, two immense crushing limbs plus a maw big enough to take a person whole, heavy bony or chitinous plating","P2","C:/Projects/FoundryVTT/DakksUltimateTokens/art/creatures/giant-psurlon.webp; placeholder library icon today — this is the real art gap"
"giant-shadow.webp","Giant, Shadow","monster","Large","top-down","Large (10 to 25 ft), two identical massive taloned limbs, hard scaled or chitinous shell","P2","C:/Projects/FoundryVTT/DakksUltimateTokens/art/creatures/giant-shadow.webp; placeholder library icon today — this is the real art gap"
"golem-ash.webp","Golem, Ash","monster","Large","top-down","Large (8 ft tall), one dominant natural weapon, likely a maw big enough to take a person whole, tough leathery hide","P2","C:/Projects/FoundryVTT/DakksUltimateTokens/art/creatures/golem-ash.webp; placeholder library icon today — this is the real art gap"
"golem-chitin.webp","Golem, Chitin","monster","Large","top-down","Large (10 ft tall), one dominant natural weapon, likely a maw big enough to take a person whole, tough leathery hide, visible venom apparatus","P2","C:/Projects/FoundryVTT/DakksUltimateTokens/art/creatures/golem-chitin.webp; placeholder library icon today — this is the real art gap"
"golem-magma.webp","Golem, Magma","monster","Large","top-down","Large (8 ft tall), massively built, one dominant natural weapon, likely a maw big enough to take a person whole, hard scaled or chitinous shell, scorched black and ember-red","P2","C:/Projects/FoundryVTT/DakksUltimateTokens/art/creatures/golem-magma.webp; placeholder library icon today — this is the real art gap"
"golem-obsidian.webp","Golem, Obsidian","monster","Large","top-down","Large (12 ft tall), massively built, one dominant natural weapon, likely a maw big enough to take a person whole, hard scaled or chitinous shell","P2","C:/Projects/FoundryVTT/DakksUltimateTokens/art/creatures/golem-obsidian.webp; placeholder library icon today — this is the real art gap"
"golem-rock.webp","Golem, Rock","monster","Large","top-down","Large (9 ft tall), massively built, one dominant natural weapon, likely a maw big enough to take a person whole, hard scaled or chitinous shell","P2","C:/Projects/FoundryVTT/DakksUltimateTokens/art/creatures/golem-rock.webp; placeholder library icon today — this is the real art gap"
"golem-salt.webp","Golem, Salt","monster","Large","top-down","Large (8 ft tall), one dominant natural weapon, likely a maw big enough to take an arm, hard scaled or chitinous shell","P2","C:/Projects/FoundryVTT/DakksUltimateTokens/art/creatures/golem-salt.webp; placeholder library icon today — this is the real art gap"
"golem-sand.webp","Golem, Sand","monster","Large","top-down","Large (8 ft tall), one dominant natural weapon, likely a maw big enough to take an arm, heavy bony or chitinous plating","P2","C:/Projects/FoundryVTT/DakksUltimateTokens/art/creatures/golem-sand.webp; placeholder library icon today — this is the real art gap"
"golem-wood.webp","Golem, Wood","monster","Large","top-down","Large (10 ft tall), two identical massive taloned limbs, tough leathery hide","P2","C:/Projects/FoundryVTT/DakksUltimateTokens/art/creatures/golem-wood.webp; placeholder library icon today — this is the real art gap"
"gorak.webp","Gorak","monster","Small","top-down","Small (3 ft long), two fine hooked claws plus a biting mouth set with teeth, hard scaled or chitinous shell, sun-bleached sand colouring","P2","C:/Projects/FoundryVTT/DakksUltimateTokens/art/creatures/gorak.webp; placeholder library icon today — this is the real art gap"
"gray-horror.webp","Gray Horror","monster","Huge","top-down","Huge (25 ft), massively built, twelve identical appendages ranged around the body, tough leathery hide, long grasping appendages, caked in grey silt-dust","P2","C:/Projects/FoundryVTT/DakksUltimateTokens/art/creatures/gray-horror.webp; placeholder library icon today — this is the real art gap"
"halfling.webp","Halfling","monster","Small","top-down","Small (3 to 4 ft tall), armed with hand weapons, wearing strapped armour, carrying crafted gear, muted olive-and-bark colouring","P2","C:/Projects/FoundryVTT/DakksUltimateTokens/art/creatures/halfling.webp; placeholder library icon today — this is the real art gap"
"halfling-renegade.webp","Halfling, Renegade","monster","Small","top-down","Small (3 ft tall), armed with carried weapons, carrying crafted gear, muted olive-and-bark colouring","P2","C:/Projects/FoundryVTT/DakksUltimateTokens/art/creatures/halfling-renegade.webp; placeholder library icon today — this is the real art gap"
"hej-kin.webp","Hej-Kin","monster","Small","top-down","Small (4 ft tall), two identical fine hooked claws, pale and near-eyeless","P2","C:/Projects/FoundryVTT/DakksUltimateTokens/art/creatures/hej-kin.webp; placeholder library icon today — this is the real art gap"
"high-drik.webp","High Drik","monster","Huge","top-down","Huge (18 ft tall), armed with hand weapons, sheathed in fused armour plating, carrying crafted gear, visible venom apparatus, dust-grey rock colouring","P2","C:/Projects/FoundryVTT/DakksUltimateTokens/art/creatures/high-drik.webp; placeholder library icon today — this is the real art gap"
"human-dune-traders.webp","Human (Dune Traders)","monster","Medium","top-down","Man-sized (6 ft tall), armed with carried weapons, tough leathery hide, carrying crafted gear","P2","C:/Projects/FoundryVTT/DakksUltimateTokens/art/creatures/human-dune-traders.webp; placeholder library icon today — this is the real art gap"
"human-ex-gladiators.webp","Human (Ex-Gladiators)","monster","Medium","top-down","Man-sized (6 ft tall), armed with carried weapons, tough leathery hide","P2","C:/Projects/FoundryVTT/DakksUltimateTokens/art/creatures/human-ex-gladiators.webp; placeholder library icon today — this is the real art gap"
"human-ex-slaves.webp","Human (Ex-Slaves)","monster","Medium","top-down","Man-sized (6 ft tall), armed with carried weapons, carrying crafted gear","P2","C:/Projects/FoundryVTT/DakksUltimateTokens/art/creatures/human-ex-slaves.webp; placeholder library icon today — this is the real art gap"
"human-herdsmen.webp","Human (Herdsmen)","monster","Medium","top-down","Man-sized (6 ft tall), armed with carried weapons, carrying crafted gear","P2","C:/Projects/FoundryVTT/DakksUltimateTokens/art/creatures/human-herdsmen.webp; placeholder library icon today — this is the real art gap"
"human-nobles.webp","Human (Nobles)","monster","Medium","top-down","Man-sized (6 ft tall), armed with carried weapons, carrying crafted gear","P2","C:/Projects/FoundryVTT/DakksUltimateTokens/art/creatures/human-nobles.webp; placeholder library icon today — this is the real art gap"
"human-templars.webp","Human (Templars)","monster","Medium","top-down","Man-sized (6 ft tall), armed with carried weapons, tough leathery hide, carrying crafted gear","P2","C:/Projects/FoundryVTT/DakksUltimateTokens/art/creatures/human-templars.webp; placeholder library icon today — this is the real art gap"
"hurrum.webp","Hurrum","monster","Tiny","top-down","Tiny (1 inch), one dominant natural weapon, likely a small biting mouth","P2","C:/Projects/FoundryVTT/DakksUltimateTokens/art/creatures/hurrum.webp; placeholder library icon today — this is the real art gap"
"jankz.webp","Jankz","monster","Tiny","top-down","Tiny (1 ft), one dominant natural weapon, likely a small biting mouth, tough leathery hide, visible venom apparatus, sun-bleached sand colouring","P2","C:/Projects/FoundryVTT/DakksUltimateTokens/art/creatures/jankz.webp; placeholder library icon today — this is the real art gap"
"kaisharga.webp","Kaisharga","monster","Medium","top-down","Man-sized (6 ft tall), massively built, armed with hand weapons, sheathed in fused armour plating, carrying crafted gear","P2","C:/Projects/FoundryVTT/DakksUltimateTokens/art/creatures/kaisharga.webp; placeholder library icon today — this is the real art gap"
"kaltori.webp","Kaltori","monster","Large","top-down","Large (8 ft tall), one dominant natural weapon, likely a maw big enough to take a person whole, heavy bony or chitinous plating, a flier, scorched black and ember-red","P2","C:/Projects/FoundryVTT/DakksUltimateTokens/art/creatures/kaltori.webp; placeholder library icon today — this is the real art gap"
"kestrekel.webp","Kes’trekel","monster","Small","top-down","Small (1 ft tall), one dominant natural weapon, likely a biting mouth set with teeth, tough leathery hide","P2","C:/Projects/FoundryVTT/DakksUltimateTokens/art/creatures/kestrekel.webp; placeholder library icon today — this is the real art gap; CHECK: movement unparsed ('l/24 FL (C)')"
"kip.webp","Kip","monster","Small","top-down","Small (2 to 4 ft), two identical fine hooked claws, hard scaled or chitinous shell, dull straw-and-dust colouring","P2","C:/Projects/FoundryVTT/DakksUltimateTokens/art/creatures/kip.webp; placeholder library icon today — this is the real art gap"
"krag.webp","Krag","monster","Medium","top-down","Man-sized (5 to 7 ft tall), massively built, armed with carried weapons, hard scaled or chitinous shell, carrying crafted gear","P2","C:/Projects/FoundryVTT/DakksUltimateTokens/art/creatures/krag.webp; placeholder library icon today — this is the real art gap"
"kragling.webp","Kragling","monster","Small","top-down","Small (3 to 7 ft tall), five clawed limbs plus a wide fanged maw, tough leathery hide","P2","C:/Projects/FoundryVTT/DakksUltimateTokens/art/creatures/kragling.webp; placeholder library icon today — this is the real art gap; CHECK: attack count disagrees — ""No. of Attacks"" says 3, damage lists 6"
"lirr.webp","Lirr","monster","Medium","top-down","Man-sized (4 ft tall), two clawed limbs plus a wide fanged maw, hard scaled or chitinous shell, dull straw-and-dust colouring","P2","C:/Projects/FoundryVTT/DakksUltimateTokens/art/creatures/lirr.webp; placeholder library icon today — this is the real art gap; CHECK: attack count disagrees — ""No. of Attacks"" says 1, damage lists 3"
"locusts.webp","Locusts","monster","Tiny","top-down","Tiny (8 inches), a flier, dull straw-and-dust colouring","P2","C:/Projects/FoundryVTT/DakksUltimateTokens/art/creatures/locusts.webp; placeholder library icon today — this is the real art gap; CHECK: damage unparsed ('See below')"
"mastyrial-black.webp","Mastyrial (Black)","monster","Small","top-down","Small (3 ft long), three small hooked claws plus heavy biting jaws, sheathed in fused armour plating, visible venom apparatus, dust-grey rock colouring","P2","C:/Projects/FoundryVTT/DakksUltimateTokens/art/creatures/mastyrial-black.webp; placeholder library icon today — this is the real art gap; CHECK: attack count disagrees — ""No. of Attacks"" says 3, damage lists 4"
"mastyrial-desert.webp","Mastyrial (Desert)","monster","Medium","top-down","Man-sized (5 to 6 ft), massively built, three heavy clawed forelimbs plus a wide fanged maw, sheathed in fused armour plating, visible venom apparatus, sun-bleached sand colouring","P2","C:/Projects/FoundryVTT/DakksUltimateTokens/art/creatures/mastyrial-desert.webp; placeholder library icon today — this is the real art gap"
"megapede.webp","Megapede","monster","Gargantuan","top-down","Colossal (100 to 150 ft long), massively built, five identical massive taloned limbs, heavy bony or chitinous plating, visible venom apparatus, bleached salt-white","P2","C:/Projects/FoundryVTT/DakksUltimateTokens/art/creatures/megapede.webp; placeholder library icon today — this is the real art gap"
"meorty.webp","Meorty","monster","Medium","top-down","Man-sized (6 ft tall), massively built, armed with carried weapons, sheathed in fused armour plating, carrying crafted gear","P2","C:/Projects/FoundryVTT/DakksUltimateTokens/art/creatures/meorty.webp; placeholder library icon today — this is the real art gap"
"mini-kanks.webp","Mini-Kanks","monster","Tiny","top-down","Tiny (5 inches), a flier, dull straw-and-dust colouring","P2","C:/Projects/FoundryVTT/DakksUltimateTokens/art/creatures/mini-kanks.webp; placeholder library icon today — this is the real art gap; CHECK: damage unparsed ('See below')"
"mul-wild.webp","Mul, Wild","npc","Medium","circular portrait","Upright person (6 to 7 ft tall), armed with carried weapons, wearing strapped armour, dull straw-and-dust colouring","P2","C:/Projects/FoundryVTT/DakksUltimateTokens/art/creatures/mul-wild.webp; placeholder library icon today — this is the real art gap"
"mulworm.webp","Mulworm","monster","Tiny","top-down","Tiny (8 inches), a flier, visible venom apparatus, muted olive-and-bark colouring","P2","C:/Projects/FoundryVTT/DakksUltimateTokens/art/creatures/mulworm.webp; placeholder library icon today — this is the real art gap"
"nightmare-beast.webp","Nightmare Beast","monster","Gargantuan","top-down","Colossal (30 ft tall), massively built, four immense crushing limbs plus a maw big enough to take a person whole, sheathed in fused armour plating","P2","C:/Projects/FoundryVTT/DakksUltimateTokens/art/creatures/nightmare-beast.webp; placeholder library icon today — this is the real art gap"
"nikaal.webp","Nikaal","monster","Medium","top-down","Man-sized (6 ft tall), armed with carried weapons, carrying crafted gear, visible venom apparatus","P2","C:/Projects/FoundryVTT/DakksUltimateTokens/art/creatures/nikaal.webp; placeholder library icon today — this is the real art gap"
"ockn.webp","Ock’n","monster","Tiny","top-down","Tiny (1 inch), squat and slow","P2","C:/Projects/FoundryVTT/DakksUltimateTokens/art/creatures/ockn.webp; placeholder library icon today — this is the real art gap"
"pakubrazi.webp","Pakubrazi","monster","Large","top-down","Large (10 ft long), two massive taloned limbs plus a maw big enough to take an arm, wearing strapped armour, a flier, carrying crafted gear","P2","C:/Projects/FoundryVTT/DakksUltimateTokens/art/creatures/pakubrazi.webp; placeholder library icon today — this is the real art gap"
"paraelemental-beast-magma.webp","Paraelemental Beast, Magma","monster","Large","top-down","Large (12 ft tall), two identical immense crushing limbs, heavy bony or chitinous plating, a swimmer, scorched black and ember-red","P2","C:/Projects/FoundryVTT/DakksUltimateTokens/art/creatures/paraelemental-beast-magma.webp; placeholder library icon today — this is the real art gap"
"paraelemental-beast-rain.webp","Paraelemental Beast, Rain","monster","Huge","top-down","Huge (16 ft tall), one dominant natural weapon, likely a maw big enough to take a person whole, heavy bony or chitinous plating, a flier","P2","C:/Projects/FoundryVTT/DakksUltimateTokens/art/creatures/paraelemental-beast-rain.webp; placeholder library icon today — this is the real art gap"
"paraelemental-beast-silt.webp","Paraelemental Beast, Silt","monster","Large","top-down","Large (12 ft), six identical appendages ranged around the body, heavy bony or chitinous plating, swims through silt, caked in grey silt-dust","P2","C:/Projects/FoundryVTT/DakksUltimateTokens/art/creatures/paraelemental-beast-silt.webp; placeholder library icon today — this is the real art gap"
"paraelemental-beast-sun.webp","Paraelemental Beast, Sun","monster","Large","top-down","Large (16 ft across the wings), two massive taloned limbs plus a maw big enough to take a person whole, heavy bony or chitinous plating, a flier","P2","C:/Projects/FoundryVTT/DakksUltimateTokens/art/creatures/paraelemental-beast-sun.webp; placeholder library icon today — this is the real art gap"
"poisonweed.webp","Poisonweed","monster","Small","top-down","Small (2 ft), massively built, grasping feeding tendrils, rooted in place, visible venom apparatus, muted olive-and-bark colouring","P2","C:/Projects/FoundryVTT/DakksUltimateTokens/art/creatures/poisonweed.webp; placeholder library icon today — this is the real art gap"
"psionocus.webp","Psionocus","monster","Tiny","top-down","Tiny (18 inches tall), one dominant natural weapon, likely a small biting mouth, tough leathery hide, a flier, visible venom apparatus","P2","C:/Projects/FoundryVTT/DakksUltimateTokens/art/creatures/psionocus.webp; placeholder library icon today — this is the real art gap"
"psurlon.webp","Psurlon","monster","Medium","top-down","Man-sized (5 ft tall), two heavy clawed forelimbs plus a wide fanged maw, hard scaled or chitinous shell","P2","C:/Projects/FoundryVTT/DakksUltimateTokens/art/creatures/psurlon.webp; placeholder library icon today — this is the real art gap"
"psurlon-adept.webp","Psurlon Adept","monster","Medium","top-down","Man-sized (6 ft tall), massively built, two massive taloned limbs plus a maw big enough to take an arm, heavy bony or chitinous plating","P2","C:/Projects/FoundryVTT/DakksUltimateTokens/art/creatures/psurlon-adept.webp; placeholder library icon today — this is the real art gap"
"pterrax.webp","Pterrax","monster","Large","top-down","Large (10 ft long), two heavy clawed forelimbs plus a maw big enough to take an arm, tough leathery hide, a flier, dust-grey rock colouring","P2","C:/Projects/FoundryVTT/DakksUltimateTokens/art/creatures/pterrax.webp; placeholder library icon today — this is the real art gap"
"pulp-bee.webp","Pulp Bee","monster","Small","top-down","Small (2 ft long), one dominant natural weapon, likely a biting mouth set with teeth, a flier, visible venom apparatus, dull straw-and-dust colouring","P2","C:/Projects/FoundryVTT/DakksUltimateTokens/art/creatures/pulp-bee.webp; placeholder library icon today — this is the real art gap"
"pyreen-peace-bringers.webp","Pyreen (Peace-Bringers)","monster","Medium","top-down","Man-sized (6 to 7 ft), massively built, a hand able to grip a weapon, wearing strapped armour, long running legs, carrying crafted gear","P2","C:/Projects/FoundryVTT/DakksUltimateTokens/art/creatures/pyreen-peace-bringers.webp; placeholder library icon today — this is the real art gap"
"raaig.webp","Raaig","monster","Medium","top-down","Man-sized (6 ft tall), armed with carried weapons, sheathed in fused armour plating, a flier, carrying crafted gear","P2","C:/Projects/FoundryVTT/DakksUltimateTokens/art/creatures/raaig.webp; placeholder library icon today — this is the real art gap"
"racked-spirit.webp","Racked Spirit","monster","Medium","top-down","Man-sized (5 to 6 ft tall), armed with carried weapons, tough leathery hide, a flier, carrying crafted gear","P2","C:/Projects/FoundryVTT/DakksUltimateTokens/art/creatures/racked-spirit.webp; placeholder library icon today — this is the real art gap"
"rasclinn.webp","Rasclinn","monster","Small","top-down","Small (3 ft), one dominant natural weapon, likely a small biting mouth, heavy bony or chitinous plating, long running legs, dust-grey rock colouring","P2","C:/Projects/FoundryVTT/DakksUltimateTokens/art/creatures/rasclinn.webp; placeholder library icon today — this is the real art gap"
"razorwing.webp","Razorwing","monster","Medium","top-down","Man-sized (8 ft across the wings), two clawed limbs plus heavy biting jaws, heavy bony or chitinous plating, a flier, gliding membranes, reinforced ramming front, caked in grey silt-dust","P2","C:/Projects/FoundryVTT/DakksUltimateTokens/art/creatures/razorwing.webp; placeholder library icon today — this is the real art gap"
"renk.webp","Renk","monster","Tiny","top-down","Tiny (2 inches), squat and slow","P2","C:/Projects/FoundryVTT/DakksUltimateTokens/art/creatures/renk.webp; placeholder library icon today — this is the real art gap"
"retriever-obsidian.webp","Retriever, Obsidian","monster","Large","top-down","Large (10 ft tall), massively built, four identical immense crushing limbs, sheathed in fused armour plating, long running legs","P2","C:/Projects/FoundryVTT/DakksUltimateTokens/art/creatures/retriever-obsidian.webp; placeholder library icon today — this is the real art gap"
"roc-athasian.webp","Roc, Athasian","monster","Gargantuan","top-down","Colossal (50 ft or more across the wings), massively built, two identical immense crushing limbs, tough leathery hide, a flier, dust-grey rock colouring","P2","C:/Projects/FoundryVTT/DakksUltimateTokens/art/creatures/roc-athasian.webp; placeholder library icon today — this is the real art gap"
"ruktoi.webp","Ruktoi","monster","Huge","top-down","Huge (20 ft long), massively built, one dominant natural weapon, likely a maw big enough to take an arm, heavy bony or chitinous plating, swims through silt, caked in grey silt-dust","P2","C:/Projects/FoundryVTT/DakksUltimateTokens/art/creatures/ruktoi.webp; placeholder library icon today — this is the real art gap"
"sand-bride.webp","Sand Bride","monster","Medium","top-down","Man-sized (6 ft tall), two identical heavy clawed forelimbs, sheathed in fused armour plating, a burrower, long running legs, sun-bleached sand colouring","P2","C:/Projects/FoundryVTT/DakksUltimateTokens/art/creatures/sand-bride.webp; placeholder library icon today — this is the real art gap"
"sand-cactus.webp","Sand Cactus","monster","Medium","top-down","Man-sized (6 ft), one dominant natural weapon, likely a biting mouth set with teeth, sun-bleached sand colouring","P2","C:/Projects/FoundryVTT/DakksUltimateTokens/art/creatures/sand-cactus.webp; placeholder library icon today — this is the real art gap; CHECK: movement given only as 'Special'"
"sand-mother.webp","Sand Mother","monster","Medium","top-down","Man-sized (6 ft tall), two identical heavy clawed forelimbs, sheathed in fused armour plating, a burrower, long running legs, sun-bleached sand colouring","P2","C:/Projects/FoundryVTT/DakksUltimateTokens/art/creatures/sand-mother.webp; placeholder library icon today — this is the real art gap"
"sand-vortex.webp","Sand Vortex","monster","Huge","top-down","Huge (40 ft), massively built, grasping feeding tendrils, heavy bony or chitinous plating, rooted in place, caked in grey silt-dust","P2","C:/Projects/FoundryVTT/DakksUltimateTokens/art/creatures/sand-vortex.webp; placeholder library icon today — this is the real art gap"
"scorpion-barbed.webp","Scorpion (Barbed)","monster","Medium","top-down","Man-sized (8 to 12 ft long), two heavy clawed forelimbs plus a wide fanged maw, heavy bony or chitinous plating, visible venom apparatus","P2","C:/Projects/FoundryVTT/DakksUltimateTokens/art/creatures/scorpion-barbed.webp; placeholder library icon today — this is the real art gap"
"scorpion-gold.webp","Scorpion (Gold)","monster","Small","top-down","Small (1 to 2 ft), two fine hooked claws plus a small biting mouth, tough leathery hide, visible venom apparatus","P2","C:/Projects/FoundryVTT/DakksUltimateTokens/art/creatures/scorpion-gold.webp; placeholder library icon today — this is the real art gap"
"scrab.webp","Scrab","monster","Small","top-down","Small (4 ft), two identical fine hooked claws, hard scaled or chitinous shell, a burrower, long running legs, carrying crafted gear, sun-bleached sand colouring","P2","C:/Projects/FoundryVTT/DakksUltimateTokens/art/creatures/scrab.webp; placeholder library icon today — this is the real art gap"
"seed-brain.webp","Seed, Brain","monster","Large","top-down","Large (9 to 10 ft tall), three identical thorned tendrils, rooted in place, muted olive-and-bark colouring","P2","C:/Projects/FoundryVTT/DakksUltimateTokens/art/creatures/seed-brain.webp; placeholder library icon today — this is the real art gap"
"silt-spawn.webp","Silt Spawn","monster","Medium","top-down","Man-sized (4 ft long), one dominant natural weapon, likely heavy biting jaws, caked in grey silt-dust","P2","C:/Projects/FoundryVTT/DakksUltimateTokens/art/creatures/silt-spawn.webp; placeholder library icon today — this is the real art gap"
"sink-worm.webp","Sink Worm","monster","Gargantuan","top-down","Colossal (50 ft long), massively built, one dominant natural weapon, likely a maw big enough to take a person whole, tough leathery hide, a burrower, caked in grey silt-dust","P2","C:/Projects/FoundryVTT/DakksUltimateTokens/art/creatures/sink-worm.webp; placeholder library icon today — this is the real art gap"
"slig.webp","Slig","monster","Large","top-down","Large (7 ft tall), one dominant natural weapon, likely a maw big enough to take an arm, tough leathery hide","P2","C:/Projects/FoundryVTT/DakksUltimateTokens/art/creatures/slig.webp; placeholder library icon today — this is the real art gap"
"spider-cactus.webp","Spider Cactus","monster","Medium","top-down","Man-sized (6 to 7 ft tall), eight identical appendages ranged around the body, tough leathery hide, rooted in place, visible venom apparatus, dull straw-and-dust colouring","P2","C:/Projects/FoundryVTT/DakksUltimateTokens/art/creatures/spider-cactus.webp; placeholder library icon today — this is the real art gap"
"spider-crystal.webp","Spider, Crystal","monster","Large","top-down","Large (8 ft), two heavy clawed forelimbs plus a wide fanged maw, heavy bony or chitinous plating, long running legs, visible venom apparatus","P2","C:/Projects/FoundryVTT/DakksUltimateTokens/art/creatures/spider-crystal.webp; placeholder library icon today — this is the real art gap"
"spider-dark.webp","Spider (Dark)","monster","Medium","top-down","Man-sized (4 to 6 ft long), a clawed limb plus a maw big enough to take an arm, heavy bony or chitinous plating, pale and near-eyeless","P2","C:/Projects/FoundryVTT/DakksUltimateTokens/art/creatures/spider-dark.webp; placeholder library icon today — this is the real art gap"
"spider-mountain.webp","Spider (Mountain)","monster","Medium","top-down","Man-sized (6 ft tall), one dominant natural weapon, likely heavy biting jaws, heavy bony or chitinous plating, visible venom apparatus","P2","C:/Projects/FoundryVTT/DakksUltimateTokens/art/creatures/spider-mountain.webp; placeholder library icon today — this is the real art gap"
"spider-silt.webp","Spider (Silt)","monster","Tiny","top-down","Tiny (6 inches long), one dominant natural weapon, likely a small biting mouth, tough leathery hide, swims through silt, visible venom apparatus, caked in grey silt-dust","P2","C:/Projects/FoundryVTT/DakksUltimateTokens/art/creatures/spider-silt.webp; placeholder library icon today — this is the real art gap"
"spinewyrm.webp","Spinewyrm","monster","Large","top-down","Large (30 ft long), one dominant natural weapon, likely a maw big enough to take an arm, heavy bony or chitinous plating, a flier, dull straw-and-dust colouring","P2","C:/Projects/FoundryVTT/DakksUltimateTokens/art/creatures/spinewyrm.webp; placeholder library icon today — this is the real art gap"
"spirit-of-the-land.webp","Spirit of the Land","monster","Large","top-down","Large (10 to 20 ft tall), massively built, two identical immense crushing limbs, heavy bony or chitinous plating, long running legs","P2","C:/Projects/FoundryVTT/DakksUltimateTokens/art/creatures/spirit-of-the-land.webp; placeholder library icon today — this is the real art gap"
"stalking-horror.webp","Stalking Horror","monster","Huge","top-down","Huge (25 ft tall), massively built, seven identical appendages ranged around the body, sheathed in fused armour plating, long grasping appendages","P2","C:/Projects/FoundryVTT/DakksUltimateTokens/art/creatures/stalking-horror.webp; placeholder library icon today — this is the real art gap"
"strangling-vines.webp","Strangling Vines","monster","Huge","top-down","Huge (25 ft long), grasping feeding tendrils, hard scaled or chitinous shell, rooted in place, muted olive-and-bark colouring","P2","C:/Projects/FoundryVTT/DakksUltimateTokens/art/creatures/strangling-vines.webp; placeholder library icon today — this is the real art gap"
"sygra.webp","Sygra","monster","Small","top-down","Small (3 to 4 ft), two fine hooked claws plus a biting mouth set with teeth, tough leathery hide, muted olive-and-bark colouring","P2","C:/Projects/FoundryVTT/DakksUltimateTokens/art/creatures/sygra.webp; placeholder library icon today — this is the real art gap"
"tagster.webp","Tagster","monster","Medium","top-down","Man-sized (4 ft), four small hooked claws plus heavy biting jaws, tough leathery hide, sun-bleached sand colouring","P2","C:/Projects/FoundryVTT/DakksUltimateTokens/art/creatures/tagster.webp; placeholder library icon today — this is the real art gap"
"tari.webp","Tari","monster","Small","top-down","Small (4 ft tall), a biting head, tough leathery hide, carrying crafted gear","P2","C:/Projects/FoundryVTT/DakksUltimateTokens/art/creatures/tari.webp; placeholder library icon today — this is the real art gap"
"tari-chieftain.webp","Tari (Chieftain)","monster","Medium","top-down","Man-sized (5 ft tall), a small hooked claw plus heavy biting jaws, tough leathery hide","P2","C:/Projects/FoundryVTT/DakksUltimateTokens/art/creatures/tari-chieftain.webp; placeholder library icon today — this is the real art gap"
"tari-warrior.webp","Tari (Warrior)","monster","Medium","top-down","Man-sized (5 ft tall), two clawed limbs plus heavy biting jaws, hard scaled or chitinous shell","P2","C:/Projects/FoundryVTT/DakksUltimateTokens/art/creatures/tari-warrior.webp; placeholder library icon today — this is the real art gap"
"tchowb.webp","T’chowb","monster","Tiny","top-down","Tiny (1 ft), armed with carried weapons, heavy bony or chitinous plating","P2","C:/Projects/FoundryVTT/DakksUltimateTokens/art/creatures/tchowb.webp; placeholder library icon today — this is the real art gap"
"thrax.webp","Thrax","monster","Medium","top-down","Man-sized (5 to 7 ft tall), armed with hand weapons, heavy bony or chitinous plating, long running legs, carrying crafted gear, caked in grey silt-dust","P2","C:/Projects/FoundryVTT/DakksUltimateTokens/art/creatures/thrax.webp; placeholder library icon today — this is the real art gap"
"tigone.webp","Tigone","monster","Medium","top-down","Man-sized (5 to 7 ft), four small hooked claws plus a wide fanged maw, tough leathery hide, dust-grey rock colouring","P2","C:/Projects/FoundryVTT/DakksUltimateTokens/art/creatures/tigone.webp; placeholder library icon today — this is the real art gap"
"tliz.webp","T’liz","monster","Medium","top-down","Man-sized (6 ft tall), armed with hand weapons, heavy bony or chitinous plating, carrying crafted gear","P2","C:/Projects/FoundryVTT/DakksUltimateTokens/art/creatures/tliz.webp; placeholder library icon today — this is the real art gap"
"tohr-kreen-jez.webp","Tohr-Kreen, J’ez","monster","Large","top-down","Large (9 ft long), four clawed limbs plus a wide fanged maw, hard scaled or chitinous shell, long running legs, carrying crafted gear, visible venom apparatus","P2","C:/Projects/FoundryVTT/DakksUltimateTokens/art/creatures/tohr-kreen-jez.webp; placeholder library icon today — this is the real art gap"
"tohr-kreen-jhol.webp","Tohr-Kreen, J’hol","monster","Medium","top-down","Man-sized (6 ft tall), four small hooked claws plus heavy biting jaws, hard scaled or chitinous shell, long running legs, carrying crafted gear","P2","C:/Projects/FoundryVTT/DakksUltimateTokens/art/creatures/tohr-kreen-jhol.webp; placeholder library icon today — this is the real art gap"
"tohr-kreen-mantis-noble.webp","Tohr-Kreen (Mantis Noble)","monster","Large","top-down","Large (8 to 10 ft), four heavy clawed forelimbs plus a wide fanged maw, heavy bony or chitinous plating, long running legs, carrying crafted gear, visible venom apparatus, muted olive-and-bark colouring","P2","C:/Projects/FoundryVTT/DakksUltimateTokens/art/creatures/tohr-kreen-mantis-noble.webp; placeholder library icon today — this is the real art gap"
"tohr-kreen-tkeech.webp","Tohr-Kreen, T’keech","monster","Medium","top-down","Man-sized (7 ft tall), five identical clawed limbs, hard scaled or chitinous shell, long running legs, carrying crafted gear, visible venom apparatus","P2","C:/Projects/FoundryVTT/DakksUltimateTokens/art/creatures/tohr-kreen-tkeech.webp; placeholder library icon today — this is the real art gap"
"tohr-kreen-tondi.webp","Tohr-Kreen, Tondi","monster","Large","top-down","Large (11 ft long), four clawed limbs plus a wide fanged maw, hard scaled or chitinous shell, long running legs, carrying crafted gear, visible venom apparatus","P2","C:/Projects/FoundryVTT/DakksUltimateTokens/art/creatures/tohr-kreen-tondi.webp; placeholder library icon today — this is the real art gap"
"trin.webp","Trin","monster","Large","top-down","Large (9 ft long), two identical immense crushing limbs, hard scaled or chitinous shell, long running legs, visible venom apparatus","P2","C:/Projects/FoundryVTT/DakksUltimateTokens/art/creatures/trin.webp; placeholder library icon today — this is the real art gap"
"tulk.webp","Tul’k","monster","Huge","top-down","Huge (13 ft tall), three identical massive taloned limbs, tough leathery hide, dust-grey rock colouring","P2","C:/Projects/FoundryVTT/DakksUltimateTokens/art/creatures/tulk.webp; placeholder library icon today — this is the real art gap"
"villichi.webp","Villichi","monster","Medium","top-down","Man-sized (7 ft tall), armed with carried weapons, long running legs, carrying crafted gear","P2","C:/Projects/FoundryVTT/DakksUltimateTokens/art/creatures/villichi.webp; placeholder library icon today — this is the real art gap"
"white-horror.webp","White Horror","monster","Gargantuan","top-down","Colossal (50 ft), massively built, ten identical appendages ranged around the body, squat and slow, long grasping appendages, caked in grey silt-dust","P2","C:/Projects/FoundryVTT/DakksUltimateTokens/art/creatures/white-horror.webp; placeholder library icon today — this is the real art gap"
"wraith-athasian.webp","Wraith, Athasian","monster","Medium","top-down","Man-sized (6 ft tall), armed with hand weapons, heavy bony or chitinous plating, carrying crafted gear","P2","C:/Projects/FoundryVTT/DakksUltimateTokens/art/creatures/wraith-athasian.webp; placeholder library icon today — this is the real art gap"
"xerichou.webp","Xerichou","monster","Small","top-down","Small (1 ft across the wings), two identical small hooked claws, hard scaled or chitinous shell, a flier","P2","C:/Projects/FoundryVTT/DakksUltimateTokens/art/creatures/xerichou.webp; placeholder library icon today — this is the real art gap"
"zathosi.webp","Zathosi","monster","Medium","top-down","Man-sized (7 ft tall), massively built, one dominant natural weapon, likely a maw big enough to take a person whole, hard scaled or chitinous shell, a flier, dust-grey rock colouring","P2","C:/Projects/FoundryVTT/DakksUltimateTokens/art/creatures/zathosi.webp; placeholder library icon today — this is the real art gap"
"zombie-plant.webp","Zombie Plant","monster","Medium","top-down","Man-sized (5 to 6 ft tall), tough leathery hide, rooted in place, dull straw-and-dust colouring","P2","C:/Projects/FoundryVTT/DakksUltimateTokens/art/creatures/zombie-plant.webp; placeholder library icon today — this is the real art gap"
"zombie-thinking.webp","Zombie, Thinking","monster","Small","top-down","Small (4 to 15 ft), armed with carried weapons, tough leathery hide, carrying crafted gear","P2","C:/Projects/FoundryVTT/DakksUltimateTokens/art/creatures/zombie-thinking.webp; placeholder library icon today — this is the real art gap"
"ztal.webp","Z’tal","monster","Small","top-down","Small (2 to 3 ft), a fine hooked claw plus a biting mouth set with teeth, hard scaled or chitinous shell","P2","C:/Projects/FoundryVTT/DakksUltimateTokens/art/creatures/ztal.webp; placeholder library icon today — this is the real art gap"
"banded-mail.webp","Banded Mail","armor","—","item icon","Steel banded mail, worn armour","P3","C:/Projects/FoundryVTT/DakksUltimateTokens/art/armor/banded-mail.webp; library icon already assigned (icons/equipment/chest/breastplate-banded-steel.webp) — replace only for a unified look"
"brigandine.webp","Brigandine","armor","—","item icon","Leather brigandine, worn armour","P3","C:/Projects/FoundryVTT/DakksUltimateTokens/art/armor/brigandine.webp; library icon already assigned (icons/equipment/chest/breastplate-layered-leather-studded-brown.webp) — replace only for a unified look"
"bronze-plate-mail.webp","Bronze Plate Mail","armor","—","item icon","Steel bronze plate mail, worn armour","P3","C:/Projects/FoundryVTT/DakksUltimateTokens/art/armor/bronze-plate-mail.webp; library icon already assigned (icons/equipment/chest/breastplate-metal-tan.webp) — replace only for a unified look"
"chain-mail.webp","Chain Mail","armor","—","item icon","Steel chain mail, worn armour","P3","C:/Projects/FoundryVTT/DakksUltimateTokens/art/armor/chain-mail.webp; library icon already assigned (icons/commodities/metal/mail-chain-steel.webp) — replace only for a unified look"
"field-plate.webp","Field Plate","armor","—","item icon","Steel field plate, worn armour","P3","C:/Projects/FoundryVTT/DakksUltimateTokens/art/armor/field-plate.webp; library icon already assigned (icons/equipment/chest/breastplate-layered-steel.webp) — replace only for a unified look"
"full-plate.webp","Full Plate","armor","—","item icon","Steel full plate, worn armour","P3","C:/Projects/FoundryVTT/DakksUltimateTokens/art/armor/full-plate.webp; library icon already assigned (icons/equipment/chest/breastplate-layered-steel-black.webp) — replace only for a unified look"
"helm-basinet.webp","Basinet","armor","—","item icon","Steel basinet, worn armour","P3","C:/Projects/FoundryVTT/DakksUltimateTokens/art/armor/helm-basinet.webp; library icon already assigned (icons/equipment/head/helm-bassinet-steel.webp) — replace only for a unified look"
"helm-cap.webp","Cap","armor","—","item icon","Leather cap, worn armour","P3","C:/Projects/FoundryVTT/DakksUltimateTokens/art/armor/helm-cap.webp; library icon already assigned (icons/equipment/head/cap-steel.webp) — replace only for a unified look"
"helm-coif.webp","Coif","armor","—","item icon","Steel coif, worn armour","P3","C:/Projects/FoundryVTT/DakksUltimateTokens/art/armor/helm-coif.webp; library icon already assigned (icons/equipment/head/hood-chain-worn.webp) — replace only for a unified look"
"helm-great-helm.webp","Great Helm","armor","—","item icon","Steel great helm, worn armour","P3","C:/Projects/FoundryVTT/DakksUltimateTokens/art/armor/helm-great-helm.webp; library icon already assigned (icons/equipment/head/greathelm-banded-steel.webp) — replace only for a unified look"
"helm-open-face.webp","Open-Face Helm","armor","—","item icon","Steel open-face helm, worn armour","P3","C:/Projects/FoundryVTT/DakksUltimateTokens/art/armor/helm-open-face.webp; library icon already assigned (icons/equipment/head/helm-norman-rounded.webp) — replace only for a unified look"
"leather.webp","Leather Armor","armor","—","item icon","Leather armor, worn armour","P3","C:/Projects/FoundryVTT/DakksUltimateTokens/art/armor/leather.webp; library icon already assigned (icons/equipment/chest/breastplate-layered-leather-brown.webp) — replace only for a unified look"
"padded.webp","Padded Armor","armor","—","item icon","Cloth padded armor, worn armour","P3","C:/Projects/FoundryVTT/DakksUltimateTokens/art/armor/padded.webp; library icon already assigned (icons/equipment/chest/breastplate-quilted-brown.webp) — replace only for a unified look"
"plate-mail.webp","Plate Mail","armor","—","item icon","Steel plate mail, worn armour","P3","C:/Projects/FoundryVTT/DakksUltimateTokens/art/armor/plate-mail.webp; library icon already assigned (icons/commodities/metal/mail-plate-steel.webp) — replace only for a unified look"
"scale-mail.webp","Scale Mail","armor","—","item icon","Steel scale mail, worn armour","P3","C:/Projects/FoundryVTT/DakksUltimateTokens/art/armor/scale-mail.webp; library icon already assigned (icons/equipment/chest/breastplate-scale-grey.webp) — replace only for a unified look"
"shield-body.webp","Body Shield","armor","—","item icon","Hardwood body shield, worn shield","P3","C:/Projects/FoundryVTT/DakksUltimateTokens/art/armor/shield-body.webp; library icon already assigned (icons/equipment/shield/pavise-wooden-wings-blue-white.webp) — replace only for a unified look"
"shield-buckler.webp","Buckler","armor","—","item icon","Hardwood buckler, worn shield","P3","C:/Projects/FoundryVTT/DakksUltimateTokens/art/armor/shield-buckler.webp; library icon already assigned (icons/equipment/shield/buckler-wooden-boss.webp) — replace only for a unified look"
"shield-medium.webp","Medium Shield","armor","—","item icon","Hardwood medium shield, worn shield","P3","C:/Projects/FoundryVTT/DakksUltimateTokens/art/armor/shield-medium.webp; library icon already assigned (icons/equipment/shield/heater-wooden-boss-brown.webp) — replace only for a unified look"
"shield-small.webp","Small Shield","armor","—","item icon","Hardwood small shield, worn shield","P3","C:/Projects/FoundryVTT/DakksUltimateTokens/art/armor/shield-small.webp; library icon already assigned (icons/equipment/shield/targe-wooden-boss-steel-brown.webp) — replace only for a unified look"
"splint-mail.webp","Splint Mail","armor","—","item icon","Steel splint mail, worn armour","P3","C:/Projects/FoundryVTT/DakksUltimateTokens/art/armor/splint-mail.webp; library icon already assigned (icons/equipment/chest/breastplate-banded-steel-grey.webp) — replace only for a unified look"
"studded-leather.webp","Studded Leather","armor","—","item icon","Studded leather, worn armour","P3","C:/Projects/FoundryVTT/DakksUltimateTokens/art/armor/studded-leather.webp; library icon already assigned (icons/equipment/chest/breastplate-layered-leather-studded.webp) — replace only for a unified look"
"ale.webp","Ale (per gallon)","gear","—","item icon","Hardwood ale","P3","C:/Projects/FoundryVTT/DakksUltimateTokens/art/equipment/ale.webp; library icon already assigned (icons/consumables/drinks/alcohol-beer-mug-yellow.webp) — replace only for a unified look"
"backpack.webp","Backpack","gear","—","item icon","Leather backpack","P3","C:/Projects/FoundryVTT/DakksUltimateTokens/art/equipment/backpack.webp; library icon already assigned (icons/containers/bags/sack-leather-brown.webp) — replace only for a unified look"
"banquet.webp","Banquet (per person)","gear","—","item icon","Leather banquet","P3","C:/Projects/FoundryVTT/DakksUltimateTokens/art/equipment/banquet.webp; library icon already assigned (icons/consumables/food/plate-steak-grilled-brown-green.webp) — replace only for a unified look"
"barding-chain.webp","Barding, Chain","gear","—","item icon","Metal barding chain","P3","C:/Projects/FoundryVTT/DakksUltimateTokens/art/equipment/barding-chain.webp; library icon already assigned (icons/commodities/metal/mail-chain-steel.webp) — replace only for a unified look"
"barding-full-plate.webp","Barding, Full Plate","gear","—","item icon","Metal barding full plate","P3","C:/Projects/FoundryVTT/DakksUltimateTokens/art/equipment/barding-full-plate.webp; library icon already assigned (icons/commodities/metal/mail-plate-steel.webp) — replace only for a unified look"
"barding-full-scale.webp","Barding, Full Scale","gear","—","item icon","Metal barding full scale","P3","C:/Projects/FoundryVTT/DakksUltimateTokens/art/equipment/barding-full-scale.webp; library icon already assigned (icons/commodities/metal/mail-scale-steel.webp) — replace only for a unified look"
"barding-half-brigandine.webp","Barding, Half Brigandine","gear","—","item icon","Leather barding half brigandine","P3","C:/Projects/FoundryVTT/DakksUltimateTokens/art/equipment/barding-half-brigandine.webp; library icon already assigned (icons/equipment/chest/breastplate-layered-leather-studded-brown.webp) — replace only for a unified look"
"barding-half-padded.webp","Barding, Half Padded","gear","—","item icon","Cloth barding half padded","P3","C:/Projects/FoundryVTT/DakksUltimateTokens/art/equipment/barding-half-padded.webp; library icon already assigned (icons/equipment/chest/breastplate-quilted-brown.webp) — replace only for a unified look"
"barding-half-scale.webp","Barding, Half Scale","gear","—","item icon","Metal barding half scale","P3","C:/Projects/FoundryVTT/DakksUltimateTokens/art/equipment/barding-half-scale.webp; library icon already assigned (icons/equipment/chest/breastplate-scale-leather.webp) — replace only for a unified look"
"barding-leather-or-padded.webp","Barding, Leather or Padded","gear","—","item icon","Barding leather or padded","P3","C:/Projects/FoundryVTT/DakksUltimateTokens/art/equipment/barding-leather-or-padded.webp; library icon already assigned (icons/equipment/chest/breastplate-layered-leather-brown.webp) — replace only for a unified look"
"barge.webp","Barge","gear","—","item icon","Hardwood barge","P3","C:/Projects/FoundryVTT/DakksUltimateTokens/art/equipment/barge.webp; library icon already assigned (icons/environment/settlement/ship.webp) — replace only for a unified look"
"barrel-of-picked-fish.webp","Barrel of Picked Fish","gear","—","item icon","Hardwood barrel of picked fish","P3","C:/Projects/FoundryVTT/DakksUltimateTokens/art/equipment/barrel-of-picked-fish.webp; library icon already assigned (icons/containers/barrels/barrel-oak-steel-brown.webp) — replace only for a unified look"
"barrel-small.webp","Barrel, Small","gear","—","item icon","Hardwood barrel small","P3","C:/Projects/FoundryVTT/DakksUltimateTokens/art/equipment/barrel-small.webp; library icon already assigned (icons/containers/barrels/barrel-oak-tan.webp) — replace only for a unified look"
"basket-large.webp","Basket, Large","gear","—","item icon","Thin wood basket large","P3","C:/Projects/FoundryVTT/DakksUltimateTokens/art/equipment/basket-large.webp; library icon already assigned (icons/containers/misc/basket-handle-woven-yellow.webp) — replace only for a unified look"
"basket-small.webp","Basket, Small","gear","—","item icon","Thin wood basket small","P3","C:/Projects/FoundryVTT/DakksUltimateTokens/art/equipment/basket-small.webp; library icon already assigned (icons/containers/misc/basket-simple-yellow.webp) — replace only for a unified look"
"bell.webp","Bell","gear","—","item icon","Metal bell","P3","C:/Projects/FoundryVTT/DakksUltimateTokens/art/equipment/bell.webp; library icon already assigned (icons/tools/instruments/bell-brass.webp) — replace only for a unified look"
"belt.webp","Belt","gear","—","item icon","Leather belt","P3","C:/Projects/FoundryVTT/DakksUltimateTokens/art/equipment/belt.webp; library icon already assigned (icons/equipment/waist/belt-leather-brown.webp) — replace only for a unified look"
"belt-pouch-large.webp","Belt Pouch, Large","gear","—","item icon","Leather belt pouch large","P3","C:/Projects/FoundryVTT/DakksUltimateTokens/art/equipment/belt-pouch-large.webp; library icon already assigned (icons/containers/bags/pouch-leather-brown-green.webp) — replace only for a unified look"
"belt-pouch-small.webp","Belt Pouch, Small","gear","—","item icon","Leather belt pouch small","P3","C:/Projects/FoundryVTT/DakksUltimateTokens/art/equipment/belt-pouch-small.webp; library icon already assigned (icons/containers/bags/pouch-simple-leather-tan.webp) — replace only for a unified look"
"bit-and-bridle.webp","Bit and Bridle","gear","—","item icon","Leather bit and bridle","P3","C:/Projects/FoundryVTT/DakksUltimateTokens/art/equipment/bit-and-bridle.webp; library icon already assigned (icons/equipment/waist/belt-buckle-ring-leather-brown.webp) — replace only for a unified look"
"block-and-tackle.webp","Block and Tackle","gear","—","item icon","Hardwood block and tackle","P3","C:/Projects/FoundryVTT/DakksUltimateTokens/art/equipment/block-and-tackle.webp; library icon already assigned (icons/tools/fasteners/chain-hook-grey.webp) — replace only for a unified look"
"boar.webp","Boar","gear","—","item icon","Leather boar","P3","C:/Projects/FoundryVTT/DakksUltimateTokens/art/equipment/boar.webp; library icon already assigned (icons/commodities/treasure/figurine-boar.webp) — replace only for a unified look"
"bolt-case.webp","Bolt Case","gear","—","item icon","Leather bolt case","P3","C:/Projects/FoundryVTT/DakksUltimateTokens/art/equipment/bolt-case.webp; library icon already assigned (icons/containers/ammunition/arrows-quiver-simple-brown.webp) — replace only for a unified look"
"boots-riding.webp","Riding Boots","gear","—","item icon","Leather riding boots","P3","C:/Projects/FoundryVTT/DakksUltimateTokens/art/equipment/boots-riding.webp; library icon already assigned (icons/equipment/feet/boots-leather-brown.webp) — replace only for a unified look"
"boots-soft.webp","Soft Boots","gear","—","item icon","Leather soft boots","P3","C:/Projects/FoundryVTT/DakksUltimateTokens/art/equipment/boots-soft.webp; library icon already assigned (icons/equipment/feet/boots-folded-leather-brown.webp) — replace only for a unified look"
"bread.webp","Bread","gear","—","item icon","Cloth bread","P3","C:/Projects/FoundryVTT/DakksUltimateTokens/art/equipment/bread.webp; library icon already assigned (icons/consumables/grains/bread-loaf-wheat-brown.webp) — replace only for a unified look"
"breeches.webp","Breeches","gear","—","item icon","Cloth breeches","P3","C:/Projects/FoundryVTT/DakksUltimateTokens/art/equipment/breeches.webp; library icon already assigned (icons/equipment/leg/pants-breeches-leather-brown.webp) — replace only for a unified look"
"brooch-plain.webp","Plain Brooch","gear","—","item icon","Metal plain brooch","P3","C:/Projects/FoundryVTT/DakksUltimateTokens/art/equipment/brooch-plain.webp; library icon already assigned (icons/commodities/treasure/brooch-gold-green.webp) — replace only for a unified look"
"bucket.webp","Bucket","gear","—","item icon","Hardwood bucket","P3","C:/Projects/FoundryVTT/DakksUltimateTokens/art/equipment/bucket.webp; library icon already assigned (icons/containers/misc/bucket-wooden-brown.webp) — replace only for a unified look"
"bull.webp","Bull","gear","—","item icon","Leather bull","P3","C:/Projects/FoundryVTT/DakksUltimateTokens/art/equipment/bull.webp; library icon already assigned (icons/creatures/mammals/bull-horned-blue.webp) — replace only for a unified look"
"butter.webp","Butter (per lb.)","gear","—","item icon","Cloth butter","P3","C:/Projects/FoundryVTT/DakksUltimateTokens/art/equipment/butter.webp; library icon already assigned (icons/consumables/food/cheese-cube-gold.webp) — replace only for a unified look"
"calf.webp","Calf","gear","—","item icon","Leather calf","P3","C:/Projects/FoundryVTT/DakksUltimateTokens/art/equipment/calf.webp; library icon already assigned (icons/creatures/mammals/livestock-cow-green.webp) — replace only for a unified look"
"camel.webp","Camel","gear","—","item icon","Leather camel","P3","C:/Projects/FoundryVTT/DakksUltimateTokens/art/equipment/camel.webp; library icon already assigned (icons/commodities/treasure/figurine-camel.webp) — replace only for a unified look"
"candle-tallow.webp","Candle, Tallow","gear","—","item icon","A stoppered vial of liquid, candle tallow","P3","C:/Projects/FoundryVTT/DakksUltimateTokens/art/equipment/candle-tallow.webp; library icon already assigned (icons/sundries/lights/candle-unlit-tan.webp) — replace only for a unified look"
"candle-wax.webp","Candle, Wax","gear","—","item icon","A stoppered vial of liquid, candle wax","P3","C:/Projects/FoundryVTT/DakksUltimateTokens/art/equipment/candle-wax.webp; library icon already assigned (icons/sundries/lights/candle-unlit-white.webp) — replace only for a unified look"
"canoe-small.webp","Canoe, Small","gear","—","item icon","Hardwood canoe small","P3","C:/Projects/FoundryVTT/DakksUltimateTokens/art/equipment/canoe-small.webp; library icon already assigned (icons/environment/vehicles/boat-fishing-masted.webp) — replace only for a unified look"
"canoe-war.webp","Canoe, War","gear","—","item icon","Hardwood canoe war","P3","C:/Projects/FoundryVTT/DakksUltimateTokens/art/equipment/canoe-war.webp; library icon already assigned (icons/environment/vehicles/boat-fishing-masted.webp) — replace only for a unified look"
"canvas.webp","Canvas (per square yard)","gear","—","item icon","Cloth canvas","P3","C:/Projects/FoundryVTT/DakksUltimateTokens/art/equipment/canvas.webp; library icon already assigned (icons/commodities/cloth/cloth-scraps-plain.webp) — replace only for a unified look"
"cap-hat.webp","Cap or Hat","gear","—","item icon","Cloth cap or hat","P3","C:/Projects/FoundryVTT/DakksUltimateTokens/art/equipment/cap-hat.webp; library icon already assigned (icons/equipment/head/hat-belted-simple-brown.webp) — replace only for a unified look"
"capon.webp","Capon","gear","—","item icon","Leather capon","P3","C:/Projects/FoundryVTT/DakksUltimateTokens/art/equipment/capon.webp; library icon already assigned (icons/creatures/birds/chicken-hen-white.webp) — replace only for a unified look"
"caravel.webp","Caravel","gear","—","item icon","Hardwood caravel","P3","C:/Projects/FoundryVTT/DakksUltimateTokens/art/equipment/caravel.webp; library icon already assigned (icons/environment/settlement/ship.webp) — replace only for a unified look"
"carriage-common.webp","Carriage, Common","gear","—","item icon","Hardwood carriage common","P3","C:/Projects/FoundryVTT/DakksUltimateTokens/art/equipment/carriage-common.webp; library icon already assigned (icons/environment/settlement/wagon.webp) — replace only for a unified look"
"cart-harness.webp","Cart Harness","gear","—","item icon","Leather cart harness","P3","C:/Projects/FoundryVTT/DakksUltimateTokens/art/equipment/cart-harness.webp; library icon already assigned (icons/sundries/survival/leather-strap-brown.webp) — replace only for a unified look"
"cat.webp","Cat","gear","—","item icon","Leather cat","P3","C:/Projects/FoundryVTT/DakksUltimateTokens/art/equipment/cat.webp; library icon already assigned (icons/creatures/mammals/cat-hunched-glowing-red.webp) — replace only for a unified look"
"chain-heavy.webp","Chain, Heavy (per foot)","gear","—","item icon","Metal chain heavy","P3","C:/Projects/FoundryVTT/DakksUltimateTokens/art/equipment/chain-heavy.webp; library icon already assigned (icons/tools/fasteners/chain-steel-grey.webp) — replace only for a unified look"
"chain-light.webp","Chain, Light (per foot)","gear","—","item icon","Metal chain light","P3","C:/Projects/FoundryVTT/DakksUltimateTokens/art/equipment/chain-light.webp; library icon already assigned (icons/tools/fasteners/chain-brass-yellow.webp) — replace only for a unified look"
"chalk.webp","Chalk","gear","—","item icon","Knapped stone chalk","P3","C:/Projects/FoundryVTT/DakksUltimateTokens/art/equipment/chalk.webp; library icon already assigned (icons/tools/scribal/pen-stylus-pencil.webp) — replace only for a unified look"
"chariot-riding.webp","Chariot, Riding","gear","—","item icon","Hardwood chariot riding","P3","C:/Projects/FoundryVTT/DakksUltimateTokens/art/equipment/chariot-riding.webp; library icon already assigned (icons/environment/settlement/wagon.webp) — replace only for a unified look"
"chariot-war.webp","Chariot, War","gear","—","item icon","Hardwood chariot war","P3","C:/Projects/FoundryVTT/DakksUltimateTokens/art/equipment/chariot-war.webp; library icon already assigned (icons/environment/settlement/wagon-black.webp) — replace only for a unified look"
"cheese.webp","Cheese","gear","—","item icon","Cloth cheese","P3","C:/Projects/FoundryVTT/DakksUltimateTokens/art/equipment/cheese.webp; library icon already assigned (icons/consumables/food/cheese-wedge-swiss-yellow.webp) — replace only for a unified look"
"chest-large.webp","Chest, Large","gear","—","item icon","Hardwood chest large","P3","C:/Projects/FoundryVTT/DakksUltimateTokens/art/equipment/chest-large.webp; library icon already assigned (icons/containers/chest/chest-oak-steel-brown.webp) — replace only for a unified look"
"chest-small.webp","Chest, Small","gear","—","item icon","Hardwood chest small","P3","C:/Projects/FoundryVTT/DakksUltimateTokens/art/equipment/chest-small.webp; library icon already assigned (icons/containers/chest/chest-simple-walnut.webp) — replace only for a unified look"
"chicken.webp","Chicken","gear","—","item icon","Leather chicken","P3","C:/Projects/FoundryVTT/DakksUltimateTokens/art/equipment/chicken.webp; library icon already assigned (icons/creatures/birds/chicken-hen-green.webp) — replace only for a unified look"
"city-rooms-common.webp","City Rooms, Common (per month)","gear","—","item icon","Leather city rooms common","P3","C:/Projects/FoundryVTT/DakksUltimateTokens/art/equipment/city-rooms-common.webp; library icon already assigned (icons/environment/settlement/house-two-stories.webp) — replace only for a unified look"
"city-rooms-poor.webp","City Rooms, Poor (per month)","gear","—","item icon","Leather city rooms poor","P3","C:/Projects/FoundryVTT/DakksUltimateTokens/art/equipment/city-rooms-poor.webp; library icon already assigned (icons/environment/settlement/hut.webp) — replace only for a unified look"
"cloak-common-fur.webp","Cloak, Common Fur","gear","—","item icon","Leather cloak common fur","P3","C:/Projects/FoundryVTT/DakksUltimateTokens/art/equipment/cloak-common-fur.webp; library icon already assigned (icons/equipment/back/cloak-fur-brown.webp) — replace only for a unified look"
"cloak-good-cloth.webp","Cloak, Good Cloth","gear","—","item icon","Cloak good cloth","P3","C:/Projects/FoundryVTT/DakksUltimateTokens/art/equipment/cloak-good-cloth.webp; library icon already assigned (icons/equipment/back/cloak-simple-tan.webp) — replace only for a unified look"
"cloth-common.webp","Cloth, Common (per 10 square yards)","gear","—","item icon","Cloth common","P3","C:/Projects/FoundryVTT/DakksUltimateTokens/art/equipment/cloth-common.webp; library icon already assigned (icons/commodities/cloth/cloth-roll-tan.webp) — replace only for a unified look"
"cloth-fine.webp","Cloth, Fine (per 10 square yards)","gear","—","item icon","Cloth fine","P3","C:/Projects/FoundryVTT/DakksUltimateTokens/art/equipment/cloth-fine.webp; library icon already assigned (icons/commodities/cloth/cloth-bolt-green.webp) — replace only for a unified look"
"cloth-rich.webp","Cloth, Rich (per 10 square yards)","gear","—","item icon","Cloth rich","P3","C:/Projects/FoundryVTT/DakksUltimateTokens/art/equipment/cloth-rich.webp; library icon already assigned (icons/commodities/cloth/cloth-bolt-gold.webp) — replace only for a unified look"
"coach-ornamented.webp","Coach, Ornamented","gear","—","item icon","Hardwood coach ornamented","P3","C:/Projects/FoundryVTT/DakksUltimateTokens/art/equipment/coach-ornamented.webp; library icon already assigned (icons/environment/settlement/wagon-black.webp) — replace only for a unified look"
"coarse-sugar.webp","Coarse Sugar (per lb.)","gear","—","item icon","Cloth coarse sugar","P3","C:/Projects/FoundryVTT/DakksUltimateTokens/art/equipment/coarse-sugar.webp; library icon already assigned (icons/consumables/food/salt-seasoning-spice-pink.webp) — replace only for a unified look"
"coaster.webp","Coaster","gear","—","item icon","Hardwood coaster","P3","C:/Projects/FoundryVTT/DakksUltimateTokens/art/equipment/coaster.webp; library icon already assigned (icons/environment/settlement/ship.webp) — replace only for a unified look"
"cog.webp","Cog","gear","—","item icon","Hardwood cog","P3","C:/Projects/FoundryVTT/DakksUltimateTokens/art/equipment/cog.webp; library icon already assigned (icons/environment/settlement/ship.webp) — replace only for a unified look"
"common-wine-pitcher.webp","Common Wine (pitcher)","gear","—","item icon","Fired clay pitcher common wine","P3","C:/Projects/FoundryVTT/DakksUltimateTokens/art/equipment/common-wine-pitcher.webp; library icon already assigned (icons/consumables/drinks/pitcher-dripping-white.webp) — replace only for a unified look"
"cow.webp","Cow","gear","—","item icon","Leather cow","P3","C:/Projects/FoundryVTT/DakksUltimateTokens/art/equipment/cow.webp; library icon already assigned (icons/creatures/mammals/livestock-cow-green.webp) — replace only for a unified look"
"crampons.webp","Crampons","gear","—","item icon","Metal crampons","P3","C:/Projects/FoundryVTT/DakksUltimateTokens/art/equipment/crampons.webp; library icon already assigned (icons/tools/hand/claws-climbing.webp) — replace only for a unified look"
"curragh.webp","Curragh","gear","—","item icon","Hardwood curragh","P3","C:/Projects/FoundryVTT/DakksUltimateTokens/art/equipment/curragh.webp; library icon already assigned (icons/environment/vehicles/boat-fishing-masted.webp) — replace only for a unified look"
"dog-guard.webp","Dog, Guard","gear","—","item icon","Leather dog guard","P3","C:/Projects/FoundryVTT/DakksUltimateTokens/art/equipment/dog-guard.webp; library icon already assigned (icons/commodities/treasure/figurine-dog.webp) — replace only for a unified look"
"dog-hunting.webp","Dog, Hunting","gear","—","item icon","Leather dog hunting","P3","C:/Projects/FoundryVTT/DakksUltimateTokens/art/equipment/dog-hunting.webp; library icon already assigned (icons/creatures/mammals/dog-husky-white-blue.webp) — replace only for a unified look"
"dog-war.webp","Dog, War","gear","—","item icon","Leather dog war","P3","C:/Projects/FoundryVTT/DakksUltimateTokens/art/equipment/dog-war.webp; library icon already assigned (icons/creatures/mammals/wolf-shadow-black.webp) — replace only for a unified look"
"donkey-mule-ass.webp","Donkey, Mule, Ass","gear","—","item icon","Leather donkey mule ass","P3","C:/Projects/FoundryVTT/DakksUltimateTokens/art/equipment/donkey-mule-ass.webp; library icon already assigned (icons/environment/creatures/horse-tan.webp) — replace only for a unified look"
"drakkar.webp","Drakkar","gear","—","item icon","Hardwood drakkar","P3","C:/Projects/FoundryVTT/DakksUltimateTokens/art/equipment/drakkar.webp; library icon already assigned (icons/environment/settlement/ship.webp) — replace only for a unified look"
"dromond.webp","Dromond","gear","—","item icon","Hardwood dromond","P3","C:/Projects/FoundryVTT/DakksUltimateTokens/art/equipment/dromond.webp; library icon already assigned (icons/environment/settlement/ship.webp) — replace only for a unified look"
"eggs-or-fresh-vegetables.webp","Eggs or Fresh Vegetables","gear","—","item icon","Cloth eggs or fresh vegetables","P3","C:/Projects/FoundryVTT/DakksUltimateTokens/art/equipment/eggs-or-fresh-vegetables.webp; library icon already assigned (icons/consumables/eggs/egg-speckled-tan.webp) — replace only for a unified look"
"eggs-per-hundred.webp","Eggs (per 100)","gear","—","item icon","Cloth eggs","P3","C:/Projects/FoundryVTT/DakksUltimateTokens/art/equipment/eggs-per-hundred.webp; library icon already assigned (icons/consumables/eggs/eggs-white.webp) — replace only for a unified look"
"elephant-labor.webp","Elephant, Labor","gear","—","item icon","Leather elephant labor","P3","C:/Projects/FoundryVTT/DakksUltimateTokens/art/equipment/elephant-labor.webp; library icon already assigned (icons/commodities/treasure/figurine-rhino.webp) — replace only for a unified look"
"elephant-war.webp","Elephant, War","gear","—","item icon","Leather elephant war","P3","C:/Projects/FoundryVTT/DakksUltimateTokens/art/equipment/elephant-war.webp; library icon already assigned (icons/commodities/treasure/figurine-rhino.webp) — replace only for a unified look"
"falcon-trained.webp","Falcon (trained)","gear","—","item icon","Leather trained falcon","P3","C:/Projects/FoundryVTT/DakksUltimateTokens/art/equipment/falcon-trained.webp; library icon already assigned (icons/creatures/birds/raptor-hawk-flying.webp) — replace only for a unified look"
"figs.webp","Figs (per lb.)","gear","—","item icon","Cloth figs","P3","C:/Projects/FoundryVTT/DakksUltimateTokens/art/equipment/figs.webp; library icon already assigned (icons/consumables/fruit/fig-ripe-purple.webp) — replace only for a unified look"
"firewood.webp","Firewood (per day)","gear","—","item icon","Hardwood firewood","P3","C:/Projects/FoundryVTT/DakksUltimateTokens/art/equipment/firewood.webp; library icon already assigned (icons/commodities/wood/logs-pile-rough-brown.webp) — replace only for a unified look"
"fishhook.webp","Fishhook","gear","—","item icon","Metal fishhook","P3","C:/Projects/FoundryVTT/DakksUltimateTokens/art/equipment/fishhook.webp; library icon already assigned (icons/tools/fishing/hook-simple-steel-grey.webp) — replace only for a unified look"
"fishing-net.webp","Fishing Net, 10 Feet Square","gear","—","item icon","Corded rope fishing net 10 feet square","P3","C:/Projects/FoundryVTT/DakksUltimateTokens/art/equipment/fishing-net.webp; library icon already assigned (icons/tools/fishing/net-simple-brown.webp) — replace only for a unified look"
"flint-and-steel.webp","Flint and Steel","gear","—","item icon","Metal flint and steel","P3","C:/Projects/FoundryVTT/DakksUltimateTokens/art/equipment/flint-and-steel.webp; library icon already assigned (icons/sundries/survival/fire-lighter-brass-lit.webp) — replace only for a unified look"
"galleon.webp","Galleon","gear","—","item icon","Hardwood galleon","P3","C:/Projects/FoundryVTT/DakksUltimateTokens/art/equipment/galleon.webp; library icon already assigned (icons/environment/settlement/ship.webp) — replace only for a unified look"
"girdle.webp","Girdle","gear","—","item icon","Leather girdle","P3","C:/Projects/FoundryVTT/DakksUltimateTokens/art/equipment/girdle.webp; library icon already assigned (icons/equipment/waist/belt-thick-ring-leather-tan.webp) — replace only for a unified look"
"glass-bottle.webp","Glass Bottle","gear","—","item icon","Glass bottle","P3","C:/Projects/FoundryVTT/DakksUltimateTokens/art/equipment/glass-bottle.webp; library icon already assigned (icons/consumables/potions/bottle-round-empty-glass.webp) — replace only for a unified look"
"gloves.webp","Gloves","gear","—","item icon","Leather gloves","P3","C:/Projects/FoundryVTT/DakksUltimateTokens/art/equipment/gloves.webp; library icon already assigned (icons/equipment/hand/gloves-leather-tan.webp) — replace only for a unified look"
"goat.webp","Goat","gear","—","item icon","Leather goat","P3","C:/Projects/FoundryVTT/DakksUltimateTokens/art/equipment/goat.webp; library icon already assigned (icons/creatures/mammals/goat-horned-blue.webp) — replace only for a unified look"
"goose.webp","Goose","gear","—","item icon","Leather goose","P3","C:/Projects/FoundryVTT/DakksUltimateTokens/art/equipment/goose.webp; library icon already assigned (icons/creatures/birds/duck-green.webp) — replace only for a unified look"
"gown-common.webp","Gown, Common","gear","—","item icon","Cloth gown common","P3","C:/Projects/FoundryVTT/DakksUltimateTokens/art/equipment/gown-common.webp; library icon already assigned (icons/equipment/chest/robe-layered-white.webp) — replace only for a unified look"
"grappling-hook.webp","Grappling Hook","gear","—","item icon","Metal grappling hook","P3","C:/Projects/FoundryVTT/DakksUltimateTokens/art/equipment/grappling-hook.webp; library icon already assigned (icons/sundries/survival/climbing-anchor-steel-grey.webp) — replace only for a unified look"
"great-galley.webp","Great Galley","gear","—","item icon","Hardwood great galley","P3","C:/Projects/FoundryVTT/DakksUltimateTokens/art/equipment/great-galley.webp; library icon already assigned (icons/environment/settlement/ship.webp) — replace only for a unified look"
"guinea-hen.webp","Guinea Hen","gear","—","item icon","Leather guinea hen","P3","C:/Projects/FoundryVTT/DakksUltimateTokens/art/equipment/guinea-hen.webp; library icon already assigned (icons/creatures/birds/chicken-hen-green.webp) — replace only for a unified look"
"halter.webp","Halter","gear","—","item icon","Corded rope halter","P3","C:/Projects/FoundryVTT/DakksUltimateTokens/art/equipment/halter.webp; library icon already assigned (icons/sundries/survival/rope-noose-brown.webp) — replace only for a unified look"
"herbs.webp","Herbs (per day)","gear","—","item icon","Cloth herbs","P3","C:/Projects/FoundryVTT/DakksUltimateTokens/art/equipment/herbs.webp; library icon already assigned (icons/consumables/plants/herb-tied-bundle-green.webp) — replace only for a unified look"
"holy-item.webp","Holy Item","gear","—","item icon","Metal holy item","P3","C:/Projects/FoundryVTT/DakksUltimateTokens/art/equipment/holy-item.webp; library icon already assigned (icons/equipment/neck/amulet-carved-stone-cross.webp) — replace only for a unified look"
"honey.webp","Honey","gear","—","item icon","Fired clay honey","P3","C:/Projects/FoundryVTT/DakksUltimateTokens/art/equipment/honey.webp; library icon already assigned (icons/consumables/food/honey-beehive-brown.webp) — replace only for a unified look"
"horse-draft.webp","Horse, Draft","gear","—","item icon","Leather horse draft","P3","C:/Projects/FoundryVTT/DakksUltimateTokens/art/equipment/horse-draft.webp; library icon already assigned (icons/environment/creatures/horses.webp) — replace only for a unified look"
"horse-heavy-war.webp","Horse, Heavy War","gear","—","item icon","Leather horse heavy war","P3","C:/Projects/FoundryVTT/DakksUltimateTokens/art/equipment/horse-heavy-war.webp; library icon already assigned (icons/environment/creatures/horse-brown.webp) — replace only for a unified look"
"horse-light-war.webp","Horse, Light War","gear","—","item icon","Leather horse light war","P3","C:/Projects/FoundryVTT/DakksUltimateTokens/art/equipment/horse-light-war.webp; library icon already assigned (icons/environment/creatures/horse-tan.webp) — replace only for a unified look"
"horse-medium-war.webp","Horse, Medium War","gear","—","item icon","Leather horse medium war","P3","C:/Projects/FoundryVTT/DakksUltimateTokens/art/equipment/horse-medium-war.webp; library icon already assigned (icons/environment/creatures/horse-white.webp) — replace only for a unified look"
"horse-riding.webp","Horse, Riding","gear","—","item icon","Leather horse riding","P3","C:/Projects/FoundryVTT/DakksUltimateTokens/art/equipment/horse-riding.webp; library icon already assigned (icons/environment/creatures/horse-brown.webp) — replace only for a unified look"
"horseshoes-and-shoeing.webp","Horseshoes and Shoeing","gear","—","item icon","Metal horseshoes and shoeing","P3","C:/Projects/FoundryVTT/DakksUltimateTokens/art/equipment/horseshoes-and-shoeing.webp; library icon already assigned (icons/sundries/misc/horseshoe-iron.webp) — replace only for a unified look"
"hose.webp","Hose","gear","—","item icon","Cloth hose","P3","C:/Projects/FoundryVTT/DakksUltimateTokens/art/equipment/hose.webp; library icon already assigned (icons/equipment/leg/pants-green-fabric-pants.webp) — replace only for a unified look"
"hourglass.webp","Hourglass","gear","—","item icon","Hourglass","P3","C:/Projects/FoundryVTT/DakksUltimateTokens/art/equipment/hourglass.webp; library icon already assigned (icons/tools/navigation/hourglass.webp) — replace only for a unified look"
"hunting-cat.webp","Hunting Cat (jaguar, panther, etc.)","gear","—","item icon","Leather hunting cat","P3","C:/Projects/FoundryVTT/DakksUltimateTokens/art/equipment/hunting-cat.webp; library icon already assigned (icons/creatures/mammals/cat-hunched-glowing-red.webp) — replace only for a unified look"
"inn-lodging-common.webp","Inn Lodging, Common (per day/week)","gear","—","item icon","Leather inn lodging common","P3","C:/Projects/FoundryVTT/DakksUltimateTokens/art/equipment/inn-lodging-common.webp; library icon already assigned (icons/environment/settlement/tavern.webp) — replace only for a unified look"
"inn-lodging-common-second-row.webp","Inn Lodging, Common (per day/week) - second listing","gear","—","item icon","Leather inn lodging common (per day/week) - second listing","P3","C:/Projects/FoundryVTT/DakksUltimateTokens/art/equipment/inn-lodging-common-second-row.webp; library icon already assigned (icons/environment/settlement/tavern-tan.webp) — replace only for a unified look"
"iron-pot.webp","Iron Pot","gear","—","item icon","Metal iron pot","P3","C:/Projects/FoundryVTT/DakksUltimateTokens/art/equipment/iron-pot.webp; library icon already assigned (icons/tools/cooking/pot-camping-iron-black.webp) — replace only for a unified look"
"knarr.webp","Knarr","gear","—","item icon","Hardwood knarr","P3","C:/Projects/FoundryVTT/DakksUltimateTokens/art/equipment/knarr.webp; library icon already assigned (icons/environment/settlement/ship.webp) — replace only for a unified look"
"knife-sheath.webp","Knife Sheath","gear","—","item icon","Leather knife sheath","P3","C:/Projects/FoundryVTT/DakksUltimateTokens/art/equipment/knife-sheath.webp; library icon already assigned (icons/sundries/survival/leather-strap-brown.webp) — replace only for a unified look"
"ladder-10-feet.webp","Ladder, 10 Feet","gear","—","item icon","Hardwood ladder 10 feet","P3","C:/Projects/FoundryVTT/DakksUltimateTokens/art/equipment/ladder-10-feet.webp; library icon already assigned (icons/tools/hand/ladder-common-wood.webp) — replace only for a unified look"
"lantern-beacon.webp","Lantern, Beacon","gear","—","item icon","Metal lantern beacon","P3","C:/Projects/FoundryVTT/DakksUltimateTokens/art/equipment/lantern-beacon.webp; library icon already assigned (icons/sundries/lights/lantern-steel.webp) — replace only for a unified look"
"lantern-bullseye.webp","Lantern, Bull's-Eye","gear","—","item icon","Metal lantern bull's-eye","P3","C:/Projects/FoundryVTT/DakksUltimateTokens/art/equipment/lantern-bullseye.webp; library icon already assigned (icons/sundries/lights/lantern-bullseye-signal-copper.webp) — replace only for a unified look"
"lantern-hooded.webp","Lantern, Hooded","gear","—","item icon","Metal lantern hooded","P3","C:/Projects/FoundryVTT/DakksUltimateTokens/art/equipment/lantern-hooded.webp; library icon already assigned (icons/sundries/lights/lantern-iron-yellow.webp) — replace only for a unified look"
"lifestyle-middle-class.webp","Lifestyle, Middle-Class (per month)","gear","—","item icon","Leather lifestyle middle-class","P3","C:/Projects/FoundryVTT/DakksUltimateTokens/art/equipment/lifestyle-middle-class.webp; library icon already assigned (icons/environment/settlement/house-city.webp) — replace only for a unified look"
"lifestyle-poor.webp","Lifestyle, Poor (per month)","gear","—","item icon","Leather lifestyle poor","P3","C:/Projects/FoundryVTT/DakksUltimateTokens/art/equipment/lifestyle-poor.webp; library icon already assigned (icons/environment/settlement/hut.webp) — replace only for a unified look"
"lifestyle-squalid.webp","Lifestyle, Squalid (per month)","gear","—","item icon","Leather lifestyle squalid","P3","C:/Projects/FoundryVTT/DakksUltimateTokens/art/equipment/lifestyle-squalid.webp; library icon already assigned (icons/environment/settlement/building-rubble.webp) — replace only for a unified look"
"lifestyle-wealthy.webp","Lifestyle, Wealthy (per month)","gear","—","item icon","Leather lifestyle wealthy","P3","C:/Projects/FoundryVTT/DakksUltimateTokens/art/equipment/lifestyle-wealthy.webp; library icon already assigned (icons/environment/settlement/house-manor.webp) — replace only for a unified look"
"lock-good.webp","Lock, Good","gear","—","item icon","Metal lock good","P3","C:/Projects/FoundryVTT/DakksUltimateTokens/art/equipment/lock-good.webp; library icon already assigned (icons/sundries/misc/lock-bronze-reinforced.webp) — replace only for a unified look"
"lock-poor.webp","Lock, Poor","gear","—","item icon","Metal lock poor","P3","C:/Projects/FoundryVTT/DakksUltimateTokens/art/equipment/lock-poor.webp; library icon already assigned (icons/sundries/misc/lock-steel-blue.webp) — replace only for a unified look"
"longship.webp","Longship","gear","—","item icon","Hardwood longship","P3","C:/Projects/FoundryVTT/DakksUltimateTokens/art/equipment/longship.webp; library icon already assigned (icons/environment/settlement/ship.webp) — replace only for a unified look"
"magnifying-glass.webp","Magnifying Glass","gear","—","item icon","Magnifying glass","P3","C:/Projects/FoundryVTT/DakksUltimateTokens/art/equipment/magnifying-glass.webp; library icon already assigned (icons/tools/scribal/magnifying-glass.webp) — replace only for a unified look"
"map-or-scroll-case.webp","Map or Scroll Case","gear","—","item icon","Leather map or scroll case","P3","C:/Projects/FoundryVTT/DakksUltimateTokens/art/equipment/map-or-scroll-case.webp; library icon already assigned (icons/containers/bags/case-scroll-leather-tan.webp) — replace only for a unified look"
"meals-common.webp","Meals, Common (per day)","gear","—","item icon","Leather meals common","P3","C:/Projects/FoundryVTT/DakksUltimateTokens/art/equipment/meals-common.webp; library icon already assigned (icons/consumables/food/bowl-stew-brown.webp) — replace only for a unified look"
"meals-good.webp","Meals, Good (per day)","gear","—","item icon","Leather meals good","P3","C:/Projects/FoundryVTT/DakksUltimateTokens/art/equipment/meals-good.webp; library icon already assigned (icons/consumables/food/plate-chicken-grilled-mushroom-brown.webp) — replace only for a unified look"
"meals-poor.webp","Meals, Poor (per day)","gear","—","item icon","Leather meals poor","P3","C:/Projects/FoundryVTT/DakksUltimateTokens/art/equipment/meals-poor.webp; library icon already assigned (icons/consumables/food/soup-broth-bowl-wooden-yellow.webp) — replace only for a unified look"
"meat-one-meal.webp","Meat (one meal)","gear","—","item icon","Cloth one meal meat","P3","C:/Projects/FoundryVTT/DakksUltimateTokens/art/equipment/meat-one-meal.webp; library icon already assigned (icons/consumables/food/steak-cooked-grilled-brown.webp) — replace only for a unified look"
"merchants-scale.webp","Merchant's Scale","gear","—","item icon","Metal merchant's scale","P3","C:/Projects/FoundryVTT/DakksUltimateTokens/art/equipment/merchants-scale.webp; library icon already assigned (icons/tools/hand/scale-balances-merchant-brown.webp) — replace only for a unified look"
"mirror-small-metal.webp","Mirror, Small Metal","gear","—","item icon","Mirror small metal","P3","C:/Projects/FoundryVTT/DakksUltimateTokens/art/equipment/mirror-small-metal.webp; library icon already assigned (icons/sundries/survival/mirror-plain.webp) — replace only for a unified look"
"mittens.webp","Mittens","gear","—","item icon","Cloth mittens","P3","C:/Projects/FoundryVTT/DakksUltimateTokens/art/equipment/mittens.webp; library icon already assigned (icons/equipment/hand/glove-frayed-cloth-grey.webp) — replace only for a unified look"
"musical-instrument.webp","Musical Instrument","gear","—","item icon","Thin wood musical instrument","P3","C:/Projects/FoundryVTT/DakksUltimateTokens/art/equipment/musical-instrument.webp; library icon already assigned (icons/tools/instruments/lute-gold-brown.webp) — replace only for a unified look"
"nuts.webp","Nuts (per lb.)","gear","—","item icon","Cloth nuts","P3","C:/Projects/FoundryVTT/DakksUltimateTokens/art/equipment/nuts.webp; library icon already assigned (icons/consumables/nuts/walnut-shelled-brown.webp) — replace only for a unified look"
"oar-common.webp","Oar, Common","gear","—","item icon","Hardwood oar common","P3","C:/Projects/FoundryVTT/DakksUltimateTokens/art/equipment/oar-common.webp; library icon already assigned (icons/commodities/wood/wood-pole.webp) — replace only for a unified look"
"oar-galley.webp","Oar, Galley","gear","—","item icon","Hardwood oar galley","P3","C:/Projects/FoundryVTT/DakksUltimateTokens/art/equipment/oar-galley.webp; library icon already assigned (icons/commodities/wood/lumber-square-beam.webp) — replace only for a unified look"
"oil-greek-fire.webp","Oil, Greek Fire (per flask)","gear","—","item icon","A stoppered vial of liquid, oil greek fire","P3","C:/Projects/FoundryVTT/DakksUltimateTokens/art/equipment/oil-greek-fire.webp; library icon already assigned (icons/consumables/potions/bottle-conical-corked-yellow.webp) — replace only for a unified look"
"oil-lamp.webp","Oil, Lamp (per flask)","gear","—","item icon","A stoppered vial of liquid, oil lamp","P3","C:/Projects/FoundryVTT/DakksUltimateTokens/art/equipment/oil-lamp.webp; library icon already assigned (icons/consumables/potions/bottle-round-corked-orange.webp) — replace only for a unified look"
"ox.webp","Ox","gear","—","item icon","Leather ox","P3","C:/Projects/FoundryVTT/DakksUltimateTokens/art/equipment/ox.webp; library icon already assigned (icons/creatures/mammals/ox-buffalo-horned-green.webp) — replace only for a unified look"
"paper.webp","Paper (per sheet)","gear","—","item icon","A rolled parchment, paper","P3","C:/Projects/FoundryVTT/DakksUltimateTokens/art/equipment/paper.webp; library icon already assigned (icons/sundries/documents/paper-plain-white.webp) — replace only for a unified look"
"papyrus.webp","Papyrus (per sheet)","gear","—","item icon","A rolled parchment, papyrus","P3","C:/Projects/FoundryVTT/DakksUltimateTokens/art/equipment/papyrus.webp; library icon already assigned (icons/commodities/materials/parchment-secrets.webp) — replace only for a unified look"
"parchment.webp","Parchment (per sheet)","gear","—","item icon","A rolled parchment, parchment","P3","C:/Projects/FoundryVTT/DakksUltimateTokens/art/equipment/parchment.webp; library icon already assigned (icons/sundries/documents/parchment-plain-tan.webp) — replace only for a unified look"
"partridge.webp","Partridge","gear","—","item icon","Leather partridge","P3","C:/Projects/FoundryVTT/DakksUltimateTokens/art/equipment/partridge.webp; library icon already assigned (icons/creatures/birds/birds-flock-fly-yellow.webp) — replace only for a unified look"
"peacock.webp","Peacock","gear","—","item icon","Leather peacock","P3","C:/Projects/FoundryVTT/DakksUltimateTokens/art/equipment/peacock.webp; library icon already assigned (icons/creatures/birds/songbird-yellow-flying.webp) — replace only for a unified look"
"perfume.webp","Perfume (per vial)","gear","—","item icon","Glass perfume","P3","C:/Projects/FoundryVTT/DakksUltimateTokens/art/equipment/perfume.webp; library icon already assigned (icons/consumables/potions/bottle-pear-corked-pink.webp) — replace only for a unified look"
"pig.webp","Pig","gear","—","item icon","Leather pig","P3","C:/Projects/FoundryVTT/DakksUltimateTokens/art/equipment/pig.webp; library icon already assigned (icons/creatures/mammals/livestock-pig-green.webp) — replace only for a unified look"
"pigeon.webp","Pigeon","gear","—","item icon","Leather pigeon","P3","C:/Projects/FoundryVTT/DakksUltimateTokens/art/equipment/pigeon.webp; library icon already assigned (icons/creatures/birds/dove-pigeon-flying-white.webp) — replace only for a unified look"
"pigeon-messenger.webp","Pigeon, Messenger","gear","—","item icon","Leather pigeon messenger","P3","C:/Projects/FoundryVTT/DakksUltimateTokens/art/equipment/pigeon-messenger.webp; library icon already assigned (icons/creatures/birds/dove-pigeon-flying-white.webp) — replace only for a unified look"
"pin.webp","Pin","gear","—","item icon","Metal pin","P3","C:/Projects/FoundryVTT/DakksUltimateTokens/art/equipment/pin.webp; library icon already assigned (icons/tools/fasteners/pin-round.webp) — replace only for a unified look"
"piton.webp","Piton","gear","—","item icon","Metal piton","P3","C:/Projects/FoundryVTT/DakksUltimateTokens/art/equipment/piton.webp; library icon already assigned (icons/tools/fasteners/nail-steel-grey.webp) — replace only for a unified look"
"pony.webp","Pony","gear","—","item icon","Leather pony","P3","C:/Projects/FoundryVTT/DakksUltimateTokens/art/equipment/pony.webp; library icon already assigned (icons/environment/creatures/horse-tan.webp) — replace only for a unified look"
"quiver.webp","Quiver","gear","—","item icon","Leather quiver","P3","C:/Projects/FoundryVTT/DakksUltimateTokens/art/equipment/quiver.webp; library icon already assigned (icons/containers/ammunition/quiver-simple-brown.webp) — replace only for a unified look"
"raft-or-small-keelboat.webp","Raft or Small Keelboat","gear","—","item icon","Hardwood raft or small keelboat","P3","C:/Projects/FoundryVTT/DakksUltimateTokens/art/equipment/raft-or-small-keelboat.webp; library icon already assigned (icons/commodities/wood/lumber-plank-brown.webp) — replace only for a unified look"
"raisins.webp","Raisins (per lb.)","gear","—","item icon","Cloth raisins","P3","C:/Projects/FoundryVTT/DakksUltimateTokens/art/equipment/raisins.webp; library icon already assigned (icons/consumables/fruit/grapes-bunch-purple.webp) — replace only for a unified look"
"ram.webp","Ram","gear","—","item icon","Leather ram","P3","C:/Projects/FoundryVTT/DakksUltimateTokens/art/equipment/ram.webp; library icon already assigned (icons/creatures/mammals/livestock-sheep-green.webp) — replace only for a unified look"
"rations-dry.webp","Dry Rations (per week)","gear","—","item icon","Cloth dry rations","P3","C:/Projects/FoundryVTT/DakksUltimateTokens/art/equipment/rations-dry.webp; library icon already assigned (icons/consumables/grains/breadsticks-crackers-wrapped-ration-brown.webp) — replace only for a unified look"
"rice.webp","Rice (per lb.)","gear","—","item icon","Cloth rice","P3","C:/Projects/FoundryVTT/DakksUltimateTokens/art/equipment/rice.webp; library icon already assigned (icons/consumables/grains/sack-rice-open-brown.webp) — replace only for a unified look"
"robe-common.webp","Robe, Common","gear","—","item icon","Cloth robe common","P3","C:/Projects/FoundryVTT/DakksUltimateTokens/art/equipment/robe-common.webp; library icon already assigned (icons/equipment/chest/robe-collared-blue.webp) — replace only for a unified look"
"robe-embroidered.webp","Robe, Embroidered","gear","—","item icon","Cloth robe embroidered","P3","C:/Projects/FoundryVTT/DakksUltimateTokens/art/equipment/robe-embroidered.webp; library icon already assigned (icons/equipment/chest/robe-layered-purple.webp) — replace only for a unified look"
"rope-hemp.webp","Rope, Hemp (per 50 feet)","gear","—","item icon","Rope hemp","P3","C:/Projects/FoundryVTT/DakksUltimateTokens/art/equipment/rope-hemp.webp; library icon already assigned (icons/sundries/survival/rope-coil-brown.webp) — replace only for a unified look"
"rope-silk.webp","Rope, Silk (per 50 feet)","gear","—","item icon","Rope silk","P3","C:/Projects/FoundryVTT/DakksUltimateTokens/art/equipment/rope-silk.webp; library icon already assigned (icons/sundries/survival/rope-coiled-tan.webp) — replace only for a unified look"
"sack-extra-large.webp","Sack, Extra-Large","gear","—","item icon","Cloth sack extra-large","P3","C:/Projects/FoundryVTT/DakksUltimateTokens/art/equipment/sack-extra-large.webp; library icon already assigned (icons/containers/bags/sack-cloth-heavy-brown.webp) — replace only for a unified look"
"sack-large.webp","Sack, Large","gear","—","item icon","Cloth sack large","P3","C:/Projects/FoundryVTT/DakksUltimateTokens/art/equipment/sack-large.webp; library icon already assigned (icons/containers/bags/sack-cloth-brown.webp) — replace only for a unified look"
"sack-small.webp","Sack, Small","gear","—","item icon","Cloth sack small","P3","C:/Projects/FoundryVTT/DakksUltimateTokens/art/equipment/sack-small.webp; library icon already assigned (icons/containers/bags/sack-cloth-tan.webp) — replace only for a unified look"
"sack-tiny.webp","Sack, Tiny","gear","—","item icon","Cloth sack tiny","P3","C:/Projects/FoundryVTT/DakksUltimateTokens/art/equipment/sack-tiny.webp; library icon already assigned (icons/containers/bags/pouch-cloth-tan.webp) — replace only for a unified look"
"saddle-bags-large.webp","Saddle Bags, Large","gear","—","item icon","Leather saddle bags large","P3","C:/Projects/FoundryVTT/DakksUltimateTokens/art/equipment/saddle-bags-large.webp; library icon already assigned (icons/containers/bags/sack-leather-brown-green.webp) — replace only for a unified look"
"saddle-bags-small.webp","Saddle Bags, Small","gear","—","item icon","Leather saddle bags small","P3","C:/Projects/FoundryVTT/DakksUltimateTokens/art/equipment/saddle-bags-small.webp; library icon already assigned (icons/containers/bags/pouch-leather-silver-brown.webp) — replace only for a unified look"
"saddle-blanket.webp","Saddle Blanket","gear","—","item icon","Cloth saddle blanket","P3","C:/Projects/FoundryVTT/DakksUltimateTokens/art/equipment/saddle-blanket.webp; library icon already assigned (icons/commodities/cloth/cloth-worn-blue.webp) — replace only for a unified look"
"saddle-pack.webp","Saddle, Pack","gear","—","item icon","Leather saddle pack","P3","C:/Projects/FoundryVTT/DakksUltimateTokens/art/equipment/saddle-pack.webp; library icon already assigned (icons/containers/bags/sack-leather-tan.webp) — replace only for a unified look"
"saddle-riding.webp","Saddle, Riding","gear","—","item icon","Leather saddle riding","P3","C:/Projects/FoundryVTT/DakksUltimateTokens/art/equipment/saddle-riding.webp; library icon already assigned (icons/containers/bags/case-embossed-leather-tan.webp) — replace only for a unified look"
"sail.webp","Sail","gear","—","item icon","Cloth sail","P3","C:/Projects/FoundryVTT/DakksUltimateTokens/art/equipment/sail.webp; library icon already assigned (icons/commodities/cloth/cloth-roll-worn-tan.webp) — replace only for a unified look"
"salt.webp","Salt (per lb.)","gear","—","item icon","Cloth salt","P3","C:/Projects/FoundryVTT/DakksUltimateTokens/art/equipment/salt.webp; library icon already assigned (icons/consumables/food/salt-seasoning-spice-pink.webp) — replace only for a unified look"
"salted-herring.webp","Salted Herring (per 100)","gear","—","item icon","Cloth salted herring","P3","C:/Projects/FoundryVTT/DakksUltimateTokens/art/equipment/salted-herring.webp; library icon already assigned (icons/consumables/food/dried-meat-jerky-fish-red.webp) — replace only for a unified look"
"sandals.webp","Sandals","gear","—","item icon","Leather sandals","P3","C:/Projects/FoundryVTT/DakksUltimateTokens/art/equipment/sandals.webp; library icon already assigned (icons/equipment/feet/shoes-sandals.webp) — replace only for a unified look"
"sash.webp","Sash","gear","—","item icon","Cloth sash","P3","C:/Projects/FoundryVTT/DakksUltimateTokens/art/equipment/sash.webp; library icon already assigned (icons/equipment/waist/sash-cloth-red.webp) — replace only for a unified look"
"sealing-wax.webp","Sealing/Candle Wax (per lb.)","gear","—","item icon","A stoppered vial of liquid, sealing/candle wax","P3","C:/Projects/FoundryVTT/DakksUltimateTokens/art/equipment/sealing-wax.webp; library icon already assigned (icons/sundries/lights/candle-unlit-red.webp) — replace only for a unified look"
"sedan-chair.webp","Sedan Chair","gear","—","item icon","Hardwood sedan chair","P3","C:/Projects/FoundryVTT/DakksUltimateTokens/art/equipment/sedan-chair.webp; library icon already assigned (icons/commodities/wood/furniture-stool-brown.webp) — replace only for a unified look"
"separate-latrine.webp","Separate Latrine for Rooms (per month)","gear","—","item icon","Leather separate latrine for rooms","P3","C:/Projects/FoundryVTT/DakksUltimateTokens/art/equipment/separate-latrine.webp; library icon already assigned (icons/environment/settlement/sewer-entrance.webp) — replace only for a unified look"
"service-bath.webp","Bath","gear","—","item icon","Leather bath","P3","C:/Projects/FoundryVTT/DakksUltimateTokens/art/equipment/service-bath.webp; library icon already assigned (icons/containers/misc/bucket-wooden-brown.webp) — replace only for a unified look"
"service-clerk.webp","Clerk (per letter)","gear","—","item icon","Leather clerk","P3","C:/Projects/FoundryVTT/DakksUltimateTokens/art/equipment/service-clerk.webp; library icon already assigned (icons/tools/scribal/ink-quill-red.webp) — replace only for a unified look"
"service-doctor.webp","Doctor, Leech, or Bleeding","gear","—","item icon","Leather doctor leech or bleeding","P3","C:/Projects/FoundryVTT/DakksUltimateTokens/art/equipment/service-doctor.webp; library icon already assigned (icons/tools/hand/saw-surgical-steel-grey.webp) — replace only for a unified look"
"service-guide-city.webp","Guide, City (per day)","gear","—","item icon","Leather guide city","P3","C:/Projects/FoundryVTT/DakksUltimateTokens/art/equipment/service-guide-city.webp; library icon already assigned (icons/tools/navigation/map-simple-brown.webp) — replace only for a unified look"
"service-lantern-or-torchbearer.webp","Lantern or Torchbearer (per night)","gear","—","item icon","Leather lantern or torchbearer","P3","C:/Projects/FoundryVTT/DakksUltimateTokens/art/equipment/service-lantern-or-torchbearer.webp; library icon already assigned (icons/sundries/lights/torch-brown-lit.webp) — replace only for a unified look"
"service-laundry.webp","Laundry (by load)","gear","—","item icon","Leather laundry","P3","C:/Projects/FoundryVTT/DakksUltimateTokens/art/equipment/service-laundry.webp; library icon already assigned (icons/sundries/survival/soap.webp) — replace only for a unified look"
"service-messenger-city.webp","Messenger, City (per message)","gear","—","item icon","Leather messenger city","P3","C:/Projects/FoundryVTT/DakksUltimateTokens/art/equipment/service-messenger-city.webp; library icon already assigned (icons/sundries/documents/paper-plain-white.webp) — replace only for a unified look"
"service-minstrel.webp","Minstrel (per performance)","gear","—","item icon","Leather minstrel","P3","C:/Projects/FoundryVTT/DakksUltimateTokens/art/equipment/service-minstrel.webp; library icon already assigned (icons/tools/instruments/lute-gold-brown.webp) — replace only for a unified look"
"service-mourner.webp","Mourner (per funeral)","gear","—","item icon","Leather mourner","P3","C:/Projects/FoundryVTT/DakksUltimateTokens/art/equipment/service-mourner.webp; library icon already assigned (icons/environment/settlement/graveyard.webp) — replace only for a unified look"
"service-teamster-with-wagon.webp","Teamster with Wagon (per mile)","gear","—","item icon","Leather teamster with wagon","P3","C:/Projects/FoundryVTT/DakksUltimateTokens/art/equipment/service-teamster-with-wagon.webp; library icon already assigned (icons/environment/settlement/wagon.webp) — replace only for a unified look"
"sewing-needle.webp","Sewing Needle","gear","—","item icon","Metal sewing needle","P3","C:/Projects/FoundryVTT/DakksUltimateTokens/art/equipment/sewing-needle.webp; library icon already assigned (icons/tools/hand/sewing-needle-thread.webp) — replace only for a unified look"
"sheep.webp","Sheep","gear","—","item icon","Leather sheep","P3","C:/Projects/FoundryVTT/DakksUltimateTokens/art/equipment/sheep.webp; library icon already assigned (icons/creatures/mammals/livestock-sheep-green.webp) — replace only for a unified look"
"shoes.webp","Shoes","gear","—","item icon","Leather shoes","P3","C:/Projects/FoundryVTT/DakksUltimateTokens/art/equipment/shoes.webp; library icon already assigned (icons/equipment/feet/shoes-leather-simple-brown.webp) — replace only for a unified look"
"signal-whistle.webp","Signal Whistle","gear","—","item icon","Metal signal whistle","P3","C:/Projects/FoundryVTT/DakksUltimateTokens/art/equipment/signal-whistle.webp; library icon already assigned (icons/tools/instruments/whistle-copper.webp) — replace only for a unified look"
"signet-ring.webp","Signet Ring or Personal Seal","gear","—","item icon","Soft metal signet ring or personal seal","P3","C:/Projects/FoundryVTT/DakksUltimateTokens/art/equipment/signet-ring.webp; library icon already assigned (icons/equipment/finger/ring-horseshoe-gold-red.webp) — replace only for a unified look"
"silk-jacket.webp","Silk Jacket","gear","—","item icon","Cloth silk jacket","P3","C:/Projects/FoundryVTT/DakksUltimateTokens/art/equipment/silk-jacket.webp; library icon already assigned (icons/equipment/chest/coat-collared-red-gold.webp) — replace only for a unified look"
"small-beer.webp","Small Beer (per gallon)","gear","—","item icon","Hardwood small beer","P3","C:/Projects/FoundryVTT/DakksUltimateTokens/art/equipment/small-beer.webp; library icon already assigned (icons/consumables/drinks/alcohol-beer-stein-wooden-brown.webp) — replace only for a unified look"
"soap.webp","Soap (per lb.)","gear","—","item icon","A stoppered vial of liquid, soap","P3","C:/Projects/FoundryVTT/DakksUltimateTokens/art/equipment/soap.webp; library icon already assigned (icons/sundries/survival/soap.webp) — replace only for a unified look"
"songbird.webp","Songbird","gear","—","item icon","Leather songbird","P3","C:/Projects/FoundryVTT/DakksUltimateTokens/art/equipment/songbird.webp; library icon already assigned (icons/creatures/birds/songbird-yellow-flying.webp) — replace only for a unified look"
"soup.webp","Soup","gear","—","item icon","Fired clay soup","P3","C:/Projects/FoundryVTT/DakksUltimateTokens/art/equipment/soup.webp; library icon already assigned (icons/consumables/food/pot-soup-white.webp) — replace only for a unified look"
"spice-exotic.webp","Spice, Exotic (per lb.)","gear","—","item icon","Cloth spice exotic","P3","C:/Projects/FoundryVTT/DakksUltimateTokens/art/equipment/spice-exotic.webp; library icon already assigned (icons/consumables/food/spice-anise-pod.webp) — replace only for a unified look"
"spice-rare.webp","Spice, Rare (per lb.)","gear","—","item icon","Cloth spice rare","P3","C:/Projects/FoundryVTT/DakksUltimateTokens/art/equipment/spice-rare.webp; library icon already assigned (icons/consumables/plants/dried-herbs-leaves-brown.webp) — replace only for a unified look"
"spice-uncommon.webp","Spice, Uncommon (per lb.)","gear","—","item icon","Cloth spice uncommon","P3","C:/Projects/FoundryVTT/DakksUltimateTokens/art/equipment/spice-uncommon.webp; library icon already assigned (icons/consumables/plants/dried-herb-bundle-brown.webp) — replace only for a unified look"
"spyglass.webp","Spyglass","gear","—","item icon","Spyglass","P3","C:/Projects/FoundryVTT/DakksUltimateTokens/art/equipment/spyglass.webp; library icon already assigned (icons/tools/navigation/spyglass-telescope-brass.webp) — replace only for a unified look"
"stabling-for-horse.webp","Stabling for Horse (daily)","gear","—","item icon","Leather daily stabling for horse","P3","C:/Projects/FoundryVTT/DakksUltimateTokens/art/equipment/stabling-for-horse.webp; library icon already assigned (icons/environment/settlement/stable.webp) — replace only for a unified look"
"surcoat.webp","Surcoat","gear","—","item icon","Cloth surcoat","P3","C:/Projects/FoundryVTT/DakksUltimateTokens/art/equipment/surcoat.webp; library icon already assigned (icons/equipment/chest/vest-cloth-tattered-tan.webp) — replace only for a unified look"
"swan.webp","Swan","gear","—","item icon","Leather swan","P3","C:/Projects/FoundryVTT/DakksUltimateTokens/art/equipment/swan.webp; library icon already assigned (icons/creatures/birds/duck-green.webp) — replace only for a unified look"
"sword-scabbard.webp","Sword Scabbard, Hanger, Baldric","gear","—","item icon","Leather sword scabbard hanger baldric","P3","C:/Projects/FoundryVTT/DakksUltimateTokens/art/equipment/sword-scabbard.webp; library icon already assigned (icons/sundries/survival/leather-strap-brown.webp) — replace only for a unified look"
"tabard.webp","Tabard","gear","—","item icon","Cloth tabard","P3","C:/Projects/FoundryVTT/DakksUltimateTokens/art/equipment/tabard.webp; library icon already assigned (icons/equipment/chest/vest-leather-brown.webp) — replace only for a unified look"
"tent-large.webp","Tent, Large","gear","—","item icon","Cloth tent large","P3","C:/Projects/FoundryVTT/DakksUltimateTokens/art/equipment/tent-large.webp; library icon already assigned (icons/environment/settlement/tent.webp) — replace only for a unified look"
"tent-pavilion.webp","Tent, Pavilion","gear","—","item icon","Cloth tent pavilion","P3","C:/Projects/FoundryVTT/DakksUltimateTokens/art/equipment/tent-pavilion.webp; library icon already assigned (icons/environment/settlement/tent-flag.webp) — replace only for a unified look"
"tent-small.webp","Tent, Small","gear","—","item icon","Cloth tent small","P3","C:/Projects/FoundryVTT/DakksUltimateTokens/art/equipment/tent-small.webp; library icon already assigned (icons/sundries/survival/shelter-tent-small.webp) — replace only for a unified look"
"thieves-picks.webp","Thieves' Picks","gear","—","item icon","Metal thieves' picks","P3","C:/Projects/FoundryVTT/DakksUltimateTokens/art/equipment/thieves-picks.webp; library icon already assigned (icons/tools/hand/lockpicks-steel-grey.webp) — replace only for a unified look"
"toga-coarse.webp","Toga, Coarse","gear","—","item icon","Cloth toga coarse","P3","C:/Projects/FoundryVTT/DakksUltimateTokens/art/equipment/toga-coarse.webp; library icon already assigned (icons/equipment/chest/robe-layered-blue.webp) — replace only for a unified look"
"torch.webp","Torch","gear","—","item icon","Hardwood torch","P3","C:/Projects/FoundryVTT/DakksUltimateTokens/art/equipment/torch.webp; library icon already assigned (icons/sundries/lights/torch-brown.webp) — replace only for a unified look"
"tun-of-cider.webp","Tun of Cider (250 gal.)","gear","—","item icon","Hardwood 250 gal. tun of cider","P3","C:/Projects/FoundryVTT/DakksUltimateTokens/art/equipment/tun-of-cider.webp; library icon already assigned (icons/containers/barrels/barrel-hogshead-cask-oak-brown.webp) — replace only for a unified look"
"tun-of-good-wine.webp","Tun of Good Wine (250 gal.)","gear","—","item icon","Hardwood 250 gal. tun of good wine","P3","C:/Projects/FoundryVTT/DakksUltimateTokens/art/equipment/tun-of-good-wine.webp; library icon already assigned (icons/containers/barrels/barrel-oak-banded-tan.webp) — replace only for a unified look"
"tunic.webp","Tunic","gear","—","item icon","Cloth tunic","P3","C:/Projects/FoundryVTT/DakksUltimateTokens/art/equipment/tunic.webp; library icon already assigned (icons/equipment/chest/shirt-simple-white.webp) — replace only for a unified look"
"vest.webp","Vest","gear","—","item icon","Cloth vest","P3","C:/Projects/FoundryVTT/DakksUltimateTokens/art/equipment/vest.webp; library icon already assigned (icons/equipment/chest/vest-leather-brown-gold.webp) — replace only for a unified look"
"wagon-or-cart-wheel.webp","Wagon or Cart Wheel","gear","—","item icon","Hardwood wagon or cart wheel","P3","C:/Projects/FoundryVTT/DakksUltimateTokens/art/equipment/wagon-or-cart-wheel.webp; library icon already assigned (icons/commodities/wood/wood-wheel-brown.webp) — replace only for a unified look"
"water-clock.webp","Water Clock","gear","—","item icon","Metal water clock","P3","C:/Projects/FoundryVTT/DakksUltimateTokens/art/equipment/water-clock.webp; library icon already assigned (icons/tools/navigation/hourglass-grey.webp) — replace only for a unified look"
"whetstone.webp","Whetstone","gear","—","item icon","Whetstone","P3","C:/Projects/FoundryVTT/DakksUltimateTokens/art/equipment/whetstone.webp; library icon already assigned (icons/commodities/stone/stone-cratered-brown.webp) — replace only for a unified look"
"wineskin.webp","Wineskin","gear","—","item icon","Leather wineskin","P3","C:/Projects/FoundryVTT/DakksUltimateTokens/art/equipment/wineskin.webp; library icon already assigned (icons/sundries/survival/waterskin-leather-brown.webp) — replace only for a unified look"
"winter-blanket.webp","Winter Blanket","gear","—","item icon","Cloth winter blanket","P3","C:/Projects/FoundryVTT/DakksUltimateTokens/art/equipment/winter-blanket.webp; library icon already assigned (icons/sundries/survival/bedroll-worn-brown.webp) — replace only for a unified look"
"writing-ink.webp","Writing Ink (per vial)","gear","—","item icon","Glass writing ink","P3","C:/Projects/FoundryVTT/DakksUltimateTokens/art/equipment/writing-ink.webp; library icon already assigned (icons/tools/scribal/ink-quill-red.webp) — replace only for a unified look"
"yoke-horse.webp","Yoke, Horse","gear","—","item icon","Hardwood yoke horse","P3","C:/Projects/FoundryVTT/DakksUltimateTokens/art/equipment/yoke-horse.webp; library icon already assigned (icons/commodities/wood/lumber-square-beam.webp) — replace only for a unified look"
"yoke-ox.webp","Yoke, Ox","gear","—","item icon","Hardwood yoke ox","P3","C:/Projects/FoundryVTT/DakksUltimateTokens/art/equipment/yoke-ox.webp; library icon already assigned (icons/commodities/wood/wood-pole.webp) — replace only for a unified look"
"arquebus.webp","Arquebus","weapon","—","item icon","Steel arquebus, unadorned piercing weapon","P3","C:/Projects/FoundryVTT/DakksUltimateTokens/art/weapons/arquebus.webp; library icon already assigned (icons/weapons/guns/gun-blunderbuss-worn-brown.webp) — replace only for a unified look"
"arquebus-shot.webp","Arquebus Shot","weapon","—","item icon","Soft metal arquebus shot, unadorned piercing weapon","P3","C:/Projects/FoundryVTT/DakksUltimateTokens/art/weapons/arquebus-shot.webp; library icon already assigned (icons/weapons/ammunition/shot-round-lead.webp) — replace only for a unified look"
"arrow-flight.webp","Flight Arrow (12)","weapon","—","item icon","Hardwood flight arrow, unadorned piercing weapon","P3","C:/Projects/FoundryVTT/DakksUltimateTokens/art/weapons/arrow-flight.webp; library icon already assigned (icons/weapons/ammunition/arrow-head-war-flight.webp) — replace only for a unified look"
"arrow-sheaf.webp","Sheaf Arrow (6)","weapon","—","item icon","Hardwood sheaf arrow, unadorned piercing weapon","P3","C:/Projects/FoundryVTT/DakksUltimateTokens/art/weapons/arrow-sheaf.webp; library icon already assigned (icons/weapons/ammunition/arrow-head-war.webp) — replace only for a unified look"
"awl-pike.webp","Awl Pike","weapon","—","item icon","Steel awl pike, unadorned piercing weapon","P3","C:/Projects/FoundryVTT/DakksUltimateTokens/art/weapons/awl-pike.webp; library icon already assigned (icons/weapons/polearms/pike-flared-brown.webp) — replace only for a unified look"
"bardiche.webp","Bardiche","weapon","—","item icon","Steel bardiche, unadorned slashing weapon","P3","C:/Projects/FoundryVTT/DakksUltimateTokens/art/weapons/bardiche.webp; library icon already assigned (icons/weapons/polearms/halberd-crescent-wood.webp) — replace only for a unified look"
"bastard-sword-one-handed.webp","Bastard Sword (One-Handed)","weapon","—","item icon","Steel one-handed bastard sword, unadorned slashing weapon","P3","C:/Projects/FoundryVTT/DakksUltimateTokens/art/weapons/bastard-sword-one-handed.webp; library icon already assigned (icons/weapons/swords/sword-guard-worn.webp) — replace only for a unified look"
"bastard-sword-two-handed.webp","Bastard Sword (Two-Handed)","weapon","—","item icon","Steel two-handed bastard sword, unadorned slashing weapon","P3","C:/Projects/FoundryVTT/DakksUltimateTokens/art/weapons/bastard-sword-two-handed.webp; library icon already assigned (icons/weapons/swords/sword-guard-bronze.webp) — replace only for a unified look"
"battle-axe.webp","Battle Axe","weapon","—","item icon","Steel battle axe, unadorned slashing weapon","P3","C:/Projects/FoundryVTT/DakksUltimateTokens/art/weapons/battle-axe.webp; library icon already assigned (icons/weapons/axes/axe-battle-black.webp) — replace only for a unified look"
"bec-de-corbin.webp","Bec de Corbin","weapon","—","item icon","Steel bec de corbin, unadorned bludgeoning weapon","P3","C:/Projects/FoundryVTT/DakksUltimateTokens/art/weapons/bec-de-corbin.webp; library icon already assigned (icons/weapons/polearms/halberd-crescent-small-spiked.webp) — replace only for a unified look"
"bill-guisarme.webp","Bill-Guisarme","weapon","—","item icon","Steel bill-guisarme, unadorned slashing weapon","P3","C:/Projects/FoundryVTT/DakksUltimateTokens/art/weapons/bill-guisarme.webp; library icon already assigned (icons/weapons/polearms/halberd-hooked-engraved-steel.webp) — replace only for a unified look"
"blowgun.webp","Blowgun","weapon","—","item icon","Hardwood blowgun, unadorned piercing weapon","P3","C:/Projects/FoundryVTT/DakksUltimateTokens/art/weapons/blowgun.webp; library icon already assigned (icons/weapons/staves/staff-simple-brown.webp) — replace only for a unified look"
"blowgun-dart-barbed.webp","Barbed Blowgun Dart (10)","weapon","—","item icon","Hardwood barbed blowgun dart, unadorned piercing weapon","P3","C:/Projects/FoundryVTT/DakksUltimateTokens/art/weapons/blowgun-dart-barbed.webp; library icon already assigned (icons/weapons/ammunition/arrows-barbed-white.webp) — replace only for a unified look"
"blowgun-dart-needle.webp","Needle Blowgun Dart (10)","weapon","—","item icon","Hardwood needle blowgun dart, unadorned piercing weapon","P3","C:/Projects/FoundryVTT/DakksUltimateTokens/art/weapons/blowgun-dart-needle.webp; library icon already assigned (icons/weapons/ammunition/ammunition-piercing.webp) — replace only for a unified look"
"broad-sword.webp","Broad Sword","weapon","—","item icon","Steel broad sword, unadorned slashing weapon","P3","C:/Projects/FoundryVTT/DakksUltimateTokens/art/weapons/broad-sword.webp; library icon already assigned (icons/weapons/swords/sword-broad-worn.webp) — replace only for a unified look"
"club.webp","Club","weapon","—","item icon","Hardwood club, unadorned bludgeoning weapon","P3","C:/Projects/FoundryVTT/DakksUltimateTokens/art/weapons/club.webp; library icon already assigned (icons/weapons/clubs/club-simple-black.webp) — replace only for a unified look"
"composite-long-bow.webp","Composite Long Bow","weapon","—","item icon","Hardwood composite long bow, unadorned piercing weapon","P3","C:/Projects/FoundryVTT/DakksUltimateTokens/art/weapons/composite-long-bow.webp; library icon already assigned (icons/weapons/bows/longbow-recurve-leather-brown.webp) — replace only for a unified look"
"composite-short-bow.webp","Composite Short Bow","weapon","—","item icon","Hardwood composite short bow, unadorned piercing weapon","P3","C:/Projects/FoundryVTT/DakksUltimateTokens/art/weapons/composite-short-bow.webp; library icon already assigned (icons/weapons/bows/shortbow-recurve-leather.webp) — replace only for a unified look"
"cutlass.webp","Cutlass","weapon","—","item icon","Steel cutlass, unadorned slashing weapon","P3","C:/Projects/FoundryVTT/DakksUltimateTokens/art/weapons/cutlass.webp; library icon already assigned (icons/weapons/swords/swords-cutlasses-white.webp) — replace only for a unified look"
"dagger.webp","Dagger / Dirk","weapon","—","item icon","Steel dagger / dirk, unadorned piercing weapon","P3","C:/Projects/FoundryVTT/DakksUltimateTokens/art/weapons/dagger.webp; library icon already assigned (icons/weapons/daggers/dagger-simple-black.webp) — replace only for a unified look"
"dart.webp","Dart","weapon","—","item icon","Hardwood dart, unadorned piercing weapon","P3","C:/Projects/FoundryVTT/DakksUltimateTokens/art/weapons/dart.webp; library icon already assigned (icons/weapons/thrown/dart-feathered.webp) — replace only for a unified look"
"fauchard.webp","Fauchard","weapon","—","item icon","Steel fauchard, unadorned slashing weapon","P3","C:/Projects/FoundryVTT/DakksUltimateTokens/art/weapons/fauchard.webp; library icon already assigned (icons/weapons/polearms/spear-simple-crescent.webp) — replace only for a unified look"
"fauchard-fork.webp","Fauchard-Fork","weapon","—","item icon","Steel fauchard-fork, unadorned slashing weapon","P3","C:/Projects/FoundryVTT/DakksUltimateTokens/art/weapons/fauchard-fork.webp; library icon already assigned (icons/weapons/polearms/spear-hooked-double.webp) — replace only for a unified look"
"footmans-flail.webp","Footman's Flail","weapon","—","item icon","Steel footman's flail, unadorned bludgeoning weapon","P3","C:/Projects/FoundryVTT/DakksUltimateTokens/art/weapons/footmans-flail.webp; library icon already assigned (icons/weapons/maces/flail-spiked-grey.webp) — replace only for a unified look"
"footmans-mace.webp","Footman's Mace","weapon","—","item icon","Steel footman's mace, unadorned bludgeoning weapon","P3","C:/Projects/FoundryVTT/DakksUltimateTokens/art/weapons/footmans-mace.webp; library icon already assigned (icons/weapons/maces/mace-flanged-steel.webp) — replace only for a unified look"
"footmans-pick.webp","Footman's Pick","weapon","—","item icon","Steel footman's pick, unadorned piercing weapon","P3","C:/Projects/FoundryVTT/DakksUltimateTokens/art/weapons/footmans-pick.webp; library icon already assigned (icons/weapons/axes/pickaxe-gray.webp) — replace only for a unified look"
"glaive.webp","Glaive","weapon","—","item icon","Steel glaive, unadorned slashing weapon","P3","C:/Projects/FoundryVTT/DakksUltimateTokens/art/weapons/glaive.webp; library icon already assigned (icons/weapons/polearms/glaive-simple.webp) — replace only for a unified look"
"glaive-guisarme.webp","Glaive-Guisarme","weapon","—","item icon","Steel glaive-guisarme, unadorned slashing weapon","P3","C:/Projects/FoundryVTT/DakksUltimateTokens/art/weapons/glaive-guisarme.webp; library icon already assigned (icons/weapons/polearms/glaive-hooked-steel.webp) — replace only for a unified look"
"guisarme.webp","Guisarme","weapon","—","item icon","Steel guisarme, unadorned slashing weapon","P3","C:/Projects/FoundryVTT/DakksUltimateTokens/art/weapons/guisarme.webp; library icon already assigned (icons/weapons/polearms/glaive-simple-hooked.webp) — replace only for a unified look"
"guisarme-voulge.webp","Guisarme-Voulge","weapon","—","item icon","Steel guisarme-voulge, unadorned slashing weapon","P3","C:/Projects/FoundryVTT/DakksUltimateTokens/art/weapons/guisarme-voulge.webp; library icon already assigned (icons/weapons/polearms/halberd-curved-steel.webp) — replace only for a unified look"
"halberd.webp","Halberd","weapon","—","item icon","Steel halberd, unadorned slashing weapon","P3","C:/Projects/FoundryVTT/DakksUltimateTokens/art/weapons/halberd.webp; library icon already assigned (icons/weapons/polearms/halberd-crescent-steel.webp) — replace only for a unified look"
"hand-axe.webp","Hand Axe (Throwing Axe)","weapon","—","item icon","Steel throwing axe hand axe, unadorned slashing weapon","P3","C:/Projects/FoundryVTT/DakksUltimateTokens/art/weapons/hand-axe.webp; library icon already assigned (icons/weapons/axes/shortaxe-black.webp) — replace only for a unified look"
"hand-crossbow.webp","Hand Crossbow","weapon","—","item icon","Hardwood hand crossbow, unadorned piercing weapon","P3","C:/Projects/FoundryVTT/DakksUltimateTokens/art/weapons/hand-crossbow.webp; library icon already assigned (icons/weapons/crossbows/handcrossbow-black.webp) — replace only for a unified look"
"harpoon.webp","Harpoon","weapon","—","item icon","Steel harpoon, unadorned piercing weapon","P3","C:/Projects/FoundryVTT/DakksUltimateTokens/art/weapons/harpoon.webp; library icon already assigned (icons/weapons/polearms/spear-simple-barbed.webp) — replace only for a unified look"
"heavy-crossbow.webp","Heavy Crossbow","weapon","—","item icon","Hardwood heavy crossbow, unadorned piercing weapon","P3","C:/Projects/FoundryVTT/DakksUltimateTokens/art/weapons/heavy-crossbow.webp; library icon already assigned (icons/weapons/crossbows/crossbow-heavy.webp) — replace only for a unified look"
"hook-fauchard.webp","Hook Fauchard","weapon","—","item icon","Steel hook fauchard, unadorned slashing weapon","P3","C:/Projects/FoundryVTT/DakksUltimateTokens/art/weapons/hook-fauchard.webp; library icon already assigned (icons/weapons/polearms/spear-hooked-brown.webp) — replace only for a unified look"
"horsemans-flail.webp","Horseman's Flail","weapon","—","item icon","Steel horseman's flail, unadorned bludgeoning weapon","P3","C:/Projects/FoundryVTT/DakksUltimateTokens/art/weapons/horsemans-flail.webp; library icon already assigned (icons/weapons/maces/flail-ball-grey.webp) — replace only for a unified look"
"horsemans-mace.webp","Horseman's Mace","weapon","—","item icon","Steel horseman's mace, unadorned bludgeoning weapon","P3","C:/Projects/FoundryVTT/DakksUltimateTokens/art/weapons/horsemans-mace.webp; library icon already assigned (icons/weapons/maces/mace-round-steel.webp) — replace only for a unified look"
"horsemans-pick.webp","Horseman's Pick","weapon","—","item icon","Steel horseman's pick, unadorned piercing weapon","P3","C:/Projects/FoundryVTT/DakksUltimateTokens/art/weapons/horsemans-pick.webp; library icon already assigned (icons/weapons/axes/pickaxe-double-black.webp) — replace only for a unified look"
"javelin.webp","Javelin","weapon","—","item icon","Steel javelin, unadorned piercing weapon","P3","C:/Projects/FoundryVTT/DakksUltimateTokens/art/weapons/javelin.webp; library icon already assigned (icons/weapons/polearms/javelin.webp) — replace only for a unified look"
"khopesh.webp","Khopesh","weapon","—","item icon","Steel khopesh, unadorned slashing weapon","P3","C:/Projects/FoundryVTT/DakksUltimateTokens/art/weapons/khopesh.webp; library icon already assigned (icons/weapons/swords/sword-hooked.webp) — replace only for a unified look"
"knife.webp","Knife","weapon","—","item icon","Steel knife, unadorned piercing weapon","P3","C:/Projects/FoundryVTT/DakksUltimateTokens/art/weapons/knife.webp; library icon already assigned (icons/weapons/daggers/knife-simple.webp) — replace only for a unified look"
"lance-heavy.webp","Heavy Lance","weapon","—","item icon","Hardwood heavy lance, unadorned piercing weapon","P3","C:/Projects/FoundryVTT/DakksUltimateTokens/art/weapons/lance-heavy.webp; library icon already assigned (icons/weapons/polearms/spear-flared-steel.webp) — replace only for a unified look"
"lance-jousting.webp","Jousting Lance","weapon","—","item icon","Hardwood jousting lance, unadorned piercing weapon","P3","C:/Projects/FoundryVTT/DakksUltimateTokens/art/weapons/lance-jousting.webp; library icon already assigned (icons/weapons/polearms/spear-flared-wrapped.webp) — replace only for a unified look"
"lance-light.webp","Light Lance","weapon","—","item icon","Hardwood light lance, unadorned piercing weapon","P3","C:/Projects/FoundryVTT/DakksUltimateTokens/art/weapons/lance-light.webp; library icon already assigned (icons/weapons/polearms/spear-flared-worn.webp) — replace only for a unified look"
"lance-medium.webp","Medium Lance","weapon","—","item icon","Hardwood medium lance, unadorned piercing weapon","P3","C:/Projects/FoundryVTT/DakksUltimateTokens/art/weapons/lance-medium.webp; library icon already assigned (icons/weapons/polearms/spear-flared-gray.webp) — replace only for a unified look"
"light-crossbow.webp","Light Crossbow","weapon","—","item icon","Hardwood light crossbow, unadorned piercing weapon","P3","C:/Projects/FoundryVTT/DakksUltimateTokens/art/weapons/light-crossbow.webp; library icon already assigned (icons/weapons/crossbows/crossbow-simple-brown.webp) — replace only for a unified look"
"long-bow.webp","Long Bow","weapon","—","item icon","Hardwood long bow, unadorned piercing weapon","P3","C:/Projects/FoundryVTT/DakksUltimateTokens/art/weapons/long-bow.webp; library icon already assigned (icons/weapons/bows/longbow-recurve.webp) — replace only for a unified look"
"long-sword.webp","Long Sword","weapon","—","item icon","Steel long sword, unadorned slashing weapon","P3","C:/Projects/FoundryVTT/DakksUltimateTokens/art/weapons/long-sword.webp; library icon already assigned (icons/weapons/swords/sword-guard.webp) — replace only for a unified look"
"lucern-hammer.webp","Lucern Hammer","weapon","—","item icon","Steel lucern hammer, unadorned bludgeoning weapon","P3","C:/Projects/FoundryVTT/DakksUltimateTokens/art/weapons/lucern-hammer.webp; library icon already assigned (icons/weapons/polearms/spear-hooked-spike.webp) — replace only for a unified look"
"man-catcher.webp","Man Catcher","weapon","—","item icon","Steel man catcher, unadorned slashing weapon","P3","C:/Projects/FoundryVTT/DakksUltimateTokens/art/weapons/man-catcher.webp; library icon already assigned (icons/weapons/polearms/spear-simple-double.webp) — replace only for a unified look"
"military-fork.webp","Military Fork","weapon","—","item icon","Steel military fork, unadorned piercing weapon","P3","C:/Projects/FoundryVTT/DakksUltimateTokens/art/weapons/military-fork.webp; library icon already assigned (icons/weapons/polearms/trident-fork-white.webp) — replace only for a unified look"
"morning-star.webp","Morning Star","weapon","—","item icon","Steel morning star, unadorned bludgeoning weapon","P3","C:/Projects/FoundryVTT/DakksUltimateTokens/art/weapons/morning-star.webp; library icon already assigned (icons/weapons/maces/mace-spiked-steel-wood.webp) — replace only for a unified look"
"partisan.webp","Partisan","weapon","—","item icon","Steel partisan, unadorned piercing weapon","P3","C:/Projects/FoundryVTT/DakksUltimateTokens/art/weapons/partisan.webp; library icon already assigned (icons/weapons/polearms/spear-simple-engraved.webp) — replace only for a unified look"
"quarrel-hand.webp","Hand Quarrel (10)","weapon","—","item icon","Hardwood hand quarrel, unadorned piercing weapon","P3","C:/Projects/FoundryVTT/DakksUltimateTokens/art/weapons/quarrel-hand.webp; library icon already assigned (icons/weapons/ammunition/ammo-piercing-blue.webp) — replace only for a unified look"
"quarrel-heavy.webp","Heavy Quarrel (10)","weapon","—","item icon","Hardwood heavy quarrel, unadorned piercing weapon","P3","C:/Projects/FoundryVTT/DakksUltimateTokens/art/weapons/quarrel-heavy.webp; library icon already assigned (icons/weapons/ammunition/arrows-bodkin-yellow-red.webp) — replace only for a unified look"
"quarrel-light.webp","Light Quarrel (10)","weapon","—","item icon","Hardwood light quarrel, unadorned piercing weapon","P3","C:/Projects/FoundryVTT/DakksUltimateTokens/art/weapons/quarrel-light.webp; library icon already assigned (icons/weapons/ammunition/arrow-broadhead.webp) — replace only for a unified look"
"quarterstaff.webp","Quarterstaff","weapon","—","item icon","Hardwood quarterstaff, unadorned bludgeoning weapon","P3","C:/Projects/FoundryVTT/DakksUltimateTokens/art/weapons/quarterstaff.webp; library icon already assigned (icons/weapons/staves/staff-simple.webp) — replace only for a unified look"
"ranseur.webp","Ranseur","weapon","—","item icon","Steel ranseur, unadorned piercing weapon","P3","C:/Projects/FoundryVTT/DakksUltimateTokens/art/weapons/ranseur.webp; library icon already assigned (icons/weapons/polearms/spear-hooked-double-engraved.webp) — replace only for a unified look"
"scimitar.webp","Scimitar","weapon","—","item icon","Steel scimitar, unadorned slashing weapon","P3","C:/Projects/FoundryVTT/DakksUltimateTokens/art/weapons/scimitar.webp; library icon already assigned (icons/weapons/swords/scimitar-guard.webp) — replace only for a unified look"
"scourge.webp","Scourge","weapon","—","item icon","Hardwood scourge, unadorned slashing weapon","P3","C:/Projects/FoundryVTT/DakksUltimateTokens/art/weapons/scourge.webp; library icon already assigned (icons/weapons/misc/whip-red-yellow.webp) — replace only for a unified look"
"short-bow.webp","Short Bow","weapon","—","item icon","Hardwood short bow, unadorned piercing weapon","P3","C:/Projects/FoundryVTT/DakksUltimateTokens/art/weapons/short-bow.webp; library icon already assigned (icons/weapons/bows/shortbow-recurve.webp) — replace only for a unified look"
"short-sword.webp","Short Sword","weapon","—","item icon","Steel short sword, unadorned piercing weapon","P3","C:/Projects/FoundryVTT/DakksUltimateTokens/art/weapons/short-sword.webp; library icon already assigned (icons/weapons/swords/shortsword-guard.webp) — replace only for a unified look"
"sickle.webp","Sickle","weapon","—","item icon","Steel sickle, unadorned slashing weapon","P3","C:/Projects/FoundryVTT/DakksUltimateTokens/art/weapons/sickle.webp; library icon already assigned (icons/weapons/sickles/sickle-simple-grey.webp) — replace only for a unified look"
"sling.webp","Sling","weapon","—","item icon","Leather sling, unadorned bludgeoning weapon","P3","C:/Projects/FoundryVTT/DakksUltimateTokens/art/weapons/sling.webp; library icon already assigned (icons/weapons/slings/sling-leather.webp) — replace only for a unified look"
"sling-bullet.webp","Sling Bullet (10)","weapon","—","item icon","Soft metal sling bullet, unadorned bludgeoning weapon","P3","C:/Projects/FoundryVTT/DakksUltimateTokens/art/weapons/sling-bullet.webp; library icon already assigned (icons/weapons/ammunition/shot-round-silver.webp) — replace only for a unified look"
"sling-stone.webp","Sling Stone","weapon","—","item icon","Sling stone, unadorned bludgeoning weapon","P3","C:/Projects/FoundryVTT/DakksUltimateTokens/art/weapons/sling-stone.webp; library icon already assigned (icons/weapons/thrown/throwing-stone.webp) — replace only for a unified look"
"spear.webp","Spear","weapon","—","item icon","Steel spear, unadorned piercing weapon","P3","C:/Projects/FoundryVTT/DakksUltimateTokens/art/weapons/spear.webp; library icon already assigned (icons/weapons/polearms/spear-flared-worn-grey.webp) — replace only for a unified look"
"spetum.webp","Spetum","weapon","—","item icon","Steel spetum, unadorned piercing weapon","P3","C:/Projects/FoundryVTT/DakksUltimateTokens/art/weapons/spetum.webp; library icon already assigned (icons/weapons/polearms/spear-simple-jagged.webp) — replace only for a unified look"
"staff-sling.webp","Staff Sling","weapon","—","item icon","Hardwood staff sling, unadorned bludgeoning weapon","P3","C:/Projects/FoundryVTT/DakksUltimateTokens/art/weapons/staff-sling.webp; library icon already assigned (icons/weapons/slings/sling-shot-wood.webp) — replace only for a unified look"
"trident.webp","Trident","weapon","—","item icon","Steel trident, unadorned piercing weapon","P3","C:/Projects/FoundryVTT/DakksUltimateTokens/art/weapons/trident.webp; library icon already assigned (icons/weapons/polearms/trident-curved-steel.webp) — replace only for a unified look"
"two-handed-sword.webp","Two-Handed Sword","weapon","—","item icon","Steel two-handed sword, unadorned slashing weapon","P3","C:/Projects/FoundryVTT/DakksUltimateTokens/art/weapons/two-handed-sword.webp; library icon already assigned (icons/weapons/swords/greatsword-crossguard-steel.webp) — replace only for a unified look"
"voulge.webp","Voulge","weapon","—","item icon","Steel voulge, unadorned slashing weapon","P3","C:/Projects/FoundryVTT/DakksUltimateTokens/art/weapons/voulge.webp; library icon already assigned (icons/weapons/polearms/halberd-worn-steel.webp) — replace only for a unified look"
"war-hammer.webp","War Hammer","weapon","—","item icon","Steel war hammer, unadorned bludgeoning weapon","P3","C:/Projects/FoundryVTT/DakksUltimateTokens/art/weapons/war-hammer.webp; library icon already assigned (icons/weapons/hammers/hammer-war-spiked.webp) — replace only for a unified look"
"whip.webp","Whip","weapon","—","item icon","Leather whip, unadorned slashing weapon","P3","C:/Projects/FoundryVTT/DakksUltimateTokens/art/weapons/whip.webp; library icon already assigned (icons/weapons/misc/whip-leather.webp) — replace only for a unified look"
"bone-long-sword.webp","Long Sword (Bone)","weapon","—","item icon","Bone long sword, unadorned slashing weapon","P3","C:/Projects/FoundryVTT/DakksUltimateTokens/art/weapons/bone-long-sword.webp; library icon already assigned (icons/weapons/swords/sword-guard-worn-brown.webp) — replace only for a unified look"
"bone-spear.webp","Spear (Bone-tipped)","weapon","—","item icon","Bone-tipped spear, unadorned piercing weapon","P3","C:/Projects/FoundryVTT/DakksUltimateTokens/art/weapons/bone-spear.webp; library icon already assigned (icons/weapons/polearms/spear-simple-stone.webp) — replace only for a unified look"
"metal-long-sword.webp","Long Sword (Steel)","weapon","—","item icon","Steel long sword, unadorned slashing weapon","P3","C:/Projects/FoundryVTT/DakksUltimateTokens/art/weapons/metal-long-sword.webp; library icon already assigned (icons/weapons/swords/sword-guard.webp) — replace only for a unified look"
"obsidian-short-sword.webp","Short Sword (Obsidian)","weapon","—","item icon","Obsidian short sword, unadorned slashing weapon","P3","C:/Projects/FoundryVTT/DakksUltimateTokens/art/weapons/obsidian-short-sword.webp; library icon already assigned (icons/weapons/swords/shortsword-guard-brass.webp) — replace only for a unified look"
"stone-club.webp","Club (Stone-headed)","weapon","—","item icon","Stone-headed club, unadorned bludgeoning weapon","P3","C:/Projects/FoundryVTT/DakksUltimateTokens/art/weapons/stone-club.webp; library icon already assigned (icons/weapons/clubs/club-simple-stone-brown.webp) — replace only for a unified look"
"wooden-quarterstaff.webp","Quarterstaff (Agafari Wood)","weapon","—","item icon","Hardwood agafari wood quarterstaff, unadorned bludgeoning weapon","P3","C:/Projects/FoundryVTT/DakksUltimateTokens/art/weapons/wooden-quarterstaff.webp; library icon already assigned (icons/weapons/staves/staff-engraved-wood.webp) — replace only for a unified look"
"amulet-of-protection-1.webp","Amulet of Protection +1","magic item","—","item icon","Steel amulet of protection +1, worn armour, magical","P3","C:/Projects/FoundryVTT/DakksUltimateTokens/art/equipment/amulet-of-protection-1.webp; library icon already assigned (icons/equipment/neck/amulet-carved-stone-cross.webp) — replace only for a unified look"
"bone-dagger.webp","Dagger (Bone)","weapon","—","item icon","Bone dagger, unadorned piercing weapon","P3","C:/Projects/FoundryVTT/DakksUltimateTokens/art/equipment/bone-dagger.webp; library icon already assigned (icons/weapons/daggers/dagger-bone-grey.webp) — replace only for a unified look"
"bone-tipped-arrow.webp","Arrow (Bone-tipped)","weapon","—","item icon","Bone-tipped arrow, unadorned piercing weapon","P3","C:/Projects/FoundryVTT/DakksUltimateTokens/art/equipment/bone-tipped-arrow.webp; library icon already assigned (icons/weapons/ammunition/arrows-barbed-white.webp) — replace only for a unified look"
"bone-wrist-razor.webp","Wrist Razor (Bone)","weapon","—","item icon","Bone wrist razor, unadorned slashing weapon","P3","C:/Projects/FoundryVTT/DakksUltimateTokens/art/equipment/bone-wrist-razor.webp; library icon already assigned (icons/weapons/daggers/dagger-bone-barbed.webp) — replace only for a unified look"
"drugged-spiced-wine.webp","Drugged Spiced Wine","gear","—","item icon","A corked flask of liquid, drugged spiced wine","P3","C:/Projects/FoundryVTT/DakksUltimateTokens/art/equipment/drugged-spiced-wine.webp; library icon already assigned (icons/consumables/drinks/alcohol-jug-spirits-brown.webp) — replace only for a unified look"
"heartwood-spear.webp","Heartwood Spear","magic item","—","item icon","Hardwood heartwood spear, unadorned piercing weapon, magical, one-of-a-kind campaign piece","P3","C:/Projects/FoundryVTT/DakksUltimateTokens/art/equipment/heartwood-spear.webp; library icon already assigned (icons/weapons/polearms/spear-flared-wrapped.webp) — replace only for a unified look"
"improvised-bola.webp","Bola (Improvised)","weapon","—","item icon","Corded rope improvised bola, crude improvised bludgeoning weapon","P3","C:/Projects/FoundryVTT/DakksUltimateTokens/art/equipment/improvised-bola.webp; library icon already assigned (icons/weapons/thrown/bolas-stone.webp) — replace only for a unified look"
"improvised-flail.webp","Flail (Improvised)","weapon","—","item icon","Hardwood improvised flail, crude improvised bludgeoning weapon","P3","C:/Projects/FoundryVTT/DakksUltimateTokens/art/equipment/improvised-flail.webp; library icon already assigned (icons/weapons/maces/flail-ball-grey.webp) — replace only for a unified look"
"improvised-maul.webp","Maul (Improvised)","weapon","—","item icon","Hardwood improvised maul, crude improvised bludgeoning weapon","P3","C:/Projects/FoundryVTT/DakksUltimateTokens/art/equipment/improvised-maul.webp; library icon already assigned (icons/weapons/hammers/hammer-mallet-wood-banded.webp) — replace only for a unified look"
"improvised-sap.webp","Sap (Improvised)","weapon","—","item icon","Cloth improvised sap, crude improvised bludgeoning weapon","P3","C:/Projects/FoundryVTT/DakksUltimateTokens/art/equipment/improvised-sap.webp; library icon already assigned (icons/containers/bags/pouch-cloth-tan.webp) — replace only for a unified look"
"improvised-wooden-dagger.webp","Dagger, Wooden (Improvised)","weapon","—","item icon","Improvised dagger wooden, crude improvised piercing weapon","P3","C:/Projects/FoundryVTT/DakksUltimateTokens/art/equipment/improvised-wooden-dagger.webp; library icon already assigned (icons/weapons/thrown/dagger-simple-wood.webp) — replace only for a unified look"
"kalaks-crown.webp","Kalak's Crown","gear","—","item icon","Metal kalak's crown, one-of-a-kind campaign piece","P3","C:/Projects/FoundryVTT/DakksUltimateTokens/art/equipment/kalaks-crown.webp; library icon already assigned (icons/equipment/head/crown-gold-red.webp) — replace only for a unified look"
"kank-armor.webp","Kank Armor","armor","—","item icon","Bone and chitin kank armor, worn armour","P3","C:/Projects/FoundryVTT/DakksUltimateTokens/art/equipment/kank-armor.webp; library icon already assigned (icons/equipment/chest/breastplate-layered-leather-studded-brown.webp) — replace only for a unified look"
"obsidian-dagger.webp","Dagger (Obsidian)","weapon","—","item icon","Obsidian dagger, unadorned piercing weapon","P3","C:/Projects/FoundryVTT/DakksUltimateTokens/art/equipment/obsidian-dagger.webp; library icon already assigned (icons/weapons/daggers/dagger-simple-black.webp) — replace only for a unified look"
"obsidian-gythka.webp","Gythka (Obsidian)","weapon","—","item icon","Obsidian gythka, unadorned slashing weapon","P3","C:/Projects/FoundryVTT/DakksUltimateTokens/art/equipment/obsidian-gythka.webp; library icon already assigned (icons/weapons/polearms/spear-simple-double.webp) — replace only for a unified look"
"obsidian-sword.webp","Sword (Obsidian)","weapon","—","item icon","Obsidian sword, unadorned slashing weapon","P3","C:/Projects/FoundryVTT/DakksUltimateTokens/art/equipment/obsidian-sword.webp; library icon already assigned (icons/weapons/swords/sword-broad-worn.webp) — replace only for a unified look"
"poison-type-b.webp","Poison, Type B (Injected)","gear","—","item icon","A stoppered vial of liquid, injected poison type b","P3","C:/Projects/FoundryVTT/DakksUltimateTokens/art/equipment/poison-type-b.webp; library icon already assigned (icons/consumables/potions/bottle-conical-corked-labeled-skull-poison-green.webp) — replace only for a unified look"
"poison-type-c.webp","Poison, Type C (Injected)","gear","—","item icon","A stoppered vial of liquid, injected poison type c","P3","C:/Projects/FoundryVTT/DakksUltimateTokens/art/equipment/poison-type-c.webp; library icon already assigned (icons/consumables/potions/bottle-conical-corked-green.webp) — replace only for a unified look"
"poison-type-e.webp","Poison, Type E (Injected)","gear","—","item icon","A stoppered vial of liquid, injected poison type e","P3","C:/Projects/FoundryVTT/DakksUltimateTokens/art/equipment/poison-type-e.webp; library icon already assigned (icons/consumables/potions/bottle-conical-corked-purple.webp) — replace only for a unified look"
"potion-of-healing.webp","Potion of Healing","magic item","—","item icon","A corked flask of liquid, potion of healing, magical","P3","C:/Projects/FoundryVTT/DakksUltimateTokens/art/equipment/potion-of-healing.webp; library icon already assigned (icons/consumables/potions/bottle-round-corked-red.webp) — replace only for a unified look"
"scroll-of-charm-person-or-mammal.webp","Scroll of Charm Person or Mammal","magic item","—","item icon","A rolled parchment, scroll of charm person or mammal, magical","P3","C:/Projects/FoundryVTT/DakksUltimateTokens/art/equipment/scroll-of-charm-person-or-mammal.webp; library icon already assigned (icons/sundries/scrolls/scroll-bound-blue-tan.webp) — replace only for a unified look"
"scroll-of-sleep.webp","Scroll of Sleep","magic item","—","item icon","A rolled parchment, scroll of sleep, magical","P3","C:/Projects/FoundryVTT/DakksUltimateTokens/art/equipment/scroll-of-sleep.webp; library icon already assigned (icons/sundries/scrolls/scroll-bound-brown-tan.webp) — replace only for a unified look"
"slave-issue-kit.webp","Slave Issue Kit","gear","—","item icon","Cloth slave issue kit","P3","C:/Projects/FoundryVTT/DakksUltimateTokens/art/equipment/slave-issue-kit.webp; library icon already assigned (icons/sundries/survival/waterskin-leather-brown.webp) — replace only for a unified look"
"smuggled-supplies.webp","Smuggled Food and Water","gear","—","item icon","Cloth smuggled food and water","P3","C:/Projects/FoundryVTT/DakksUltimateTokens/art/equipment/smuggled-supplies.webp; library icon already assigned (icons/consumables/food/bowl-stew-brown.webp) — replace only for a unified look"
"abjurer.webp","Abjurer","npc","—","circular portrait","Archetypal member: a robed spellcaster, unarmoured, staff in hand","P3","C:/Projects/FoundryVTT/DakksUltimateTokens/art/classes/abjurer.webp; class portrait — archetypal member; a usable library icon already exists — regenerate only for the unified look"
"bard.webp","Bard","npc","—","circular portrait","Archetypal member: a wiry performer-adventurer in light leathers, instrument slung at the back","P3","C:/Projects/FoundryVTT/DakksUltimateTokens/art/classes/bard.webp; class portrait — archetypal member; a usable library icon already exists — regenerate only for the unified look"
"cleric.webp","Cleric","npc","—","circular portrait","Archetypal member: an armoured devout caster bearing a ceremonial symbol","P3","C:/Projects/FoundryVTT/DakksUltimateTokens/art/classes/cleric.webp; class portrait — archetypal member; a usable library icon already exists — regenerate only for the unified look"
"conjurer.webp","Conjurer","npc","—","circular portrait","Archetypal member: a robed spellcaster, unarmoured, staff in hand","P3","C:/Projects/FoundryVTT/DakksUltimateTokens/art/classes/conjurer.webp; class portrait — archetypal member; a usable library icon already exists — regenerate only for the unified look"
"diviner.webp","Diviner","npc","—","circular portrait","Archetypal member: a robed spellcaster, unarmoured, staff in hand","P3","C:/Projects/FoundryVTT/DakksUltimateTokens/art/classes/diviner.webp; class portrait — archetypal member; a usable library icon already exists — regenerate only for the unified look"
"druid.webp","Druid","npc","—","circular portrait","Archetypal member: an armoured devout caster bearing a ceremonial symbol","P3","C:/Projects/FoundryVTT/DakksUltimateTokens/art/classes/druid.webp; class portrait — archetypal member; a usable library icon already exists — regenerate only for the unified look"
"enchanter.webp","Enchanter","npc","—","circular portrait","Archetypal member: a robed spellcaster, unarmoured, staff in hand","P3","C:/Projects/FoundryVTT/DakksUltimateTokens/art/classes/enchanter.webp; class portrait — archetypal member; a usable library icon already exists — regenerate only for the unified look"
"fighter.webp","Fighter","npc","—","circular portrait","Archetypal member: a seasoned martial warrior in practical battle-worn armour, weapon at the shoulder","P3","C:/Projects/FoundryVTT/DakksUltimateTokens/art/classes/fighter.webp; class portrait — archetypal member; a usable library icon already exists — regenerate only for the unified look"
"illusionist.webp","Illusionist","npc","—","circular portrait","Archetypal member: a robed spellcaster, unarmoured, staff in hand","P3","C:/Projects/FoundryVTT/DakksUltimateTokens/art/classes/illusionist.webp; class portrait — archetypal member; a usable library icon already exists — regenerate only for the unified look"
"invoker.webp","Invoker","npc","—","circular portrait","Archetypal member: a robed spellcaster, unarmoured, staff in hand","P3","C:/Projects/FoundryVTT/DakksUltimateTokens/art/classes/invoker.webp; class portrait — archetypal member; a usable library icon already exists — regenerate only for the unified look"
"mage.webp","Mage","npc","—","circular portrait","Archetypal member: a robed spellcaster, unarmoured, staff in hand","P3","C:/Projects/FoundryVTT/DakksUltimateTokens/art/classes/mage.webp; class portrait — archetypal member; a usable library icon already exists — regenerate only for the unified look"
"necromancer.webp","Necromancer","npc","—","circular portrait","Archetypal member: a robed spellcaster, unarmoured, staff in hand","P3","C:/Projects/FoundryVTT/DakksUltimateTokens/art/classes/necromancer.webp; class portrait — archetypal member; a usable library icon already exists — regenerate only for the unified look"
"paladin.webp","Paladin","npc","—","circular portrait","Archetypal member: a seasoned martial warrior in practical battle-worn armour, weapon at the shoulder","P3","C:/Projects/FoundryVTT/DakksUltimateTokens/art/classes/paladin.webp; class portrait — archetypal member; a usable library icon already exists — regenerate only for the unified look"
"ranger.webp","Ranger","npc","—","circular portrait","Archetypal member: a seasoned martial warrior in practical battle-worn armour, weapon at the shoulder","P3","C:/Projects/FoundryVTT/DakksUltimateTokens/art/classes/ranger.webp; class portrait — archetypal member; a usable library icon already exists — regenerate only for the unified look"
"thief.webp","Thief","npc","—","circular portrait","Archetypal member: a wiry figure in light leathers, alert and lightly armed","P3","C:/Projects/FoundryVTT/DakksUltimateTokens/art/classes/thief.webp; class portrait — archetypal member; a usable library icon already exists — regenerate only for the unified look"
"transmuter.webp","Transmuter","npc","—","circular portrait","Archetypal member: a robed spellcaster, unarmoured, staff in hand","P3","C:/Projects/FoundryVTT/DakksUltimateTokens/art/classes/transmuter.webp; class portrait — archetypal member; a usable library icon already exists — regenerate only for the unified look"
"defiler.webp","Defiler","npc","—","circular portrait","Archetypal member: a robed spellcaster, unarmoured, staff in hand","P3","C:/Projects/FoundryVTT/DakksUltimateTokens/art/classes/defiler.webp; class portrait — archetypal member; a usable library icon already exists — regenerate only for the unified look"
"gladiator.webp","Gladiator","npc","—","circular portrait","Archetypal member: a seasoned martial warrior in practical battle-worn armour, weapon at the shoulder","P3","C:/Projects/FoundryVTT/DakksUltimateTokens/art/classes/gladiator.webp; class portrait — archetypal member; a usable library icon already exists — regenerate only for the unified look"
"preserver.webp","Preserver","npc","—","circular portrait","Archetypal member: a robed spellcaster, unarmoured, staff in hand","P3","C:/Projects/FoundryVTT/DakksUltimateTokens/art/classes/preserver.webp; class portrait — archetypal member; a usable library icon already exists — regenerate only for the unified look"
"templar.webp","Templar","npc","—","circular portrait","Archetypal member: an armoured devout caster bearing a ceremonial symbol","P3","C:/Projects/FoundryVTT/DakksUltimateTokens/art/classes/templar.webp; class portrait — archetypal member; a usable library icon already exists — regenerate only for the unified look"
"ad2e-core.webp","AD&D 2e Core — Documentation","emblem","—","item icon","A closed leather-bound tome with a plain clasp","P3","C:/Projects/FoundryVTT/DakksUltimateTokens/art/journals/ad2e-core.webp; non-physical subject (emblem kind — see header); a usable library icon already exists — regenerate only for the unified look"
"acrobatics.webp","Acrobatics","emblem","—","item icon","The practised craft as an object: a lute and juggling batons","P3","C:/Projects/FoundryVTT/DakksUltimateTokens/art/proficiencies/acrobatics.webp; non-physical subject (emblem kind — see header); a usable library icon already exists — regenerate only for the unified look"
"agriculture.webp","Agriculture","emblem","—","item icon","The practised craft as an object: a sickle and a sheaf of wheat","P3","C:/Projects/FoundryVTT/DakksUltimateTokens/art/proficiencies/agriculture.webp; non-physical subject (emblem kind — see header); a usable library icon already exists — regenerate only for the unified look"
"ambidexterity.webp","Ambidexterity","emblem","—","item icon","Fighting-style training emblem: crossed training swords","P3","C:/Projects/FoundryVTT/DakksUltimateTokens/art/proficiencies/ambidexterity.webp; non-physical subject (emblem kind — see header); a usable library icon already exists — regenerate only for the unified look"
"ancient-history.webp","Ancient History","emblem","—","item icon","The practised craft as an object: an open tome and a rolled chart","P3","C:/Projects/FoundryVTT/DakksUltimateTokens/art/proficiencies/ancient-history.webp; non-physical subject (emblem kind — see header); a usable library icon already exists — regenerate only for the unified look"
"animal-handling.webp","Animal Handling","emblem","—","item icon","The practised craft as an object: a leather halter and riding crop","P3","C:/Projects/FoundryVTT/DakksUltimateTokens/art/proficiencies/animal-handling.webp; non-physical subject (emblem kind — see header); a usable library icon already exists — regenerate only for the unified look"
"animal-lore.webp","Animal Lore","emblem","—","item icon","The practised craft as an object: an animal-track cast and a snare cord","P3","C:/Projects/FoundryVTT/DakksUltimateTokens/art/proficiencies/animal-lore.webp; non-physical subject (emblem kind — see header); a usable library icon already exists — regenerate only for the unified look"
"appraise.webp","Appraise","emblem","—","item icon","The practised craft as an object: a jeweller's loupe and a cut gem","P3","C:/Projects/FoundryVTT/DakksUltimateTokens/art/proficiencies/appraise.webp; non-physical subject (emblem kind — see header); a usable library icon already exists — regenerate only for the unified look"
"armorer.webp","Armorer","emblem","—","item icon","The practised craft as an object: a smith's hammer and tongs","P3","C:/Projects/FoundryVTT/DakksUltimateTokens/art/proficiencies/armorer.webp; non-physical subject (emblem kind — see header); a usable library icon already exists — regenerate only for the unified look"
"arquebus.webp","Arquebus","emblem","—","item icon","A well-worn practice arquebus, presented as a training emblem","P3","C:/Projects/FoundryVTT/DakksUltimateTokens/art/proficiencies/arquebus.webp; non-physical subject (emblem kind — see header); a usable library icon already exists — regenerate only for the unified look"
"artist.webp","Artist","emblem","—","item icon","The practised craft as an object: brushes and an open paint pot","P3","C:/Projects/FoundryVTT/DakksUltimateTokens/art/proficiencies/artist.webp; non-physical subject (emblem kind — see header); a usable library icon already exists — regenerate only for the unified look"
"astrology.webp","Astrology","emblem","—","item icon","The practised craft as an object: a brass astrolabe","P3","C:/Projects/FoundryVTT/DakksUltimateTokens/art/proficiencies/astrology.webp; non-physical subject (emblem kind — see header); a usable library icon already exists — regenerate only for the unified look"
"awl-pike.webp","Awl Pike","emblem","—","item icon","A well-worn practice awl pike, presented as a training emblem","P3","C:/Projects/FoundryVTT/DakksUltimateTokens/art/proficiencies/awl-pike.webp; non-physical subject (emblem kind — see header); a usable library icon already exists — regenerate only for the unified look"
"axe.webp","Axe (Weaponry Group)","emblem","—","item icon","Weapon-group training emblem: crossed axe weapons","P3","C:/Projects/FoundryVTT/DakksUltimateTokens/art/proficiencies/axe.webp; non-physical subject (emblem kind — see header); a usable library icon already exists — regenerate only for the unified look"
"bardiche.webp","Bardiche","emblem","—","item icon","A well-worn practice bardiche, presented as a training emblem","P3","C:/Projects/FoundryVTT/DakksUltimateTokens/art/proficiencies/bardiche.webp; non-physical subject (emblem kind — see header); a usable library icon already exists — regenerate only for the unified look"
"bastard-sword.webp","Bastard Sword","emblem","—","item icon","A well-worn practice bastard sword, presented as a training emblem","P3","C:/Projects/FoundryVTT/DakksUltimateTokens/art/proficiencies/bastard-sword.webp; non-physical subject (emblem kind — see header); a usable library icon already exists — regenerate only for the unified look"
"battle-axe.webp","Battle Axe","emblem","—","item icon","A well-worn practice battle axe, presented as a training emblem","P3","C:/Projects/FoundryVTT/DakksUltimateTokens/art/proficiencies/battle-axe.webp; non-physical subject (emblem kind — see header); a usable library icon already exists — regenerate only for the unified look"
"bec-de-corbin.webp","Bec de Corbin","emblem","—","item icon","A well-worn practice bec de corbin, presented as a training emblem","P3","C:/Projects/FoundryVTT/DakksUltimateTokens/art/proficiencies/bec-de-corbin.webp; non-physical subject (emblem kind — see header); a usable library icon already exists — regenerate only for the unified look"
"bill-guisarme.webp","Bill-Guisarme","emblem","—","item icon","A well-worn practice bill-guisarme, presented as a training emblem","P3","C:/Projects/FoundryVTT/DakksUltimateTokens/art/proficiencies/bill-guisarme.webp; non-physical subject (emblem kind — see header); a usable library icon already exists — regenerate only for the unified look"
"blacksmith.webp","Blacksmith","emblem","—","item icon","The practised craft as an object: a smith's hammer and tongs","P3","C:/Projects/FoundryVTT/DakksUltimateTokens/art/proficiencies/blacksmith.webp; non-physical subject (emblem kind — see header); a usable library icon already exists — regenerate only for the unified look"
"blind-fight.webp","Blind-Fight","emblem","—","item icon","The practised craft as an object: a blindfold draped over crossed batons","P3","C:/Projects/FoundryVTT/DakksUltimateTokens/art/proficiencies/blind-fight.webp; non-physical subject (emblem kind — see header); a usable library icon already exists — regenerate only for the unified look"
"blowgun.webp","Blowgun","emblem","—","item icon","A well-worn practice blowgun, presented as a training emblem","P3","C:/Projects/FoundryVTT/DakksUltimateTokens/art/proficiencies/blowgun.webp; non-physical subject (emblem kind — see header); a usable library icon already exists — regenerate only for the unified look"
"bludgeoning.webp","Bludgeoning Weaponry (Type)","emblem","—","item icon","A well-worn practice type bludgeoning weaponry, presented as a training emblem","P3","C:/Projects/FoundryVTT/DakksUltimateTokens/art/proficiencies/bludgeoning.webp; non-physical subject (emblem kind — see header); a usable library icon already exists — regenerate only for the unified look"
"bow.webp","Bow (Weaponry Group)","emblem","—","item icon","Weapon-group training emblem: crossed bow weapons","P3","C:/Projects/FoundryVTT/DakksUltimateTokens/art/proficiencies/bow.webp; non-physical subject (emblem kind — see header); a usable library icon already exists — regenerate only for the unified look"
"bowyer-fletcher.webp","Bowyer/Fletcher","emblem","—","item icon","The practised craft as an object: an unstrung bow stave and fletched arrows","P3","C:/Projects/FoundryVTT/DakksUltimateTokens/art/proficiencies/bowyer-fletcher.webp; non-physical subject (emblem kind — see header); a usable library icon already exists — regenerate only for the unified look"
"brawling.webp","Brawling-Attack Method","emblem","—","item icon","Fighting-style training emblem: crossed training swords","P3","C:/Projects/FoundryVTT/DakksUltimateTokens/art/proficiencies/brawling.webp; non-physical subject (emblem kind — see header); a usable library icon already exists — regenerate only for the unified look"
"brewing.webp","Brewing","emblem","—","item icon","The practised craft as an object: a wooden cask and mash paddle","P3","C:/Projects/FoundryVTT/DakksUltimateTokens/art/proficiencies/brewing.webp; non-physical subject (emblem kind — see header); a usable library icon already exists — regenerate only for the unified look"
"broad-sword.webp","Broad Sword","emblem","—","item icon","A well-worn practice broad sword, presented as a training emblem","P3","C:/Projects/FoundryVTT/DakksUltimateTokens/art/proficiencies/broad-sword.webp; non-physical subject (emblem kind — see header); a usable library icon already exists — regenerate only for the unified look"
"carpentry.webp","Carpentry","emblem","—","item icon","The practised craft as an object: a saw and adze on fresh shavings","P3","C:/Projects/FoundryVTT/DakksUltimateTokens/art/proficiencies/carpentry.webp; non-physical subject (emblem kind — see header); a usable library icon already exists — regenerate only for the unified look"
"cavalry.webp","Cavalry (Weaponry Group)","emblem","—","item icon","Weapon-group training emblem: crossed cavalry weapons","P3","C:/Projects/FoundryVTT/DakksUltimateTokens/art/proficiencies/cavalry.webp; non-physical subject (emblem kind — see header); a usable library icon already exists — regenerate only for the unified look"
"charioteer.webp","Charioteer","emblem","—","item icon","The practised craft as an object: a leather halter and riding crop","P3","C:/Projects/FoundryVTT/DakksUltimateTokens/art/proficiencies/charioteer.webp; non-physical subject (emblem kind — see header); a usable library icon already exists — regenerate only for the unified look"
"climbing.webp","Climbing","emblem","—","item icon","The practised craft as an object: a coiled climbing rope and grapnel","P3","C:/Projects/FoundryVTT/DakksUltimateTokens/art/proficiencies/climbing.webp; non-physical subject (emblem kind — see header); a usable library icon already exists — regenerate only for the unified look"
"club.webp","Club (Weaponry Group)","emblem","—","item icon","Weapon-group training emblem: crossed club weapons","P3","C:/Projects/FoundryVTT/DakksUltimateTokens/art/proficiencies/club.webp; non-physical subject (emblem kind — see header); a usable library icon already exists — regenerate only for the unified look; SHARED FILE — also serves prof.weapon.club (ad2e-core/proficiencies-weapon)"
"cobbler.webp","Cobbler","emblem","—","item icon","The practised craft as an object: a leather boot on a cobbler’s last","P3","C:/Projects/FoundryVTT/DakksUltimateTokens/art/proficiencies/cobbler.webp; non-physical subject (emblem kind — see header); a usable library icon already exists — regenerate only for the unified look"
"composite-long-bow.webp","Composite Long Bow","emblem","—","item icon","A well-worn practice composite long bow, presented as a training emblem","P3","C:/Projects/FoundryVTT/DakksUltimateTokens/art/proficiencies/composite-long-bow.webp; non-physical subject (emblem kind — see header); a usable library icon already exists — regenerate only for the unified look"
"composite-short-bow.webp","Composite Short Bow","emblem","—","item icon","A well-worn practice composite short bow, presented as a training emblem","P3","C:/Projects/FoundryVTT/DakksUltimateTokens/art/proficiencies/composite-short-bow.webp; non-physical subject (emblem kind — see header); a usable library icon already exists — regenerate only for the unified look"
"cooking.webp","Cooking","emblem","—","item icon","The practised craft as an object: a ladle and steaming pot","P3","C:/Projects/FoundryVTT/DakksUltimateTokens/art/proficiencies/cooking.webp; non-physical subject (emblem kind — see header); a usable library icon already exists — regenerate only for the unified look"
"cross-country-running.webp","Cross-Country Running","emblem","—","item icon","The practised craft as an object: a pair of worn running sandals","P3","C:/Projects/FoundryVTT/DakksUltimateTokens/art/proficiencies/cross-country-running.webp; non-physical subject (emblem kind — see header); a usable library icon already exists — regenerate only for the unified look"
"crossbow.webp","Crossbow (Weaponry Group)","emblem","—","item icon","Weapon-group training emblem: crossed crossbow weapons","P3","C:/Projects/FoundryVTT/DakksUltimateTokens/art/proficiencies/crossbow.webp; non-physical subject (emblem kind — see header); a usable library icon already exists — regenerate only for the unified look"
"cutlass.webp","Cutlass","emblem","—","item icon","A well-worn practice cutlass, presented as a training emblem","P3","C:/Projects/FoundryVTT/DakksUltimateTokens/art/proficiencies/cutlass.webp; non-physical subject (emblem kind — see header); a usable library icon already exists — regenerate only for the unified look"
"dagger.webp","Dagger / Dirk","emblem","—","item icon","A well-worn practice dagger / dirk, presented as a training emblem","P3","C:/Projects/FoundryVTT/DakksUltimateTokens/art/proficiencies/dagger.webp; non-physical subject (emblem kind — see header); a usable library icon already exists — regenerate only for the unified look"
"dance.webp","Dance","emblem","—","item icon","The practised craft as an object: a lute and juggling batons","P3","C:/Projects/FoundryVTT/DakksUltimateTokens/art/proficiencies/dance.webp; non-physical subject (emblem kind — see header); a usable library icon already exists — regenerate only for the unified look"
"dart.webp","Dart","emblem","—","item icon","A well-worn practice dart, presented as a training emblem","P3","C:/Projects/FoundryVTT/DakksUltimateTokens/art/proficiencies/dart.webp; non-physical subject (emblem kind — see header); a usable library icon already exists — regenerate only for the unified look"
"disguise.webp","Disguise","emblem","—","item icon","The practised craft as an object: a theatrical half-mask and false beard","P3","C:/Projects/FoundryVTT/DakksUltimateTokens/art/proficiencies/disguise.webp; non-physical subject (emblem kind — see header); a usable library icon already exists — regenerate only for the unified look"
"dual-weapon.webp","Dual-Weapon Method","emblem","—","item icon","Fighting-style training emblem: crossed training swords","P3","C:/Projects/FoundryVTT/DakksUltimateTokens/art/proficiencies/dual-weapon.webp; non-physical subject (emblem kind — see header); a usable library icon already exists — regenerate only for the unified look"
"endurance.webp","Endurance","emblem","—","item icon","The practised craft as an object: a pair of worn running sandals","P3","C:/Projects/FoundryVTT/DakksUltimateTokens/art/proficiencies/endurance.webp; non-physical subject (emblem kind — see header); a usable library icon already exists — regenerate only for the unified look"
"engineering.webp","Engineering","emblem","—","item icon","The practised craft as an object: an open tome and a rolled chart","P3","C:/Projects/FoundryVTT/DakksUltimateTokens/art/proficiencies/engineering.webp; non-physical subject (emblem kind — see header); a usable library icon already exists — regenerate only for the unified look"
"etiquette.webp","Etiquette","emblem","—","item icon","The practised craft as an object: a folded silk fan","P3","C:/Projects/FoundryVTT/DakksUltimateTokens/art/proficiencies/etiquette.webp; non-physical subject (emblem kind — see header); a usable library icon already exists — regenerate only for the unified look"
"fauchard.webp","Fauchard","emblem","—","item icon","A well-worn practice fauchard, presented as a training emblem","P3","C:/Projects/FoundryVTT/DakksUltimateTokens/art/proficiencies/fauchard.webp; non-physical subject (emblem kind — see header); a usable library icon already exists — regenerate only for the unified look"
"fauchard-fork.webp","Fauchard-Fork","emblem","—","item icon","A well-worn practice fauchard-fork, presented as a training emblem","P3","C:/Projects/FoundryVTT/DakksUltimateTokens/art/proficiencies/fauchard-fork.webp; non-physical subject (emblem kind — see header); a usable library icon already exists — regenerate only for the unified look"
"fishing.webp","Fishing","emblem","—","item icon","The practised craft as an object: a netted float and fishhook","P3","C:/Projects/FoundryVTT/DakksUltimateTokens/art/proficiencies/fishing.webp; non-physical subject (emblem kind — see header); a usable library icon already exists — regenerate only for the unified look"
"footmans-flail.webp","Footman's Flail","emblem","—","item icon","A well-worn practice footman's flail, presented as a training emblem","P3","C:/Projects/FoundryVTT/DakksUltimateTokens/art/proficiencies/footmans-flail.webp; non-physical subject (emblem kind — see header); a usable library icon already exists — regenerate only for the unified look"
"footmans-mace.webp","Footman's Mace","emblem","—","item icon","A well-worn practice footman's mace, presented as a training emblem","P3","C:/Projects/FoundryVTT/DakksUltimateTokens/art/proficiencies/footmans-mace.webp; non-physical subject (emblem kind — see header); a usable library icon already exists — regenerate only for the unified look"
"footmans-pick.webp","Footman's Pick","emblem","—","item icon","A well-worn practice footman's pick, presented as a training emblem","P3","C:/Projects/FoundryVTT/DakksUltimateTokens/art/proficiencies/footmans-pick.webp; non-physical subject (emblem kind — see header); a usable library icon already exists — regenerate only for the unified look"
"forgery.webp","Forgery","emblem","—","item icon","The practised craft as an object: a quill, ink pot and sealed letter","P3","C:/Projects/FoundryVTT/DakksUltimateTokens/art/proficiencies/forgery.webp; non-physical subject (emblem kind — see header); a usable library icon already exists — regenerate only for the unified look"
"gaming.webp","Gaming","emblem","—","item icon","The practised craft as an object: carved dice and worn playing cards","P3","C:/Projects/FoundryVTT/DakksUltimateTokens/art/proficiencies/gaming.webp; non-physical subject (emblem kind — see header); a usable library icon already exists — regenerate only for the unified look"
"gem-cutting.webp","Gem Cutting","emblem","—","item icon","The practised craft as an object: a jeweller's loupe and a cut gem","P3","C:/Projects/FoundryVTT/DakksUltimateTokens/art/proficiencies/gem-cutting.webp; non-physical subject (emblem kind — see header); a usable library icon already exists — regenerate only for the unified look"
"glaive.webp","Glaive","emblem","—","item icon","A well-worn practice glaive, presented as a training emblem","P3","C:/Projects/FoundryVTT/DakksUltimateTokens/art/proficiencies/glaive.webp; non-physical subject (emblem kind — see header); a usable library icon already exists — regenerate only for the unified look"
"glaive-guisarme.webp","Glaive-Guisarme","emblem","—","item icon","A well-worn practice glaive-guisarme, presented as a training emblem","P3","C:/Projects/FoundryVTT/DakksUltimateTokens/art/proficiencies/glaive-guisarme.webp; non-physical subject (emblem kind — see header); a usable library icon already exists — regenerate only for the unified look"
"guisarme.webp","Guisarme","emblem","—","item icon","A well-worn practice guisarme, presented as a training emblem","P3","C:/Projects/FoundryVTT/DakksUltimateTokens/art/proficiencies/guisarme.webp; non-physical subject (emblem kind — see header); a usable library icon already exists — regenerate only for the unified look"
"guisarme-voulge.webp","Guisarme-Voulge","emblem","—","item icon","A well-worn practice guisarme-voulge, presented as a training emblem","P3","C:/Projects/FoundryVTT/DakksUltimateTokens/art/proficiencies/guisarme-voulge.webp; non-physical subject (emblem kind — see header); a usable library icon already exists — regenerate only for the unified look"
"halberd.webp","Halberd","emblem","—","item icon","A well-worn practice halberd, presented as a training emblem","P3","C:/Projects/FoundryVTT/DakksUltimateTokens/art/proficiencies/halberd.webp; non-physical subject (emblem kind — see header); a usable library icon already exists — regenerate only for the unified look"
"hand-axe.webp","Hand Axe (Throwing Axe)","emblem","—","item icon","A well-worn practice throwing axe hand axe, presented as a training emblem","P3","C:/Projects/FoundryVTT/DakksUltimateTokens/art/proficiencies/hand-axe.webp; non-physical subject (emblem kind — see header); a usable library icon already exists — regenerate only for the unified look"
"hand-crossbow.webp","Hand Crossbow","emblem","—","item icon","A well-worn practice hand crossbow, presented as a training emblem","P3","C:/Projects/FoundryVTT/DakksUltimateTokens/art/proficiencies/hand-crossbow.webp; non-physical subject (emblem kind — see header); a usable library icon already exists — regenerate only for the unified look"
"harpoon.webp","Harpoon","emblem","—","item icon","A well-worn practice harpoon, presented as a training emblem","P3","C:/Projects/FoundryVTT/DakksUltimateTokens/art/proficiencies/harpoon.webp; non-physical subject (emblem kind — see header); a usable library icon already exists — regenerate only for the unified look"
"healing.webp","Healing","emblem","—","item icon","The practised craft as an object: a mortar and pestle with bundled herbs","P3","C:/Projects/FoundryVTT/DakksUltimateTokens/art/proficiencies/healing.webp; non-physical subject (emblem kind — see header); a usable library icon already exists — regenerate only for the unified look"
"heavy-crossbow.webp","Heavy Crossbow","emblem","—","item icon","A well-worn practice heavy crossbow, presented as a training emblem","P3","C:/Projects/FoundryVTT/DakksUltimateTokens/art/proficiencies/heavy-crossbow.webp; non-physical subject (emblem kind — see header); a usable library icon already exists — regenerate only for the unified look"
"heavy-crossbow-1-6.webp","Weapon Specialization: Heavy Crossbow (Levels 1-6)","emblem","—","item icon","Fighting-style training emblem: crossed training swords","P3","C:/Projects/FoundryVTT/DakksUltimateTokens/art/proficiencies/heavy-crossbow-1-6.webp; non-physical subject (emblem kind — see header); a usable library icon already exists — regenerate only for the unified look"
"heavy-crossbow-13.webp","Weapon Specialization: Heavy Crossbow (Levels 13+)","emblem","—","item icon","Fighting-style training emblem: crossed training swords","P3","C:/Projects/FoundryVTT/DakksUltimateTokens/art/proficiencies/heavy-crossbow-13.webp; non-physical subject (emblem kind — see header); a usable library icon already exists — regenerate only for the unified look"
"heavy-crossbow-7-12.webp","Weapon Specialization: Heavy Crossbow (Levels 7-12)","emblem","—","item icon","Fighting-style training emblem: crossed training swords","P3","C:/Projects/FoundryVTT/DakksUltimateTokens/art/proficiencies/heavy-crossbow-7-12.webp; non-physical subject (emblem kind — see header); a usable library icon already exists — regenerate only for the unified look"
"herbalism.webp","Herbalism","emblem","—","item icon","The practised craft as an object: a mortar and pestle with bundled herbs","P3","C:/Projects/FoundryVTT/DakksUltimateTokens/art/proficiencies/herbalism.webp; non-physical subject (emblem kind — see header); a usable library icon already exists — regenerate only for the unified look"
"hook-fauchard.webp","Hook Fauchard","emblem","—","item icon","A well-worn practice hook fauchard, presented as a training emblem","P3","C:/Projects/FoundryVTT/DakksUltimateTokens/art/proficiencies/hook-fauchard.webp; non-physical subject (emblem kind — see header); a usable library icon already exists — regenerate only for the unified look"
"horsemans-flail.webp","Horseman's Flail","emblem","—","item icon","A well-worn practice horseman's flail, presented as a training emblem","P3","C:/Projects/FoundryVTT/DakksUltimateTokens/art/proficiencies/horsemans-flail.webp; non-physical subject (emblem kind — see header); a usable library icon already exists — regenerate only for the unified look"
"horsemans-mace.webp","Horseman's Mace","emblem","—","item icon","A well-worn practice horseman's mace, presented as a training emblem","P3","C:/Projects/FoundryVTT/DakksUltimateTokens/art/proficiencies/horsemans-mace.webp; non-physical subject (emblem kind — see header); a usable library icon already exists — regenerate only for the unified look"
"horsemans-pick.webp","Horseman's Pick","emblem","—","item icon","A well-worn practice horseman's pick, presented as a training emblem","P3","C:/Projects/FoundryVTT/DakksUltimateTokens/art/proficiencies/horsemans-pick.webp; non-physical subject (emblem kind — see header); a usable library icon already exists — regenerate only for the unified look"
"hunting.webp","Hunting","emblem","—","item icon","The practised craft as an object: an animal-track cast and a snare cord","P3","C:/Projects/FoundryVTT/DakksUltimateTokens/art/proficiencies/hunting.webp; non-physical subject (emblem kind — see header); a usable library icon already exists — regenerate only for the unified look"
"hurled-weapon.webp","Hurled-Weapon Method","emblem","—","item icon","Fighting-style training emblem: crossed training swords","P3","C:/Projects/FoundryVTT/DakksUltimateTokens/art/proficiencies/hurled-weapon.webp; non-physical subject (emblem kind — see header); a usable library icon already exists — regenerate only for the unified look"
"infantry.webp","Infantry (Weaponry Group)","emblem","—","item icon","Weapon-group training emblem: crossed infantry weapons","P3","C:/Projects/FoundryVTT/DakksUltimateTokens/art/proficiencies/infantry.webp; non-physical subject (emblem kind — see header); a usable library icon already exists — regenerate only for the unified look"
"instrument.webp","Instrument","emblem","—","item icon","The practised craft as an object: a lute and juggling batons","P3","C:/Projects/FoundryVTT/DakksUltimateTokens/art/proficiencies/instrument.webp; non-physical subject (emblem kind — see header); a usable library icon already exists — regenerate only for the unified look"
"javelin.webp","Javelin","emblem","—","item icon","A well-worn practice javelin, presented as a training emblem","P3","C:/Projects/FoundryVTT/DakksUltimateTokens/art/proficiencies/javelin.webp; non-physical subject (emblem kind — see header); a usable library icon already exists — regenerate only for the unified look"
"juggling.webp","Juggling","emblem","—","item icon","The practised craft as an object: a lute and juggling batons","P3","C:/Projects/FoundryVTT/DakksUltimateTokens/art/proficiencies/juggling.webp; non-physical subject (emblem kind — see header); a usable library icon already exists — regenerate only for the unified look"
"jumping.webp","Jumping","emblem","—","item icon","The practised craft as an object: a pair of worn running sandals","P3","C:/Projects/FoundryVTT/DakksUltimateTokens/art/proficiencies/jumping.webp; non-physical subject (emblem kind — see header); a usable library icon already exists — regenerate only for the unified look"
"khopesh.webp","Khopesh","emblem","—","item icon","A well-worn practice khopesh, presented as a training emblem","P3","C:/Projects/FoundryVTT/DakksUltimateTokens/art/proficiencies/khopesh.webp; non-physical subject (emblem kind — see header); a usable library icon already exists — regenerate only for the unified look"
"knife.webp","Knife","emblem","—","item icon","A well-worn practice knife, presented as a training emblem","P3","C:/Projects/FoundryVTT/DakksUltimateTokens/art/proficiencies/knife.webp; non-physical subject (emblem kind — see header); a usable library icon already exists — regenerate only for the unified look"
"knowledge.webp","Knowledge","emblem","—","item icon","The practised craft as an object: an open tome and a rolled chart","P3","C:/Projects/FoundryVTT/DakksUltimateTokens/art/proficiencies/knowledge.webp; non-physical subject (emblem kind — see header); a usable library icon already exists — regenerate only for the unified look"
"lance.webp","Lance (Weaponry Group)","emblem","—","item icon","Weapon-group training emblem: crossed lance weapons","P3","C:/Projects/FoundryVTT/DakksUltimateTokens/art/proficiencies/lance.webp; non-physical subject (emblem kind — see header); a usable library icon already exists — regenerate only for the unified look"
"lance-heavy.webp","Heavy Lance","emblem","—","item icon","A well-worn practice heavy lance, presented as a training emblem","P3","C:/Projects/FoundryVTT/DakksUltimateTokens/art/proficiencies/lance-heavy.webp; non-physical subject (emblem kind — see header); a usable library icon already exists — regenerate only for the unified look"
"lance-jousting.webp","Jousting Lance","emblem","—","item icon","A well-worn practice jousting lance, presented as a training emblem","P3","C:/Projects/FoundryVTT/DakksUltimateTokens/art/proficiencies/lance-jousting.webp; non-physical subject (emblem kind — see header); a usable library icon already exists — regenerate only for the unified look"
"lance-light.webp","Light Lance","emblem","—","item icon","A well-worn practice light lance, presented as a training emblem","P3","C:/Projects/FoundryVTT/DakksUltimateTokens/art/proficiencies/lance-light.webp; non-physical subject (emblem kind — see header); a usable library icon already exists — regenerate only for the unified look"
"lance-medium.webp","Medium Lance","emblem","—","item icon","A well-worn practice medium lance, presented as a training emblem","P3","C:/Projects/FoundryVTT/DakksUltimateTokens/art/proficiencies/lance-medium.webp; non-physical subject (emblem kind — see header); a usable library icon already exists — regenerate only for the unified look"
"languages-ancient.webp","Languages, Ancient","emblem","—","item icon","The practised craft as an object: an open tome and a rolled chart","P3","C:/Projects/FoundryVTT/DakksUltimateTokens/art/proficiencies/languages-ancient.webp; non-physical subject (emblem kind — see header); a usable library icon already exists — regenerate only for the unified look"
"languages-modern.webp","Languages, Modern","emblem","—","item icon","The practised craft as an object: an open tome and a rolled chart","P3","C:/Projects/FoundryVTT/DakksUltimateTokens/art/proficiencies/languages-modern.webp; non-physical subject (emblem kind — see header); a usable library icon already exists — regenerate only for the unified look"
"light-crossbow.webp","Light Crossbow","emblem","—","item icon","A well-worn practice light crossbow, presented as a training emblem","P3","C:/Projects/FoundryVTT/DakksUltimateTokens/art/proficiencies/light-crossbow.webp; non-physical subject (emblem kind — see header); a usable library icon already exists — regenerate only for the unified look"
"light-crossbow-1-6.webp","Weapon Specialization: Light Crossbow (Levels 1-6)","emblem","—","item icon","Fighting-style training emblem: crossed training swords","P3","C:/Projects/FoundryVTT/DakksUltimateTokens/art/proficiencies/light-crossbow-1-6.webp; non-physical subject (emblem kind — see header); a usable library icon already exists — regenerate only for the unified look"
"light-crossbow-13.webp","Weapon Specialization: Light Crossbow (Levels 13+)","emblem","—","item icon","Fighting-style training emblem: crossed training swords","P3","C:/Projects/FoundryVTT/DakksUltimateTokens/art/proficiencies/light-crossbow-13.webp; non-physical subject (emblem kind — see header); a usable library icon already exists — regenerate only for the unified look"
"light-crossbow-7-12.webp","Weapon Specialization: Light Crossbow (Levels 7-12)","emblem","—","item icon","Fighting-style training emblem: crossed training swords","P3","C:/Projects/FoundryVTT/DakksUltimateTokens/art/proficiencies/light-crossbow-7-12.webp; non-physical subject (emblem kind — see header); a usable library icon already exists — regenerate only for the unified look"
"local-history.webp","Local History","emblem","—","item icon","The practised craft as an object: an open tome and a rolled chart","P3","C:/Projects/FoundryVTT/DakksUltimateTokens/art/proficiencies/local-history.webp; non-physical subject (emblem kind — see header); a usable library icon already exists — regenerate only for the unified look"
"long-blade.webp","Long Blade (Weaponry Group)","emblem","—","item icon","Weapon-group training emblem: crossed long blade weapons","P3","C:/Projects/FoundryVTT/DakksUltimateTokens/art/proficiencies/long-blade.webp; non-physical subject (emblem kind — see header); a usable library icon already exists — regenerate only for the unified look"
"long-bow.webp","Long Bow","emblem","—","item icon","A well-worn practice long bow, presented as a training emblem","P3","C:/Projects/FoundryVTT/DakksUltimateTokens/art/proficiencies/long-bow.webp; non-physical subject (emblem kind — see header); a usable library icon already exists — regenerate only for the unified look"
"long-sword.webp","Long Sword","emblem","—","item icon","A well-worn practice long sword, presented as a training emblem","P3","C:/Projects/FoundryVTT/DakksUltimateTokens/art/proficiencies/long-sword.webp; non-physical subject (emblem kind — see header); a usable library icon already exists — regenerate only for the unified look"
"lucern-hammer.webp","Lucern Hammer","emblem","—","item icon","A well-worn practice lucern hammer, presented as a training emblem","P3","C:/Projects/FoundryVTT/DakksUltimateTokens/art/proficiencies/lucern-hammer.webp; non-physical subject (emblem kind — see header); a usable library icon already exists — regenerate only for the unified look"
"man-catcher.webp","Man Catcher","emblem","—","item icon","A well-worn practice man catcher, presented as a training emblem","P3","C:/Projects/FoundryVTT/DakksUltimateTokens/art/proficiencies/man-catcher.webp; non-physical subject (emblem kind — see header); a usable library icon already exists — regenerate only for the unified look"
"medium-blade.webp","Medium Blade (Weaponry Group)","emblem","—","item icon","Weapon-group training emblem: crossed medium blade weapons","P3","C:/Projects/FoundryVTT/DakksUltimateTokens/art/proficiencies/medium-blade.webp; non-physical subject (emblem kind — see header); a usable library icon already exists — regenerate only for the unified look"
"melee-1-6.webp","Weapon Specialization: Melee Weapon (Levels 1-6)","emblem","—","item icon","Fighting-style training emblem: crossed training swords","P3","C:/Projects/FoundryVTT/DakksUltimateTokens/art/proficiencies/melee-1-6.webp; non-physical subject (emblem kind — see header); a usable library icon already exists — regenerate only for the unified look"
"melee-13.webp","Weapon Specialization: Melee Weapon (Levels 13+)","emblem","—","item icon","Fighting-style training emblem: crossed training swords","P3","C:/Projects/FoundryVTT/DakksUltimateTokens/art/proficiencies/melee-13.webp; non-physical subject (emblem kind — see header); a usable library icon already exists — regenerate only for the unified look"
"melee-7-12.webp","Weapon Specialization: Melee Weapon (Levels 7-12)","emblem","—","item icon","Fighting-style training emblem: crossed training swords","P3","C:/Projects/FoundryVTT/DakksUltimateTokens/art/proficiencies/melee-7-12.webp; non-physical subject (emblem kind — see header); a usable library icon already exists — regenerate only for the unified look"
"military-fork.webp","Military Fork","emblem","—","item icon","A well-worn practice military fork, presented as a training emblem","P3","C:/Projects/FoundryVTT/DakksUltimateTokens/art/proficiencies/military-fork.webp; non-physical subject (emblem kind — see header); a usable library icon already exists — regenerate only for the unified look"
"mining.webp","Mining","emblem","—","item icon","The practised craft as an object: a smith's hammer and tongs","P3","C:/Projects/FoundryVTT/DakksUltimateTokens/art/proficiencies/mining.webp; non-physical subject (emblem kind — see header); a usable library icon already exists — regenerate only for the unified look"
"missile-weapon.webp","Missile-Weapon Method","emblem","—","item icon","Fighting-style training emblem: crossed training swords","P3","C:/Projects/FoundryVTT/DakksUltimateTokens/art/proficiencies/missile-weapon.webp; non-physical subject (emblem kind — see header); a usable library icon already exists — regenerate only for the unified look"
"missile-weapon-1-6.webp","Weapon Specialization: Missile Weapons (Levels 1-6)","emblem","—","item icon","Fighting-style training emblem: crossed training swords","P3","C:/Projects/FoundryVTT/DakksUltimateTokens/art/proficiencies/missile-weapon-1-6.webp; non-physical subject (emblem kind — see header); a usable library icon already exists — regenerate only for the unified look"
"missile-weapon-13.webp","Weapon Specialization: Missile Weapons (Levels 13+)","emblem","—","item icon","Fighting-style training emblem: crossed training swords","P3","C:/Projects/FoundryVTT/DakksUltimateTokens/art/proficiencies/missile-weapon-13.webp; non-physical subject (emblem kind — see header); a usable library icon already exists — regenerate only for the unified look"
"missile-weapon-7-12.webp","Weapon Specialization: Missile Weapons (Levels 7-12)","emblem","—","item icon","Fighting-style training emblem: crossed training swords","P3","C:/Projects/FoundryVTT/DakksUltimateTokens/art/proficiencies/missile-weapon-7-12.webp; non-physical subject (emblem kind — see header); a usable library icon already exists — regenerate only for the unified look"
"morning-star.webp","Morning Star","emblem","—","item icon","A well-worn practice morning star, presented as a training emblem","P3","C:/Projects/FoundryVTT/DakksUltimateTokens/art/proficiencies/morning-star.webp; non-physical subject (emblem kind — see header); a usable library icon already exists — regenerate only for the unified look"
"navigation.webp","Navigation","emblem","—","item icon","The practised craft as an object: a brass astrolabe","P3","C:/Projects/FoundryVTT/DakksUltimateTokens/art/proficiencies/navigation.webp; non-physical subject (emblem kind — see header); a usable library icon already exists — regenerate only for the unified look"
"partisan.webp","Partisan","emblem","—","item icon","A well-worn practice partisan, presented as a training emblem","P3","C:/Projects/FoundryVTT/DakksUltimateTokens/art/proficiencies/partisan.webp; non-physical subject (emblem kind — see header); a usable library icon already exists — regenerate only for the unified look"
"perform.webp","Perform","emblem","—","item icon","The practised craft as an object: a lute and juggling batons","P3","C:/Projects/FoundryVTT/DakksUltimateTokens/art/proficiencies/perform.webp; non-physical subject (emblem kind — see header); a usable library icon already exists — regenerate only for the unified look"
"piercing.webp","Piercing Weaponry (Type)","emblem","—","item icon","A well-worn practice type piercing weaponry, presented as a training emblem","P3","C:/Projects/FoundryVTT/DakksUltimateTokens/art/proficiencies/piercing.webp; non-physical subject (emblem kind — see header); a usable library icon already exists — regenerate only for the unified look"
"pole-arm.webp","Pole Arm (Weaponry Group)","emblem","—","item icon","Weapon-group training emblem: crossed pole arm weapons","P3","C:/Projects/FoundryVTT/DakksUltimateTokens/art/proficiencies/pole-arm.webp; non-physical subject (emblem kind — see header); a usable library icon already exists — regenerate only for the unified look"
"pottery.webp","Pottery","emblem","—","item icon","The practised craft as an object: a thrown clay jug","P3","C:/Projects/FoundryVTT/DakksUltimateTokens/art/proficiencies/pottery.webp; non-physical subject (emblem kind — see header); a usable library icon already exists — regenerate only for the unified look"
"quarterstaff.webp","Quarterstaff","emblem","—","item icon","A well-worn practice quarterstaff, presented as a training emblem","P3","C:/Projects/FoundryVTT/DakksUltimateTokens/art/proficiencies/quarterstaff.webp; non-physical subject (emblem kind — see header); a usable library icon already exists — regenerate only for the unified look"
"ranseur.webp","Ranseur","emblem","—","item icon","A well-worn practice ranseur, presented as a training emblem","P3","C:/Projects/FoundryVTT/DakksUltimateTokens/art/proficiencies/ranseur.webp; non-physical subject (emblem kind — see header); a usable library icon already exists — regenerate only for the unified look"
"read-lips.webp","Read Lips","emblem","—","item icon","The practised craft as an object: an open tome and a rolled chart","P3","C:/Projects/FoundryVTT/DakksUltimateTokens/art/proficiencies/read-lips.webp; non-physical subject (emblem kind — see header); a usable library icon already exists — regenerate only for the unified look"
"read-write-language.webp","Read/Write Language","emblem","—","item icon","The practised craft as an object: a quill, ink pot and sealed letter","P3","C:/Projects/FoundryVTT/DakksUltimateTokens/art/proficiencies/read-write-language.webp; non-physical subject (emblem kind — see header); a usable library icon already exists — regenerate only for the unified look"
"release-action.webp","Release Action (Weaponry Group)","emblem","—","item icon","Weapon-group training emblem: crossed release action weapons","P3","C:/Projects/FoundryVTT/DakksUltimateTokens/art/proficiencies/release-action.webp; non-physical subject (emblem kind — see header); a usable library icon already exists — regenerate only for the unified look"
"religion.webp","Religion","emblem","—","item icon","The practised craft as an object: an open tome and a rolled chart","P3","C:/Projects/FoundryVTT/DakksUltimateTokens/art/proficiencies/religion.webp; non-physical subject (emblem kind — see header); a usable library icon already exists — regenerate only for the unified look"
"riding.webp","Riding","emblem","—","item icon","The practised craft as an object: a leather halter and riding crop","P3","C:/Projects/FoundryVTT/DakksUltimateTokens/art/proficiencies/riding.webp; non-physical subject (emblem kind — see header); a usable library icon already exists — regenerate only for the unified look"
"scimitar.webp","Scimitar","emblem","—","item icon","A well-worn practice scimitar, presented as a training emblem","P3","C:/Projects/FoundryVTT/DakksUltimateTokens/art/proficiencies/scimitar.webp; non-physical subject (emblem kind — see header); a usable library icon already exists — regenerate only for the unified look"
"scourge.webp","Scourge","emblem","—","item icon","A well-worn practice scourge, presented as a training emblem","P3","C:/Projects/FoundryVTT/DakksUltimateTokens/art/proficiencies/scourge.webp; non-physical subject (emblem kind — see header); a usable library icon already exists — regenerate only for the unified look"
"seamanship.webp","Seamanship","emblem","—","item icon","The practised craft as an object: a ship's wheel and knotted line","P3","C:/Projects/FoundryVTT/DakksUltimateTokens/art/proficiencies/seamanship.webp; non-physical subject (emblem kind — see header); a usable library icon already exists — regenerate only for the unified look"
"seamstress-tailor.webp","Seamstress/Tailor","emblem","—","item icon","The practised craft as an object: shears, needle and thread","P3","C:/Projects/FoundryVTT/DakksUltimateTokens/art/proficiencies/seamstress-tailor.webp; non-physical subject (emblem kind — see header); a usable library icon already exists — regenerate only for the unified look"
"set-snares-and-traps.webp","Set Snares and Traps","emblem","—","item icon","The practised craft as an object: a wire snare and stake","P3","C:/Projects/FoundryVTT/DakksUltimateTokens/art/proficiencies/set-snares-and-traps.webp; non-physical subject (emblem kind — see header); a usable library icon already exists — regenerate only for the unified look"
"short-blade.webp","Short Blade (Weaponry Group)","emblem","—","item icon","Weapon-group training emblem: crossed short blade weapons","P3","C:/Projects/FoundryVTT/DakksUltimateTokens/art/proficiencies/short-blade.webp; non-physical subject (emblem kind — see header); a usable library icon already exists — regenerate only for the unified look"
"short-bow.webp","Short Bow","emblem","—","item icon","A well-worn practice short bow, presented as a training emblem","P3","C:/Projects/FoundryVTT/DakksUltimateTokens/art/proficiencies/short-bow.webp; non-physical subject (emblem kind — see header); a usable library icon already exists — regenerate only for the unified look"
"short-sword.webp","Short Sword","emblem","—","item icon","A well-worn practice short sword, presented as a training emblem","P3","C:/Projects/FoundryVTT/DakksUltimateTokens/art/proficiencies/short-sword.webp; non-physical subject (emblem kind — see header); a usable library icon already exists — regenerate only for the unified look"
"sickle.webp","Sickle","emblem","—","item icon","A well-worn practice sickle, presented as a training emblem","P3","C:/Projects/FoundryVTT/DakksUltimateTokens/art/proficiencies/sickle.webp; non-physical subject (emblem kind — see header); a usable library icon already exists — regenerate only for the unified look"
"singing.webp","Singing","emblem","—","item icon","The practised craft as an object: a lute and juggling batons","P3","C:/Projects/FoundryVTT/DakksUltimateTokens/art/proficiencies/singing.webp; non-physical subject (emblem kind — see header); a usable library icon already exists — regenerate only for the unified look"
"single-weapon.webp","Single-Weapon Method","emblem","—","item icon","Fighting-style training emblem: crossed training swords","P3","C:/Projects/FoundryVTT/DakksUltimateTokens/art/proficiencies/single-weapon.webp; non-physical subject (emblem kind — see header); a usable library icon already exists — regenerate only for the unified look"
"single-weapon-specialization.webp","Single-Weapon Method Specialization","emblem","—","item icon","Fighting-style training emblem: crossed training swords","P3","C:/Projects/FoundryVTT/DakksUltimateTokens/art/proficiencies/single-weapon-specialization.webp; non-physical subject (emblem kind — see header); a usable library icon already exists — regenerate only for the unified look"
"slashing.webp","Slashing Weaponry (Type)","emblem","—","item icon","A well-worn practice type slashing weaponry, presented as a training emblem","P3","C:/Projects/FoundryVTT/DakksUltimateTokens/art/proficiencies/slashing.webp; non-physical subject (emblem kind — see header); a usable library icon already exists — regenerate only for the unified look"
"sling.webp","Sling","emblem","—","item icon","A well-worn practice sling, presented as a training emblem","P3","C:/Projects/FoundryVTT/DakksUltimateTokens/art/proficiencies/sling.webp; non-physical subject (emblem kind — see header); a usable library icon already exists — regenerate only for the unified look"
"spear.webp","Spear (Weaponry Group)","emblem","—","item icon","Weapon-group training emblem: crossed spear weapons","P3","C:/Projects/FoundryVTT/DakksUltimateTokens/art/proficiencies/spear.webp; non-physical subject (emblem kind — see header); a usable library icon already exists — regenerate only for the unified look; SHARED FILE — also serves prof.weapon.spear (ad2e-core/proficiencies-weapon)"
"spellcraft.webp","Spellcraft","emblem","—","item icon","The practised craft as an object: an open tome and a rolled chart","P3","C:/Projects/FoundryVTT/DakksUltimateTokens/art/proficiencies/spellcraft.webp; non-physical subject (emblem kind — see header); a usable library icon already exists — regenerate only for the unified look"
"spetum.webp","Spetum","emblem","—","item icon","A well-worn practice spetum, presented as a training emblem","P3","C:/Projects/FoundryVTT/DakksUltimateTokens/art/proficiencies/spetum.webp; non-physical subject (emblem kind — see header); a usable library icon already exists — regenerate only for the unified look"
"staff-sling.webp","Staff Sling","emblem","—","item icon","A well-worn practice staff sling, presented as a training emblem","P3","C:/Projects/FoundryVTT/DakksUltimateTokens/art/proficiencies/staff-sling.webp; non-physical subject (emblem kind — see header); a usable library icon already exists — regenerate only for the unified look"
"stonemason.webp","Stonemason","emblem","—","item icon","The practised craft as an object: a mason's chisel and mallet","P3","C:/Projects/FoundryVTT/DakksUltimateTokens/art/proficiencies/stonemason.webp; non-physical subject (emblem kind — see header); a usable library icon already exists — regenerate only for the unified look"
"survival.webp","Survival","emblem","—","item icon","The practised craft as an object: a flint, tinder and waterskin","P3","C:/Projects/FoundryVTT/DakksUltimateTokens/art/proficiencies/survival.webp; non-physical subject (emblem kind — see header); a usable library icon already exists — regenerate only for the unified look"
"swimming.webp","Swimming","emblem","—","item icon","The practised craft as an object: a cresting wave over a swimmer emblem","P3","C:/Projects/FoundryVTT/DakksUltimateTokens/art/proficiencies/swimming.webp; non-physical subject (emblem kind — see header); a usable library icon already exists — regenerate only for the unified look"
"tanner.webp","Tanner","emblem","—","item icon","The practised craft as an object: a hide stretched on a rack","P3","C:/Projects/FoundryVTT/DakksUltimateTokens/art/proficiencies/tanner.webp; non-physical subject (emblem kind — see header); a usable library icon already exists — regenerate only for the unified look"
"thrown-dagger-1-6.webp","Weapon Specialization: Thrown Dagger (Levels 1-6)","emblem","—","item icon","Fighting-style training emblem: crossed training swords","P3","C:/Projects/FoundryVTT/DakksUltimateTokens/art/proficiencies/thrown-dagger-1-6.webp; non-physical subject (emblem kind — see header); a usable library icon already exists — regenerate only for the unified look"
"thrown-dagger-13.webp","Weapon Specialization: Thrown Dagger (Levels 13+)","emblem","—","item icon","Fighting-style training emblem: crossed training swords","P3","C:/Projects/FoundryVTT/DakksUltimateTokens/art/proficiencies/thrown-dagger-13.webp; non-physical subject (emblem kind — see header); a usable library icon already exists — regenerate only for the unified look"
"thrown-dagger-7-12.webp","Weapon Specialization: Thrown Dagger (Levels 7-12)","emblem","—","item icon","Fighting-style training emblem: crossed training swords","P3","C:/Projects/FoundryVTT/DakksUltimateTokens/art/proficiencies/thrown-dagger-7-12.webp; non-physical subject (emblem kind — see header); a usable library icon already exists — regenerate only for the unified look"
"thrown-dart-1-6.webp","Weapon Specialization: Thrown Dart (Levels 1-6)","emblem","—","item icon","Fighting-style training emblem: crossed training swords","P3","C:/Projects/FoundryVTT/DakksUltimateTokens/art/proficiencies/thrown-dart-1-6.webp; non-physical subject (emblem kind — see header); a usable library icon already exists — regenerate only for the unified look"
"thrown-dart-13.webp","Weapon Specialization: Thrown Dart (Levels 13+)","emblem","—","item icon","Fighting-style training emblem: crossed training swords","P3","C:/Projects/FoundryVTT/DakksUltimateTokens/art/proficiencies/thrown-dart-13.webp; non-physical subject (emblem kind — see header); a usable library icon already exists — regenerate only for the unified look"
"thrown-dart-7-12.webp","Weapon Specialization: Thrown Dart (Levels 7-12)","emblem","—","item icon","Fighting-style training emblem: crossed training swords","P3","C:/Projects/FoundryVTT/DakksUltimateTokens/art/proficiencies/thrown-dart-7-12.webp; non-physical subject (emblem kind — see header); a usable library icon already exists — regenerate only for the unified look"
"tracking.webp","Tracking","emblem","—","item icon","The practised craft as an object: an animal-track cast and a snare cord","P3","C:/Projects/FoundryVTT/DakksUltimateTokens/art/proficiencies/tracking.webp; non-physical subject (emblem kind — see header); a usable library icon already exists — regenerate only for the unified look"
"trade.webp","Trade","emblem","—","item icon","The practised craft as an object: a merchant's balance scale","P3","C:/Projects/FoundryVTT/DakksUltimateTokens/art/proficiencies/trade.webp; non-physical subject (emblem kind — see header); a usable library icon already exists — regenerate only for the unified look"
"trident.webp","Trident","emblem","—","item icon","A well-worn practice trident, presented as a training emblem","P3","C:/Projects/FoundryVTT/DakksUltimateTokens/art/proficiencies/trident.webp; non-physical subject (emblem kind — see header); a usable library icon already exists — regenerate only for the unified look"
"two-handed.webp","Two-Handed Method","emblem","—","item icon","Fighting-style training emblem: crossed training swords","P3","C:/Projects/FoundryVTT/DakksUltimateTokens/art/proficiencies/two-handed.webp; non-physical subject (emblem kind — see header); a usable library icon already exists — regenerate only for the unified look"
"two-handed-sword.webp","Two-Handed Sword","emblem","—","item icon","A well-worn practice two-handed sword, presented as a training emblem","P3","C:/Projects/FoundryVTT/DakksUltimateTokens/art/proficiencies/two-handed-sword.webp; non-physical subject (emblem kind — see header); a usable library icon already exists — regenerate only for the unified look"
"unarmed-specialization.webp","Unarmed Combat Specialization (Fighter Only)","emblem","—","item icon","Fighting-style training emblem: crossed training swords","P3","C:/Projects/FoundryVTT/DakksUltimateTokens/art/proficiencies/unarmed-specialization.webp; non-physical subject (emblem kind — see header); a usable library icon already exists — regenerate only for the unified look"
"use-rope.webp","Use Rope","emblem","—","item icon","The practised craft as an object: a coil of knotted rope","P3","C:/Projects/FoundryVTT/DakksUltimateTokens/art/proficiencies/use-rope.webp; non-physical subject (emblem kind — see header); a usable library icon already exists — regenerate only for the unified look"
"voulge.webp","Voulge","emblem","—","item icon","A well-worn practice voulge, presented as a training emblem","P3","C:/Projects/FoundryVTT/DakksUltimateTokens/art/proficiencies/voulge.webp; non-physical subject (emblem kind — see header); a usable library icon already exists — regenerate only for the unified look"
"war-hammer.webp","War Hammer","emblem","—","item icon","A well-worn practice war hammer, presented as a training emblem","P3","C:/Projects/FoundryVTT/DakksUltimateTokens/art/proficiencies/war-hammer.webp; non-physical subject (emblem kind — see header); a usable library icon already exists — regenerate only for the unified look"
"weapon-shield.webp","Weapon-Shield Method","emblem","—","item icon","Fighting-style training emblem: crossed training swords","P3","C:/Projects/FoundryVTT/DakksUltimateTokens/art/proficiencies/weapon-shield.webp; non-physical subject (emblem kind — see header); a usable library icon already exists — regenerate only for the unified look"
"weapon-shield-specialization.webp","Weapon-Shield Method Specialization","emblem","—","item icon","Fighting-style training emblem: crossed training swords","P3","C:/Projects/FoundryVTT/DakksUltimateTokens/art/proficiencies/weapon-shield-specialization.webp; non-physical subject (emblem kind — see header); a usable library icon already exists — regenerate only for the unified look"
"weaponsmith.webp","Weaponsmith","emblem","—","item icon","The practised craft as an object: a smith's hammer and tongs","P3","C:/Projects/FoundryVTT/DakksUltimateTokens/art/proficiencies/weaponsmith.webp; non-physical subject (emblem kind — see header); a usable library icon already exists — regenerate only for the unified look"
"weaving.webp","Weaving","emblem","—","item icon","The practised craft as an object: shears, needle and thread","P3","C:/Projects/FoundryVTT/DakksUltimateTokens/art/proficiencies/weaving.webp; non-physical subject (emblem kind — see header); a usable library icon already exists — regenerate only for the unified look"
"whip.webp","Whip","emblem","—","item icon","A well-worn practice whip, presented as a training emblem","P3","C:/Projects/FoundryVTT/DakksUltimateTokens/art/proficiencies/whip.webp; non-physical subject (emblem kind — see header); a usable library icon already exists — regenerate only for the unified look"
"wrestling.webp","Wrestling-Attack Method","emblem","—","item icon","Fighting-style training emblem: crossed training swords","P3","C:/Projects/FoundryVTT/DakksUltimateTokens/art/proficiencies/wrestling.webp; non-physical subject (emblem kind — see header); a usable library icon already exists — regenerate only for the unified look"
"backstab.webp","Backstab","emblem","—","item icon","The practised skill as an object: a reversed dagger held blade-down","P3","C:/Projects/FoundryVTT/DakksUltimateTokens/art/skills/backstab.webp; non-physical subject (emblem kind — see header); a usable library icon already exists — regenerate only for the unified look"
"climb-walls.webp","Climb Walls (Bard)","emblem","—","item icon","The practised skill as an object: a coiled climbing rope and grapnel","P3","C:/Projects/FoundryVTT/DakksUltimateTokens/art/skills/climb-walls.webp; non-physical subject (emblem kind — see header); a usable library icon already exists — regenerate only for the unified look; SHARED FILE — also serves skill.thief.climb-walls (ad2e-core/skills)"
"detect-noise.webp","Detect Noise (Bard)","emblem","—","item icon","The practised skill as an object: a keyhole with faint sound rings","P3","C:/Projects/FoundryVTT/DakksUltimateTokens/art/skills/detect-noise.webp; non-physical subject (emblem kind — see header); a usable library icon already exists — regenerate only for the unified look; SHARED FILE — also serves skill.thief.detect-noise (ad2e-core/skills)"
"find-remove-traps.webp","Find/Remove Traps","emblem","—","item icon","The practised skill as an object: a sprung jaw-trap beside a slender probe","P3","C:/Projects/FoundryVTT/DakksUltimateTokens/art/skills/find-remove-traps.webp; non-physical subject (emblem kind — see header); a usable library icon already exists — regenerate only for the unified look"
"hide-in-shadows.webp","Hide in Shadows","emblem","—","item icon","The practised skill as an object: a grey hooded cloak","P3","C:/Projects/FoundryVTT/DakksUltimateTokens/art/skills/hide-in-shadows.webp; non-physical subject (emblem kind — see header); a usable library icon already exists — regenerate only for the unified look"
"move-silently.webp","Move Silently","emblem","—","item icon","The practised skill as an object: soft-soled leather boots","P3","C:/Projects/FoundryVTT/DakksUltimateTokens/art/skills/move-silently.webp; non-physical subject (emblem kind — see header); a usable library icon already exists — regenerate only for the unified look"
"open-locks.webp","Open Locks","emblem","—","item icon","The practised skill as an object: a lockpick set fanned beside a padlock","P3","C:/Projects/FoundryVTT/DakksUltimateTokens/art/skills/open-locks.webp; non-physical subject (emblem kind — see header); a usable library icon already exists — regenerate only for the unified look"
"pick-pockets.webp","Pick Pockets (Bard)","emblem","—","item icon","The practised skill as an object: a cut coin purse","P3","C:/Projects/FoundryVTT/DakksUltimateTokens/art/skills/pick-pockets.webp; non-physical subject (emblem kind — see header); a usable library icon already exists — regenerate only for the unified look; SHARED FILE — also serves skill.thief.pick-pockets (ad2e-core/skills)"
"read-languages.webp","Read Languages (Bard)","emblem","—","item icon","The practised skill as an object: an unrolled scroll of foreign script","P3","C:/Projects/FoundryVTT/DakksUltimateTokens/art/skills/read-languages.webp; non-physical subject (emblem kind — see header); a usable library icon already exists — regenerate only for the unified look; SHARED FILE — also serves skill.thief.read-languages (ad2e-core/skills)"
"advanced-illusion.webp","Advanced Illusion","emblem","—","item icon","Spell effect as an object: a shimmering double-faced mask","P3","C:/Projects/FoundryVTT/DakksUltimateTokens/art/spells/advanced-illusion.webp; non-physical subject (emblem kind — see header); a usable library icon already exists — regenerate only for the unified look"
"aerial-servant.webp","Aerial Servant","emblem","—","item icon","Spell effect as an object: a summoning circle of light","P3","C:/Projects/FoundryVTT/DakksUltimateTokens/art/spells/aerial-servant.webp; non-physical subject (emblem kind — see header); a usable library icon already exists — regenerate only for the unified look"
"affect-normal-fires.webp","Affect Normal Fires","emblem","—","item icon","Spell effect as an object: a contained burst of flame","P3","C:/Projects/FoundryVTT/DakksUltimateTokens/art/spells/affect-normal-fires.webp; non-physical subject (emblem kind — see header); a usable library icon already exists — regenerate only for the unified look"
"aid.webp","Aid","emblem","—","item icon","A divine sigil of the necromantic sphere","P3","C:/Projects/FoundryVTT/DakksUltimateTokens/art/spells/aid.webp; non-physical subject (emblem kind — see header); a usable library icon already exists — regenerate only for the unified look"
"air-walk.webp","Air Walk","emblem","—","item icon","Spell effect as an object: a spiral of rushing wind","P3","C:/Projects/FoundryVTT/DakksUltimateTokens/art/spells/air-walk.webp; non-physical subject (emblem kind — see header); a usable library icon already exists — regenerate only for the unified look"
"airy-water.webp","Airy Water","emblem","—","item icon","Spell effect as an object: a curling wave of water","P3","C:/Projects/FoundryVTT/DakksUltimateTokens/art/spells/airy-water.webp; non-physical subject (emblem kind — see header); a usable library icon already exists — regenerate only for the unified look"
"alarm.webp","Alarm","emblem","—","item icon","An arcane sigil of abjuration","P3","C:/Projects/FoundryVTT/DakksUltimateTokens/art/spells/alarm.webp; non-physical subject (emblem kind — see header); a usable library icon already exists — regenerate only for the unified look"
"alter-self.webp","Alter Self","emblem","—","item icon","Spell effect as an object: a silhouette caught mid-transformation","P3","C:/Projects/FoundryVTT/DakksUltimateTokens/art/spells/alter-self.webp; non-physical subject (emblem kind — see header); a usable library icon already exists — regenerate only for the unified look"
"animal-friendship.webp","Animal Friendship","emblem","—","item icon","Spell effect as an object: a spectral beast totem","P3","C:/Projects/FoundryVTT/DakksUltimateTokens/art/spells/animal-friendship.webp; non-physical subject (emblem kind — see header); a usable library icon already exists — regenerate only for the unified look"
"animal-growth.webp","Animal Growth","emblem","—","item icon","Spell effect as an object: a spectral beast totem","P3","C:/Projects/FoundryVTT/DakksUltimateTokens/art/spells/animal-growth.webp; non-physical subject (emblem kind — see header); a usable library icon already exists — regenerate only for the unified look; SHARED FILE — also serves spell.divine.animal-growth (ad2e-core/spells-divine)"
"animal-summoning-i.webp","Animal Summoning I","emblem","—","item icon","Spell effect as an object: a spectral beast totem","P3","C:/Projects/FoundryVTT/DakksUltimateTokens/art/spells/animal-summoning-i.webp; non-physical subject (emblem kind — see header); a usable library icon already exists — regenerate only for the unified look"
"animal-summoning-ii.webp","Animal Summoning II","emblem","—","item icon","Spell effect as an object: a spectral beast totem","P3","C:/Projects/FoundryVTT/DakksUltimateTokens/art/spells/animal-summoning-ii.webp; non-physical subject (emblem kind — see header); a usable library icon already exists — regenerate only for the unified look"
"animal-summoning-iii.webp","Animal Summoning III","emblem","—","item icon","Spell effect as an object: a spectral beast totem","P3","C:/Projects/FoundryVTT/DakksUltimateTokens/art/spells/animal-summoning-iii.webp; non-physical subject (emblem kind — see header); a usable library icon already exists — regenerate only for the unified look"
"animate-dead.webp","Animate Dead","emblem","—","item icon","Spell effect as an object: a pale skull wreathed in grave-light","P3","C:/Projects/FoundryVTT/DakksUltimateTokens/art/spells/animate-dead.webp; non-physical subject (emblem kind — see header); a usable library icon already exists — regenerate only for the unified look; SHARED FILE — also serves spell.divine.animate-dead (ad2e-core/spells-divine)"
"animate-object.webp","Animate Object","emblem","—","item icon","A divine sigil of the creation sphere","P3","C:/Projects/FoundryVTT/DakksUltimateTokens/art/spells/animate-object.webp; non-physical subject (emblem kind — see header); a usable library icon already exists — regenerate only for the unified look"
"animate-rock.webp","Animate Rock","emblem","—","item icon","Spell effect as an object: a hovering shard of stone","P3","C:/Projects/FoundryVTT/DakksUltimateTokens/art/spells/animate-rock.webp; non-physical subject (emblem kind — see header); a usable library icon already exists — regenerate only for the unified look"
"anti-animal-shell.webp","Anti-Animal Shell","emblem","—","item icon","Spell effect as an object: a spectral beast totem","P3","C:/Projects/FoundryVTT/DakksUltimateTokens/art/spells/anti-animal-shell.webp; non-physical subject (emblem kind — see header); a usable library icon already exists — regenerate only for the unified look"
"anti-magic-shell.webp","Anti-Magic Shell","emblem","—","item icon","An arcane sigil of abjuration","P3","C:/Projects/FoundryVTT/DakksUltimateTokens/art/spells/anti-magic-shell.webp; non-physical subject (emblem kind — see header); a usable library icon already exists — regenerate only for the unified look"
"anti-plant-shell.webp","Anti-Plant Shell","emblem","—","item icon","Spell effect as an object: a coil of living vines","P3","C:/Projects/FoundryVTT/DakksUltimateTokens/art/spells/anti-plant-shell.webp; non-physical subject (emblem kind — see header); a usable library icon already exists — regenerate only for the unified look"
"antipathy-sympathy.webp","Antipathy-Sympathy","emblem","—","item icon","An arcane sigil of enchantment","P3","C:/Projects/FoundryVTT/DakksUltimateTokens/art/spells/antipathy-sympathy.webp; non-physical subject (emblem kind — see header); a usable library icon already exists — regenerate only for the unified look"
"armor.webp","Armor","emblem","—","item icon","Spell effect as an object: a conjured shield of force","P3","C:/Projects/FoundryVTT/DakksUltimateTokens/art/spells/armor.webp; non-physical subject (emblem kind — see header); a usable library icon already exists — regenerate only for the unified look"
"astral-spell.webp","Astral Spell","emblem","—","item icon","Spell effect as an object: a swirling portal vortex","P3","C:/Projects/FoundryVTT/DakksUltimateTokens/art/spells/astral-spell.webp; non-physical subject (emblem kind — see header); a usable library icon already exists — regenerate only for the unified look; SHARED FILE — also serves spell.divine.astral-spell (ad2e-core/spells-divine)"
"atonement.webp","Atonement","emblem","—","item icon","A divine sigil of the all sphere","P3","C:/Projects/FoundryVTT/DakksUltimateTokens/art/spells/atonement.webp; non-physical subject (emblem kind — see header); a usable library icon already exists — regenerate only for the unified look"
"audible-glamer.webp","Audible Glamer","emblem","—","item icon","Spell effect as an object: a shimmering double-faced mask","P3","C:/Projects/FoundryVTT/DakksUltimateTokens/art/spells/audible-glamer.webp; non-physical subject (emblem kind — see header); a usable library icon already exists — regenerate only for the unified look"
"augury.webp","Augury","emblem","—","item icon","Spell effect as an object: an unblinking arcane eye","P3","C:/Projects/FoundryVTT/DakksUltimateTokens/art/spells/augury.webp; non-physical subject (emblem kind — see header); a usable library icon already exists — regenerate only for the unified look"
"avoidance.webp","Avoidance","emblem","—","item icon","An arcane sigil of abjuration","P3","C:/Projects/FoundryVTT/DakksUltimateTokens/art/spells/avoidance.webp; non-physical subject (emblem kind — see header); a usable library icon already exists — regenerate only for the unified look"
"banishment.webp","Banishment","emblem","—","item icon","An arcane sigil of abjuration","P3","C:/Projects/FoundryVTT/DakksUltimateTokens/art/spells/banishment.webp; non-physical subject (emblem kind — see header); a usable library icon already exists — regenerate only for the unified look"
"bark-skin.webp","Bark Skin","emblem","—","item icon","Spell effect as an object: a coil of living vines","P3","C:/Projects/FoundryVTT/DakksUltimateTokens/art/spells/bark-skin.webp; non-physical subject (emblem kind — see header); a usable library icon already exists — regenerate only for the unified look"
"big-clenched-fist.webp","Big Clenched Fist","emblem","—","item icon","An arcane sigil of evocation","P3","C:/Projects/FoundryVTT/DakksUltimateTokens/art/spells/big-clenched-fist.webp; non-physical subject (emblem kind — see header); a usable library icon already exists — regenerate only for the unified look"
"big-crushing-hand.webp","Big Crushing Hand","emblem","—","item icon","An arcane sigil of evocation","P3","C:/Projects/FoundryVTT/DakksUltimateTokens/art/spells/big-crushing-hand.webp; non-physical subject (emblem kind — see header); a usable library icon already exists — regenerate only for the unified look"
"big-forceful-hand.webp","Big Forceful Hand","emblem","—","item icon","Spell effect as an object: a clenched fist wreathed in power","P3","C:/Projects/FoundryVTT/DakksUltimateTokens/art/spells/big-forceful-hand.webp; non-physical subject (emblem kind — see header); a usable library icon already exists — regenerate only for the unified look"
"big-grasping-hand.webp","Big Grasping Hand","emblem","—","item icon","An arcane sigil of evocation","P3","C:/Projects/FoundryVTT/DakksUltimateTokens/art/spells/big-grasping-hand.webp; non-physical subject (emblem kind — see header); a usable library icon already exists — regenerate only for the unified look"
"big-interposing-hand.webp","Big Interposing Hand","emblem","—","item icon","An arcane sigil of evocation","P3","C:/Projects/FoundryVTT/DakksUltimateTokens/art/spells/big-interposing-hand.webp; non-physical subject (emblem kind — see header); a usable library icon already exists — regenerate only for the unified look"
"bind.webp","Bind","emblem","—","item icon","Spell effect as an object: glowing spectral shackles","P3","C:/Projects/FoundryVTT/DakksUltimateTokens/art/spells/bind.webp; non-physical subject (emblem kind — see header); a usable library icon already exists — regenerate only for the unified look"
"binding.webp","Binding","emblem","—","item icon","Spell effect as an object: glowing spectral shackles","P3","C:/Projects/FoundryVTT/DakksUltimateTokens/art/spells/binding.webp; non-physical subject (emblem kind — see header); a usable library icon already exists — regenerate only for the unified look"
"black-tentacles.webp","Black Tentacles","emblem","—","item icon","An arcane sigil of conjuration","P3","C:/Projects/FoundryVTT/DakksUltimateTokens/art/spells/black-tentacles.webp; non-physical subject (emblem kind — see header); a usable library icon already exists — regenerate only for the unified look"
"blade-barrier.webp","Blade Barrier","emblem","—","item icon","Spell effect as an object: a conjured shield of force","P3","C:/Projects/FoundryVTT/DakksUltimateTokens/art/spells/blade-barrier.webp; non-physical subject (emblem kind — see header); a usable library icon already exists — regenerate only for the unified look"
"bless.webp","Bless","emblem","—","item icon","A divine sigil of the all sphere","P3","C:/Projects/FoundryVTT/DakksUltimateTokens/art/spells/bless.webp; non-physical subject (emblem kind — see header); a usable library icon already exists — regenerate only for the unified look"
"blindness.webp","Blindness","emblem","—","item icon","An arcane sigil of illusion","P3","C:/Projects/FoundryVTT/DakksUltimateTokens/art/spells/blindness.webp; non-physical subject (emblem kind — see header); a usable library icon already exists — regenerate only for the unified look"
"blink.webp","Blink","emblem","—","item icon","An arcane sigil of alteration","P3","C:/Projects/FoundryVTT/DakksUltimateTokens/art/spells/blink.webp; non-physical subject (emblem kind — see header); a usable library icon already exists — regenerate only for the unified look"
"blur.webp","Blur","emblem","—","item icon","An arcane sigil of illusion","P3","C:/Projects/FoundryVTT/DakksUltimateTokens/art/spells/blur.webp; non-physical subject (emblem kind — see header); a usable library icon already exists — regenerate only for the unified look"
"burning-hands.webp","Burning Hands","emblem","—","item icon","Spell effect as an object: a contained burst of flame","P3","C:/Projects/FoundryVTT/DakksUltimateTokens/art/spells/burning-hands.webp; non-physical subject (emblem kind — see header); a usable library icon already exists — regenerate only for the unified look"
"call-lightning.webp","Call Lightning","emblem","—","item icon","Spell effect as an object: a coil of crackling lightning","P3","C:/Projects/FoundryVTT/DakksUltimateTokens/art/spells/call-lightning.webp; non-physical subject (emblem kind — see header); a usable library icon already exists — regenerate only for the unified look"
"call-woodland-beings.webp","Call Woodland Beings","emblem","—","item icon","Spell effect as an object: a summoning circle of light","P3","C:/Projects/FoundryVTT/DakksUltimateTokens/art/spells/call-woodland-beings.webp; non-physical subject (emblem kind — see header); a usable library icon already exists — regenerate only for the unified look"
"cantrip.webp","Cantrip","emblem","—","item icon","An arcane sigil of universal","P3","C:/Projects/FoundryVTT/DakksUltimateTokens/art/spells/cantrip.webp; non-physical subject (emblem kind — see header); a usable library icon already exists — regenerate only for the unified look"
"chain-lightning.webp","Chain Lightning","emblem","—","item icon","Spell effect as an object: a coil of crackling lightning","P3","C:/Projects/FoundryVTT/DakksUltimateTokens/art/spells/chain-lightning.webp; non-physical subject (emblem kind — see header); a usable library icon already exists — regenerate only for the unified look"
"change-self.webp","Change Self","emblem","—","item icon","Spell effect as an object: a silhouette caught mid-transformation","P3","C:/Projects/FoundryVTT/DakksUltimateTokens/art/spells/change-self.webp; non-physical subject (emblem kind — see header); a usable library icon already exists — regenerate only for the unified look"
"change-staff.webp","Change Staff","emblem","—","item icon","Spell effect as an object: a silhouette caught mid-transformation","P3","C:/Projects/FoundryVTT/DakksUltimateTokens/art/spells/change-staff.webp; non-physical subject (emblem kind — see header); a usable library icon already exists — regenerate only for the unified look"
"chant.webp","Chant","emblem","—","item icon","A divine sigil of the all sphere","P3","C:/Projects/FoundryVTT/DakksUltimateTokens/art/spells/chant.webp; non-physical subject (emblem kind — see header); a usable library icon already exists — regenerate only for the unified look"
"chaos.webp","Chaos","emblem","—","item icon","An arcane sigil of enchantment","P3","C:/Projects/FoundryVTT/DakksUltimateTokens/art/spells/chaos.webp; non-physical subject (emblem kind — see header); a usable library icon already exists — regenerate only for the unified look"
"chariot-of-the-sun.webp","Chariot of the Sun","emblem","—","item icon","Spell effect as an object: a radiant starburst of light","P3","C:/Projects/FoundryVTT/DakksUltimateTokens/art/spells/chariot-of-the-sun.webp; non-physical subject (emblem kind — see header); a usable library icon already exists — regenerate only for the unified look"
"charm.webp","Charm","emblem","—","item icon","Spell effect as an object: a hypnotic swirl of influence","P3","C:/Projects/FoundryVTT/DakksUltimateTokens/art/spells/charm.webp; non-physical subject (emblem kind — see header); a usable library icon already exists — regenerate only for the unified look; SHARED FILE — also serves spell.divine.charm (ad2e-core/spells-divine)"
"charm-monster.webp","Charm Monster","emblem","—","item icon","Spell effect as an object: a hypnotic swirl of influence","P3","C:/Projects/FoundryVTT/DakksUltimateTokens/art/spells/charm-monster.webp; non-physical subject (emblem kind — see header); a usable library icon already exists — regenerate only for the unified look"
"charm-plants.webp","Charm Plants","emblem","—","item icon","Spell effect as an object: a coil of living vines","P3","C:/Projects/FoundryVTT/DakksUltimateTokens/art/spells/charm-plants.webp; non-physical subject (emblem kind — see header); a usable library icon already exists — regenerate only for the unified look"
"chill-touch.webp","Chill Touch","emblem","—","item icon","An arcane sigil of necromancy","P3","C:/Projects/FoundryVTT/DakksUltimateTokens/art/spells/chill-touch.webp; non-physical subject (emblem kind — see header); a usable library icon already exists — regenerate only for the unified look"
"clairaudience.webp","Clairaudience","emblem","—","item icon","An arcane sigil of divination","P3","C:/Projects/FoundryVTT/DakksUltimateTokens/art/spells/clairaudience.webp; non-physical subject (emblem kind — see header); a usable library icon already exists — regenerate only for the unified look"
"clairvoyance.webp","Clairvoyance","emblem","—","item icon","Spell effect as an object: an unblinking arcane eye","P3","C:/Projects/FoundryVTT/DakksUltimateTokens/art/spells/clairvoyance.webp; non-physical subject (emblem kind — see header); a usable library icon already exists — regenerate only for the unified look"
"cloak-of-bravery.webp","Cloak of Bravery","emblem","—","item icon","A divine sigil of the charm sphere","P3","C:/Projects/FoundryVTT/DakksUltimateTokens/art/spells/cloak-of-bravery.webp; non-physical subject (emblem kind — see header); a usable library icon already exists — regenerate only for the unified look"
"clone.webp","Clone","emblem","—","item icon","An arcane sigil of necromancy","P3","C:/Projects/FoundryVTT/DakksUltimateTokens/art/spells/clone.webp; non-physical subject (emblem kind — see header); a usable library icon already exists — regenerate only for the unified look"
"cloud-kill.webp","Cloud Kill","emblem","—","item icon","Spell effect as an object: a pale skull wreathed in grave-light","P3","C:/Projects/FoundryVTT/DakksUltimateTokens/art/spells/cloud-kill.webp; non-physical subject (emblem kind — see header); a usable library icon already exists — regenerate only for the unified look"
"color-spray.webp","Color Spray","emblem","—","item icon","Spell effect as an object: a radiant starburst of light","P3","C:/Projects/FoundryVTT/DakksUltimateTokens/art/spells/color-spray.webp; non-physical subject (emblem kind — see header); a usable library icon already exists — regenerate only for the unified look"
"combine.webp","Combine","emblem","—","item icon","A divine sigil of the all sphere","P3","C:/Projects/FoundryVTT/DakksUltimateTokens/art/spells/combine.webp; non-physical subject (emblem kind — see header); a usable library icon already exists — regenerate only for the unified look"
"command.webp","Command","emblem","—","item icon","A divine sigil of the charm sphere","P3","C:/Projects/FoundryVTT/DakksUltimateTokens/art/spells/command.webp; non-physical subject (emblem kind — see header); a usable library icon already exists — regenerate only for the unified look"
"commune.webp","Commune","emblem","—","item icon","Spell effect as an object: an unblinking arcane eye","P3","C:/Projects/FoundryVTT/DakksUltimateTokens/art/spells/commune.webp; non-physical subject (emblem kind — see header); a usable library icon already exists — regenerate only for the unified look"
"commune-with-nature.webp","Commune With Nature","emblem","—","item icon","Spell effect as an object: an unblinking arcane eye","P3","C:/Projects/FoundryVTT/DakksUltimateTokens/art/spells/commune-with-nature.webp; non-physical subject (emblem kind — see header); a usable library icon already exists — regenerate only for the unified look"
"comprehend-languages.webp","Comprehend Languages","emblem","—","item icon","Spell effect as an object: an unblinking arcane eye","P3","C:/Projects/FoundryVTT/DakksUltimateTokens/art/spells/comprehend-languages.webp; non-physical subject (emblem kind — see header); a usable library icon already exists — regenerate only for the unified look"
"cone-of-cold.webp","Cone of Cold","emblem","—","item icon","Spell effect as an object: a jagged spray of frost and ice","P3","C:/Projects/FoundryVTT/DakksUltimateTokens/art/spells/cone-of-cold.webp; non-physical subject (emblem kind — see header); a usable library icon already exists — regenerate only for the unified look"
"confusion.webp","Confusion","emblem","—","item icon","An arcane sigil of enchantment","P3","C:/Projects/FoundryVTT/DakksUltimateTokens/art/spells/confusion.webp; non-physical subject (emblem kind — see header); a usable library icon already exists — regenerate only for the unified look; SHARED FILE — also serves spell.divine.confusion (ad2e-core/spells-divine)"
"conjure-animals.webp","Conjure Animals","emblem","—","item icon","Spell effect as an object: a spectral beast totem","P3","C:/Projects/FoundryVTT/DakksUltimateTokens/art/spells/conjure-animals.webp; non-physical subject (emblem kind — see header); a usable library icon already exists — regenerate only for the unified look; SHARED FILE — also serves spell.divine.conjure-animals (ad2e-core/spells-divine)"
"conjure-earth-elemental.webp","Conjure Earth Elemental","emblem","—","item icon","Spell effect as an object: a hovering shard of stone","P3","C:/Projects/FoundryVTT/DakksUltimateTokens/art/spells/conjure-earth-elemental.webp; non-physical subject (emblem kind — see header); a usable library icon already exists — regenerate only for the unified look"
"conjure-elemental.webp","Conjure Elemental","emblem","—","item icon","Spell effect as an object: a summoning circle of light","P3","C:/Projects/FoundryVTT/DakksUltimateTokens/art/spells/conjure-elemental.webp; non-physical subject (emblem kind — see header); a usable library icon already exists — regenerate only for the unified look"
"conjure-fire-elemental.webp","Conjure Fire Elemental","emblem","—","item icon","Spell effect as an object: a contained burst of flame","P3","C:/Projects/FoundryVTT/DakksUltimateTokens/art/spells/conjure-fire-elemental.webp; non-physical subject (emblem kind — see header); a usable library icon already exists — regenerate only for the unified look"
"contact-other-plane.webp","Contact Other Plane","emblem","—","item icon","Spell effect as an object: a swirling portal vortex","P3","C:/Projects/FoundryVTT/DakksUltimateTokens/art/spells/contact-other-plane.webp; non-physical subject (emblem kind — see header); a usable library icon already exists — regenerate only for the unified look"
"contagion.webp","Contagion","emblem","—","item icon","An arcane sigil of necromancy","P3","C:/Projects/FoundryVTT/DakksUltimateTokens/art/spells/contagion.webp; non-physical subject (emblem kind — see header); a usable library icon already exists — regenerate only for the unified look"
"contingency.webp","Contingency","emblem","—","item icon","Spell effect as an object: an hourglass suspended mid-turn","P3","C:/Projects/FoundryVTT/DakksUltimateTokens/art/spells/contingency.webp; non-physical subject (emblem kind — see header); a usable library icon already exists — regenerate only for the unified look"
"continual-light.webp","Continual Light","emblem","—","item icon","Spell effect as an object: a radiant starburst of light","P3","C:/Projects/FoundryVTT/DakksUltimateTokens/art/spells/continual-light.webp; non-physical subject (emblem kind — see header); a usable library icon already exists — regenerate only for the unified look; SHARED FILE — also serves spell.divine.continual-light (ad2e-core/spells-divine)"
"control-temperature-10-radius.webp","Control Temperature, 10’ Radius","emblem","—","item icon","Spell effect as an object: a dark churning storm cloud","P3","C:/Projects/FoundryVTT/DakksUltimateTokens/art/spells/control-temperature-10-radius.webp; non-physical subject (emblem kind — see header); a usable library icon already exists — regenerate only for the unified look"
"control-undead.webp","Control Undead","emblem","—","item icon","Spell effect as an object: a pale skull wreathed in grave-light","P3","C:/Projects/FoundryVTT/DakksUltimateTokens/art/spells/control-undead.webp; non-physical subject (emblem kind — see header); a usable library icon already exists — regenerate only for the unified look"
"control-weather.webp","Control Weather","emblem","—","item icon","Spell effect as an object: a dark churning storm cloud","P3","C:/Projects/FoundryVTT/DakksUltimateTokens/art/spells/control-weather.webp; non-physical subject (emblem kind — see header); a usable library icon already exists — regenerate only for the unified look; SHARED FILE — also serves spell.divine.control-weather (ad2e-core/spells-divine)"
"control-winds.webp","Control Winds","emblem","—","item icon","Spell effect as an object: a spiral of rushing wind","P3","C:/Projects/FoundryVTT/DakksUltimateTokens/art/spells/control-winds.webp; non-physical subject (emblem kind — see header); a usable library icon already exists — regenerate only for the unified look"
"create-food-water.webp","Create Food & Water","emblem","—","item icon","Spell effect as an object: a curling wave of water","P3","C:/Projects/FoundryVTT/DakksUltimateTokens/art/spells/create-food-water.webp; non-physical subject (emblem kind — see header); a usable library icon already exists — regenerate only for the unified look"
"create-water.webp","Create Water","emblem","—","item icon","Spell effect as an object: a curling wave of water","P3","C:/Projects/FoundryVTT/DakksUltimateTokens/art/spells/create-water.webp; non-physical subject (emblem kind — see header); a usable library icon already exists — regenerate only for the unified look"
"creeping-doom.webp","Creeping Doom","emblem","—","item icon","Spell effect as an object: a smouldering unholy rune","P3","C:/Projects/FoundryVTT/DakksUltimateTokens/art/spells/creeping-doom.webp; non-physical subject (emblem kind — see header); a usable library icon already exists — regenerate only for the unified look"
"crystal-brittle.webp","Crystal Brittle","emblem","—","item icon","An arcane sigil of alteration","P3","C:/Projects/FoundryVTT/DakksUltimateTokens/art/spells/crystal-brittle.webp; non-physical subject (emblem kind — see header); a usable library icon already exists — regenerate only for the unified look"
"cure-blindness-or-deafness.webp","Cure Blindness or Deafness","emblem","—","item icon","Spell effect as an object: a warm radiant glow of healing light","P3","C:/Projects/FoundryVTT/DakksUltimateTokens/art/spells/cure-blindness-or-deafness.webp; non-physical subject (emblem kind — see header); a usable library icon already exists — regenerate only for the unified look"
"cure-critical-wounds.webp","Cure Critical Wounds","emblem","—","item icon","Spell effect as an object: a warm radiant glow of healing light","P3","C:/Projects/FoundryVTT/DakksUltimateTokens/art/spells/cure-critical-wounds.webp; non-physical subject (emblem kind — see header); a usable library icon already exists — regenerate only for the unified look"
"cure-disease.webp","Cure Disease","emblem","—","item icon","Spell effect as an object: a warm radiant glow of healing light","P3","C:/Projects/FoundryVTT/DakksUltimateTokens/art/spells/cure-disease.webp; non-physical subject (emblem kind — see header); a usable library icon already exists — regenerate only for the unified look"
"cure-light-wounds.webp","Cure Light Wounds","emblem","—","item icon","Spell effect as an object: a warm radiant glow of healing light","P3","C:/Projects/FoundryVTT/DakksUltimateTokens/art/spells/cure-light-wounds.webp; non-physical subject (emblem kind — see header); a usable library icon already exists — regenerate only for the unified look"
"cure-serious-wounds.webp","Cure Serious Wounds","emblem","—","item icon","Spell effect as an object: a warm radiant glow of healing light","P3","C:/Projects/FoundryVTT/DakksUltimateTokens/art/spells/cure-serious-wounds.webp; non-physical subject (emblem kind — see header); a usable library icon already exists — regenerate only for the unified look"
"dancing-lights.webp","Dancing Lights","emblem","—","item icon","Spell effect as an object: a radiant starburst of light","P3","C:/Projects/FoundryVTT/DakksUltimateTokens/art/spells/dancing-lights.webp; non-physical subject (emblem kind — see header); a usable library icon already exists — regenerate only for the unified look"
"darkness-15-radius.webp","Darkness, 15’ Radius","emblem","—","item icon","Spell effect as an object: a radiant starburst of light","P3","C:/Projects/FoundryVTT/DakksUltimateTokens/art/spells/darkness-15-radius.webp; non-physical subject (emblem kind — see header); a usable library icon already exists — regenerate only for the unified look"
"deafness.webp","Deafness","emblem","—","item icon","An arcane sigil of illusion","P3","C:/Projects/FoundryVTT/DakksUltimateTokens/art/spells/deafness.webp; non-physical subject (emblem kind — see header); a usable library icon already exists — regenerate only for the unified look"
"death-fog.webp","Death Fog","emblem","—","item icon","Spell effect as an object: a pale skull wreathed in grave-light","P3","C:/Projects/FoundryVTT/DakksUltimateTokens/art/spells/death-fog.webp; non-physical subject (emblem kind — see header); a usable library icon already exists — regenerate only for the unified look"
"death-spell.webp","Death Spell","emblem","—","item icon","Spell effect as an object: a pale skull wreathed in grave-light","P3","C:/Projects/FoundryVTT/DakksUltimateTokens/art/spells/death-spell.webp; non-physical subject (emblem kind — see header); a usable library icon already exists — regenerate only for the unified look"
"deep-pockets.webp","Deep Pockets","emblem","—","item icon","An arcane sigil of alteration","P3","C:/Projects/FoundryVTT/DakksUltimateTokens/art/spells/deep-pockets.webp; non-physical subject (emblem kind — see header); a usable library icon already exists — regenerate only for the unified look"
"delayed-blast-fireball.webp","Delayed Blast Fireball","emblem","—","item icon","Spell effect as an object: a contained burst of flame","P3","C:/Projects/FoundryVTT/DakksUltimateTokens/art/spells/delayed-blast-fireball.webp; non-physical subject (emblem kind — see header); a usable library icon already exists — regenerate only for the unified look"
"delude.webp","Delude","emblem","—","item icon","Spell effect as an object: a shimmering double-faced mask","P3","C:/Projects/FoundryVTT/DakksUltimateTokens/art/spells/delude.webp; non-physical subject (emblem kind — see header); a usable library icon already exists — regenerate only for the unified look"
"demand.webp","Demand","emblem","—","item icon","An arcane sigil of evocation","P3","C:/Projects/FoundryVTT/DakksUltimateTokens/art/spells/demand.webp; non-physical subject (emblem kind — see header); a usable library icon already exists — regenerate only for the unified look"
"demi-shadow-magic.webp","Demi-Shadow Magic","emblem","—","item icon","Spell effect as an object: a shimmering double-faced mask","P3","C:/Projects/FoundryVTT/DakksUltimateTokens/art/spells/demi-shadow-magic.webp; non-physical subject (emblem kind — see header); a usable library icon already exists — regenerate only for the unified look"
"demi-shadow-monsters.webp","Demi-Shadow Monsters","emblem","—","item icon","Spell effect as an object: a shimmering double-faced mask","P3","C:/Projects/FoundryVTT/DakksUltimateTokens/art/spells/demi-shadow-monsters.webp; non-physical subject (emblem kind — see header); a usable library icon already exists — regenerate only for the unified look"
"detect-charm.webp","Detect Charm","emblem","—","item icon","Spell effect as an object: a hypnotic swirl of influence","P3","C:/Projects/FoundryVTT/DakksUltimateTokens/art/spells/detect-charm.webp; non-physical subject (emblem kind — see header); a usable library icon already exists — regenerate only for the unified look"
"detect-evil.webp","Detect Evil","emblem","—","item icon","Spell effect as an object: an unblinking arcane eye","P3","C:/Projects/FoundryVTT/DakksUltimateTokens/art/spells/detect-evil.webp; non-physical subject (emblem kind — see header); a usable library icon already exists — regenerate only for the unified look; SHARED FILE — also serves spell.divine.detect-evil (ad2e-core/spells-divine)"
"detect-invisibility.webp","Detect Invisibility","emblem","—","item icon","Spell effect as an object: a fading translucent outline","P3","C:/Projects/FoundryVTT/DakksUltimateTokens/art/spells/detect-invisibility.webp; non-physical subject (emblem kind — see header); a usable library icon already exists — regenerate only for the unified look"
"detect-lie.webp","Detect Lie","emblem","—","item icon","Spell effect as an object: an unblinking arcane eye","P3","C:/Projects/FoundryVTT/DakksUltimateTokens/art/spells/detect-lie.webp; non-physical subject (emblem kind — see header); a usable library icon already exists — regenerate only for the unified look"
"detect-magic.webp","Detect Magic","emblem","—","item icon","Spell effect as an object: an unblinking arcane eye","P3","C:/Projects/FoundryVTT/DakksUltimateTokens/art/spells/detect-magic.webp; non-physical subject (emblem kind — see header); a usable library icon already exists — regenerate only for the unified look; SHARED FILE — also serves spell.divine.detect-magic (ad2e-core/spells-divine)"
"detect-poison.webp","Detect Poison","emblem","—","item icon","Spell effect as an object: a venom-green droplet","P3","C:/Projects/FoundryVTT/DakksUltimateTokens/art/spells/detect-poison.webp; non-physical subject (emblem kind — see header); a usable library icon already exists — regenerate only for the unified look"
"detect-scrying.webp","Detect Scrying","emblem","—","item icon","Spell effect as an object: an unblinking arcane eye","P3","C:/Projects/FoundryVTT/DakksUltimateTokens/art/spells/detect-scrying.webp; non-physical subject (emblem kind — see header); a usable library icon already exists — regenerate only for the unified look"
"detect-snares-pits.webp","Detect Snares & Pits","emblem","—","item icon","Spell effect as an object: an unblinking arcane eye","P3","C:/Projects/FoundryVTT/DakksUltimateTokens/art/spells/detect-snares-pits.webp; non-physical subject (emblem kind — see header); a usable library icon already exists — regenerate only for the unified look"
"detect-undead.webp","Detect Undead","emblem","—","item icon","Spell effect as an object: a pale skull wreathed in grave-light","P3","C:/Projects/FoundryVTT/DakksUltimateTokens/art/spells/detect-undead.webp; non-physical subject (emblem kind — see header); a usable library icon already exists — regenerate only for the unified look"
"dig.webp","Dig","emblem","—","item icon","An arcane sigil of evocation","P3","C:/Projects/FoundryVTT/DakksUltimateTokens/art/spells/dig.webp; non-physical subject (emblem kind — see header); a usable library icon already exists — regenerate only for the unified look"
"dimension-door.webp","Dimension Door","emblem","—","item icon","Spell effect as an object: a swirling portal vortex","P3","C:/Projects/FoundryVTT/DakksUltimateTokens/art/spells/dimension-door.webp; non-physical subject (emblem kind — see header); a usable library icon already exists — regenerate only for the unified look"
"disintegrate.webp","Disintegrate","emblem","—","item icon","An arcane sigil of alteration","P3","C:/Projects/FoundryVTT/DakksUltimateTokens/art/spells/disintegrate.webp; non-physical subject (emblem kind — see header); a usable library icon already exists — regenerate only for the unified look"
"dismissal.webp","Dismissal","emblem","—","item icon","An arcane sigil of abjuration","P3","C:/Projects/FoundryVTT/DakksUltimateTokens/art/spells/dismissal.webp; non-physical subject (emblem kind — see header); a usable library icon already exists — regenerate only for the unified look"
"dispel-evil.webp","Dispel Evil","emblem","—","item icon","Spell effect as an object: a smouldering unholy rune","P3","C:/Projects/FoundryVTT/DakksUltimateTokens/art/spells/dispel-evil.webp; non-physical subject (emblem kind — see header); a usable library icon already exists — regenerate only for the unified look"
"dispel-magic.webp","Dispel Magic","emblem","—","item icon","An arcane sigil of universal","P3","C:/Projects/FoundryVTT/DakksUltimateTokens/art/spells/dispel-magic.webp; non-physical subject (emblem kind — see header); a usable library icon already exists — regenerate only for the unified look; SHARED FILE — also serves spell.divine.dispel-magic (ad2e-core/spells-divine)"
"distance-distortion.webp","Distance Distortion","emblem","—","item icon","An arcane sigil of alteration","P3","C:/Projects/FoundryVTT/DakksUltimateTokens/art/spells/distance-distortion.webp; non-physical subject (emblem kind — see header); a usable library icon already exists — regenerate only for the unified look"
"divination.webp","Divination","emblem","—","item icon","Spell effect as an object: an unblinking arcane eye","P3","C:/Projects/FoundryVTT/DakksUltimateTokens/art/spells/divination.webp; non-physical subject (emblem kind — see header); a usable library icon already exists — regenerate only for the unified look"
"domination.webp","Domination","emblem","—","item icon","An arcane sigil of enchantment","P3","C:/Projects/FoundryVTT/DakksUltimateTokens/art/spells/domination.webp; non-physical subject (emblem kind — see header); a usable library icon already exists — regenerate only for the unified look"
"dream.webp","Dream","emblem","—","item icon","Spell effect as an object: drifting motes of slumber","P3","C:/Projects/FoundryVTT/DakksUltimateTokens/art/spells/dream.webp; non-physical subject (emblem kind — see header); a usable library icon already exists — regenerate only for the unified look"
"duo-dimension.webp","Duo-Dimension","emblem","—","item icon","Spell effect as an object: a swirling portal vortex","P3","C:/Projects/FoundryVTT/DakksUltimateTokens/art/spells/duo-dimension.webp; non-physical subject (emblem kind — see header); a usable library icon already exists — regenerate only for the unified look"
"dust-devil.webp","Dust Devil","emblem","—","item icon","Spell effect as an object: a hovering shard of stone","P3","C:/Projects/FoundryVTT/DakksUltimateTokens/art/spells/dust-devil.webp; non-physical subject (emblem kind — see header); a usable library icon already exists — regenerate only for the unified look"
"earthquake.webp","Earthquake","emblem","—","item icon","A divine sigil of the elemental earth sphere","P3","C:/Projects/FoundryVTT/DakksUltimateTokens/art/spells/earthquake.webp; non-physical subject (emblem kind — see header); a usable library icon already exists — regenerate only for the unified look"
"emotion.webp","Emotion","emblem","—","item icon","Spell effect as an object: a hypnotic swirl of influence","P3","C:/Projects/FoundryVTT/DakksUltimateTokens/art/spells/emotion.webp; non-physical subject (emblem kind — see header); a usable library icon already exists — regenerate only for the unified look"
"enchant-an-item.webp","Enchant an Item","emblem","—","item icon","An arcane sigil of universal","P3","C:/Projects/FoundryVTT/DakksUltimateTokens/art/spells/enchant-an-item.webp; non-physical subject (emblem kind — see header); a usable library icon already exists — regenerate only for the unified look"
"enchanted-weapon.webp","Enchanted Weapon","emblem","—","item icon","An arcane sigil of enchantment","P3","C:/Projects/FoundryVTT/DakksUltimateTokens/art/spells/enchanted-weapon.webp; non-physical subject (emblem kind — see header); a usable library icon already exists — regenerate only for the unified look"
"endure-heat-endure-cold.webp","Endure Heat/Endure Cold","emblem","—","item icon","Spell effect as an object: a contained burst of flame","P3","C:/Projects/FoundryVTT/DakksUltimateTokens/art/spells/endure-heat-endure-cold.webp; non-physical subject (emblem kind — see header); a usable library icon already exists — regenerate only for the unified look"
"energy-drain.webp","Energy Drain","emblem","—","item icon","An arcane sigil of evocation","P3","C:/Projects/FoundryVTT/DakksUltimateTokens/art/spells/energy-drain.webp; non-physical subject (emblem kind — see header); a usable library icon already exists — regenerate only for the unified look"
"enervation.webp","Enervation","emblem","—","item icon","An arcane sigil of necromancy","P3","C:/Projects/FoundryVTT/DakksUltimateTokens/art/spells/enervation.webp; non-physical subject (emblem kind — see header); a usable library icon already exists — regenerate only for the unified look"
"enlarge.webp","Enlarge","emblem","—","item icon","Spell effect as an object: a silhouette caught mid-transformation","P3","C:/Projects/FoundryVTT/DakksUltimateTokens/art/spells/enlarge.webp; non-physical subject (emblem kind — see header); a usable library icon already exists — regenerate only for the unified look"
"ensnarement.webp","Ensnarement","emblem","—","item icon","Spell effect as an object: glowing spectral shackles","P3","C:/Projects/FoundryVTT/DakksUltimateTokens/art/spells/ensnarement.webp; non-physical subject (emblem kind — see header); a usable library icon already exists — regenerate only for the unified look"
"entangle.webp","Entangle","emblem","—","item icon","Spell effect as an object: glowing spectral shackles","P3","C:/Projects/FoundryVTT/DakksUltimateTokens/art/spells/entangle.webp; non-physical subject (emblem kind — see header); a usable library icon already exists — regenerate only for the unified look"
"enthrall.webp","Enthrall","emblem","—","item icon","Spell effect as an object: a hypnotic swirl of influence","P3","C:/Projects/FoundryVTT/DakksUltimateTokens/art/spells/enthrall.webp; non-physical subject (emblem kind — see header); a usable library icon already exists — regenerate only for the unified look"
"erase.webp","Erase","emblem","—","item icon","An arcane sigil of alteration","P3","C:/Projects/FoundryVTT/DakksUltimateTokens/art/spells/erase.webp; non-physical subject (emblem kind — see header); a usable library icon already exists — regenerate only for the unified look"
"esp.webp","ESP","emblem","—","item icon","An arcane sigil of divination","P3","C:/Projects/FoundryVTT/DakksUltimateTokens/art/spells/esp.webp; non-physical subject (emblem kind — see header); a usable library icon already exists — regenerate only for the unified look"
"exaction.webp","Exaction","emblem","—","item icon","A divine sigil of the charm sphere","P3","C:/Projects/FoundryVTT/DakksUltimateTokens/art/spells/exaction.webp; non-physical subject (emblem kind — see header); a usable library icon already exists — regenerate only for the unified look"
"explosive-runes.webp","Explosive Runes","emblem","—","item icon","Spell effect as an object: a carved glowing rune","P3","C:/Projects/FoundryVTT/DakksUltimateTokens/art/spells/explosive-runes.webp; non-physical subject (emblem kind — see header); a usable library icon already exists — regenerate only for the unified look"
"extension-i.webp","Extension I","emblem","—","item icon","Spell effect as an object: an hourglass suspended mid-turn","P3","C:/Projects/FoundryVTT/DakksUltimateTokens/art/spells/extension-i.webp; non-physical subject (emblem kind — see header); a usable library icon already exists — regenerate only for the unified look"
"extension-ii.webp","Extension II","emblem","—","item icon","Spell effect as an object: an hourglass suspended mid-turn","P3","C:/Projects/FoundryVTT/DakksUltimateTokens/art/spells/extension-ii.webp; non-physical subject (emblem kind — see header); a usable library icon already exists — regenerate only for the unified look"
"extension-iii.webp","Extension III","emblem","—","item icon","Spell effect as an object: an hourglass suspended mid-turn","P3","C:/Projects/FoundryVTT/DakksUltimateTokens/art/spells/extension-iii.webp; non-physical subject (emblem kind — see header); a usable library icon already exists — regenerate only for the unified look"
"eye-bite.webp","Eye Bite","emblem","—","item icon","Spell effect as an object: an unblinking arcane eye","P3","C:/Projects/FoundryVTT/DakksUltimateTokens/art/spells/eye-bite.webp; non-physical subject (emblem kind — see header); a usable library icon already exists — regenerate only for the unified look"
"fabricate.webp","Fabricate","emblem","—","item icon","An arcane sigil of enchantment","P3","C:/Projects/FoundryVTT/DakksUltimateTokens/art/spells/fabricate.webp; non-physical subject (emblem kind — see header); a usable library icon already exists — regenerate only for the unified look"
"faerie-fire.webp","Faerie Fire","emblem","—","item icon","Spell effect as an object: a contained burst of flame","P3","C:/Projects/FoundryVTT/DakksUltimateTokens/art/spells/faerie-fire.webp; non-physical subject (emblem kind — see header); a usable library icon already exists — regenerate only for the unified look"
"false-vision.webp","False Vision","emblem","—","item icon","Spell effect as an object: an unblinking arcane eye","P3","C:/Projects/FoundryVTT/DakksUltimateTokens/art/spells/false-vision.webp; non-physical subject (emblem kind — see header); a usable library icon already exists — regenerate only for the unified look"
"fear.webp","Fear","emblem","—","item icon","Spell effect as an object: a screaming shadow visage","P3","C:/Projects/FoundryVTT/DakksUltimateTokens/art/spells/fear.webp; non-physical subject (emblem kind — see header); a usable library icon already exists — regenerate only for the unified look"
"feather-fall.webp","Feather Fall","emblem","—","item icon","An arcane sigil of alteration","P3","C:/Projects/FoundryVTT/DakksUltimateTokens/art/spells/feather-fall.webp; non-physical subject (emblem kind — see header); a usable library icon already exists — regenerate only for the unified look"
"feeble-mind.webp","Feeble Mind","emblem","—","item icon","Spell effect as an object: a hypnotic swirl of influence","P3","C:/Projects/FoundryVTT/DakksUltimateTokens/art/spells/feeble-mind.webp; non-physical subject (emblem kind — see header); a usable library icon already exists — regenerate only for the unified look"
"feign-death.webp","Feign Death","emblem","—","item icon","Spell effect as an object: a pale skull wreathed in grave-light","P3","C:/Projects/FoundryVTT/DakksUltimateTokens/art/spells/feign-death.webp; non-physical subject (emblem kind — see header); a usable library icon already exists — regenerate only for the unified look; SHARED FILE — also serves spell.divine.feign-death (ad2e-core/spells-divine)"
"find-familiar.webp","Find Familiar","emblem","—","item icon","Spell effect as an object: a summoning circle of light","P3","C:/Projects/FoundryVTT/DakksUltimateTokens/art/spells/find-familiar.webp; non-physical subject (emblem kind — see header); a usable library icon already exists — regenerate only for the unified look"
"find-the-path.webp","Find the Path","emblem","—","item icon","Spell effect as an object: an unblinking arcane eye","P3","C:/Projects/FoundryVTT/DakksUltimateTokens/art/spells/find-the-path.webp; non-physical subject (emblem kind — see header); a usable library icon already exists — regenerate only for the unified look"
"find-traps.webp","Find Traps","emblem","—","item icon","Spell effect as an object: glowing spectral shackles","P3","C:/Projects/FoundryVTT/DakksUltimateTokens/art/spells/find-traps.webp; non-physical subject (emblem kind — see header); a usable library icon already exists — regenerate only for the unified look"
"finger-of-death.webp","Finger of Death","emblem","—","item icon","Spell effect as an object: a pale skull wreathed in grave-light","P3","C:/Projects/FoundryVTT/DakksUltimateTokens/art/spells/finger-of-death.webp; non-physical subject (emblem kind — see header); a usable library icon already exists — regenerate only for the unified look"
"fire-charm.webp","Fire Charm","emblem","—","item icon","Spell effect as an object: a contained burst of flame","P3","C:/Projects/FoundryVTT/DakksUltimateTokens/art/spells/fire-charm.webp; non-physical subject (emblem kind — see header); a usable library icon already exists — regenerate only for the unified look"
"fire-seeds.webp","Fire Seeds","emblem","—","item icon","Spell effect as an object: a contained burst of flame","P3","C:/Projects/FoundryVTT/DakksUltimateTokens/art/spells/fire-seeds.webp; non-physical subject (emblem kind — see header); a usable library icon already exists — regenerate only for the unified look"
"fire-shield.webp","Fire Shield","emblem","—","item icon","Spell effect as an object: a conjured shield of force","P3","C:/Projects/FoundryVTT/DakksUltimateTokens/art/spells/fire-shield.webp; non-physical subject (emblem kind — see header); a usable library icon already exists — regenerate only for the unified look"
"fire-storm.webp","Fire Storm","emblem","—","item icon","Spell effect as an object: a contained burst of flame","P3","C:/Projects/FoundryVTT/DakksUltimateTokens/art/spells/fire-storm.webp; non-physical subject (emblem kind — see header); a usable library icon already exists — regenerate only for the unified look"
"fire-trap.webp","Fire Trap","emblem","—","item icon","Spell effect as an object: a contained burst of flame","P3","C:/Projects/FoundryVTT/DakksUltimateTokens/art/spells/fire-trap.webp; non-physical subject (emblem kind — see header); a usable library icon already exists — regenerate only for the unified look; SHARED FILE — also serves spell.divine.fire-trap (ad2e-core/spells-divine)"
"fireball.webp","Fireball","emblem","—","item icon","Spell effect as an object: a contained burst of flame","P3","C:/Projects/FoundryVTT/DakksUltimateTokens/art/spells/fireball.webp; non-physical subject (emblem kind — see header); a usable library icon already exists — regenerate only for the unified look"
"flame-arrow.webp","Flame Arrow","emblem","—","item icon","Spell effect as an object: a contained burst of flame","P3","C:/Projects/FoundryVTT/DakksUltimateTokens/art/spells/flame-arrow.webp; non-physical subject (emblem kind — see header); a usable library icon already exists — regenerate only for the unified look"
"flame-blade.webp","Flame Blade","emblem","—","item icon","Spell effect as an object: a contained burst of flame","P3","C:/Projects/FoundryVTT/DakksUltimateTokens/art/spells/flame-blade.webp; non-physical subject (emblem kind — see header); a usable library icon already exists — regenerate only for the unified look"
"flame-strike.webp","Flame Strike","emblem","—","item icon","Spell effect as an object: a contained burst of flame","P3","C:/Projects/FoundryVTT/DakksUltimateTokens/art/spells/flame-strike.webp; non-physical subject (emblem kind — see header); a usable library icon already exists — regenerate only for the unified look"
"flame-walk.webp","Flame Walk","emblem","—","item icon","Spell effect as an object: a contained burst of flame","P3","C:/Projects/FoundryVTT/DakksUltimateTokens/art/spells/flame-walk.webp; non-physical subject (emblem kind — see header); a usable library icon already exists — regenerate only for the unified look"
"flaming-sphere.webp","Flaming Sphere","emblem","—","item icon","Spell effect as an object: a contained burst of flame","P3","C:/Projects/FoundryVTT/DakksUltimateTokens/art/spells/flaming-sphere.webp; non-physical subject (emblem kind — see header); a usable library icon already exists — regenerate only for the unified look"
"floating-disc.webp","Floating Disc","emblem","—","item icon","Spell effect as an object: a pair of glowing winged boots","P3","C:/Projects/FoundryVTT/DakksUltimateTokens/art/spells/floating-disc.webp; non-physical subject (emblem kind — see header); a usable library icon already exists — regenerate only for the unified look"
"fly.webp","Fly","emblem","—","item icon","Spell effect as an object: a pair of glowing winged boots","P3","C:/Projects/FoundryVTT/DakksUltimateTokens/art/spells/fly.webp; non-physical subject (emblem kind — see header); a usable library icon already exists — regenerate only for the unified look"
"fog-cloud.webp","Fog Cloud","emblem","—","item icon","Spell effect as an object: a dark churning storm cloud","P3","C:/Projects/FoundryVTT/DakksUltimateTokens/art/spells/fog-cloud.webp; non-physical subject (emblem kind — see header); a usable library icon already exists — regenerate only for the unified look"
"fools-gold.webp","Fool’s Gold","emblem","—","item icon","An arcane sigil of alteration","P3","C:/Projects/FoundryVTT/DakksUltimateTokens/art/spells/fools-gold.webp; non-physical subject (emblem kind — see header); a usable library icon already exists — regenerate only for the unified look"
"forbiddance.webp","Forbiddance","emblem","—","item icon","A divine sigil of the protection sphere","P3","C:/Projects/FoundryVTT/DakksUltimateTokens/art/spells/forbiddance.webp; non-physical subject (emblem kind — see header); a usable library icon already exists — regenerate only for the unified look"
"force-cage.webp","Force Cage","emblem","—","item icon","Spell effect as an object: glowing spectral shackles","P3","C:/Projects/FoundryVTT/DakksUltimateTokens/art/spells/force-cage.webp; non-physical subject (emblem kind — see header); a usable library icon already exists — regenerate only for the unified look"
"foresight.webp","Foresight","emblem","—","item icon","Spell effect as an object: an unblinking arcane eye","P3","C:/Projects/FoundryVTT/DakksUltimateTokens/art/spells/foresight.webp; non-physical subject (emblem kind — see header); a usable library icon already exists — regenerate only for the unified look"
"forget.webp","Forget","emblem","—","item icon","Spell effect as an object: a hypnotic swirl of influence","P3","C:/Projects/FoundryVTT/DakksUltimateTokens/art/spells/forget.webp; non-physical subject (emblem kind — see header); a usable library icon already exists — regenerate only for the unified look"
"free-action.webp","Free Action","emblem","—","item icon","A divine sigil of the charm sphere","P3","C:/Projects/FoundryVTT/DakksUltimateTokens/art/spells/free-action.webp; non-physical subject (emblem kind — see header); a usable library icon already exists — regenerate only for the unified look"
"freezing-sphere.webp","Freezing Sphere","emblem","—","item icon","Spell effect as an object: a jagged spray of frost and ice","P3","C:/Projects/FoundryVTT/DakksUltimateTokens/art/spells/freezing-sphere.webp; non-physical subject (emblem kind — see header); a usable library icon already exists — regenerate only for the unified look"
"friends.webp","Friends","emblem","—","item icon","Spell effect as an object: a hypnotic swirl of influence","P3","C:/Projects/FoundryVTT/DakksUltimateTokens/art/spells/friends.webp; non-physical subject (emblem kind — see header); a usable library icon already exists — regenerate only for the unified look"
"fumble.webp","Fumble","emblem","—","item icon","An arcane sigil of enchantment","P3","C:/Projects/FoundryVTT/DakksUltimateTokens/art/spells/fumble.webp; non-physical subject (emblem kind — see header); a usable library icon already exists — regenerate only for the unified look"
"gate.webp","Gate","emblem","—","item icon","Spell effect as an object: a summoning circle of light","P3","C:/Projects/FoundryVTT/DakksUltimateTokens/art/spells/gate.webp; non-physical subject (emblem kind — see header); a usable library icon already exists — regenerate only for the unified look; SHARED FILE — also serves spell.divine.gate (ad2e-core/spells-divine)"
"gaze-reflection.webp","Gaze Reflection","emblem","—","item icon","An arcane sigil of alteration","P3","C:/Projects/FoundryVTT/DakksUltimateTokens/art/spells/gaze-reflection.webp; non-physical subject (emblem kind — see header); a usable library icon already exists — regenerate only for the unified look"
"geas.webp","Geas","emblem","—","item icon","An arcane sigil of enchantment","P3","C:/Projects/FoundryVTT/DakksUltimateTokens/art/spells/geas.webp; non-physical subject (emblem kind — see header); a usable library icon already exists — regenerate only for the unified look"
"giant-insect.webp","Giant Insect","emblem","—","item icon","Spell effect as an object: a whirling insect swarm","P3","C:/Projects/FoundryVTT/DakksUltimateTokens/art/spells/giant-insect.webp; non-physical subject (emblem kind — see header); a usable library icon already exists — regenerate only for the unified look"
"glass-see.webp","Glass See","emblem","—","item icon","Spell effect as an object: an unblinking arcane eye","P3","C:/Projects/FoundryVTT/DakksUltimateTokens/art/spells/glass-see.webp; non-physical subject (emblem kind — see header); a usable library icon already exists — regenerate only for the unified look"
"glass-steel.webp","Glass Steel","emblem","—","item icon","An arcane sigil of alteration","P3","C:/Projects/FoundryVTT/DakksUltimateTokens/art/spells/glass-steel.webp; non-physical subject (emblem kind — see header); a usable library icon already exists — regenerate only for the unified look"
"glitter-dust.webp","Glitter Dust","emblem","—","item icon","Spell effect as an object: a hovering shard of stone","P3","C:/Projects/FoundryVTT/DakksUltimateTokens/art/spells/glitter-dust.webp; non-physical subject (emblem kind — see header); a usable library icon already exists — regenerate only for the unified look"
"globe-of-invulnerability.webp","Globe of Invulnerability","emblem","—","item icon","An arcane sigil of abjuration","P3","C:/Projects/FoundryVTT/DakksUltimateTokens/art/spells/globe-of-invulnerability.webp; non-physical subject (emblem kind — see header); a usable library icon already exists — regenerate only for the unified look"
"glyph-of-warding.webp","Glyph of Warding","emblem","—","item icon","Spell effect as an object: a glowing warding barrier","P3","C:/Projects/FoundryVTT/DakksUltimateTokens/art/spells/glyph-of-warding.webp; non-physical subject (emblem kind — see header); a usable library icon already exists — regenerate only for the unified look"
"good-berry.webp","Good Berry","emblem","—","item icon","Spell effect as an object: a coil of living vines","P3","C:/Projects/FoundryVTT/DakksUltimateTokens/art/spells/good-berry.webp; non-physical subject (emblem kind — see header); a usable library icon already exists — regenerate only for the unified look"
"grease.webp","Grease","emblem","—","item icon","An arcane sigil of conjuration","P3","C:/Projects/FoundryVTT/DakksUltimateTokens/art/spells/grease.webp; non-physical subject (emblem kind — see header); a usable library icon already exists — regenerate only for the unified look"
"guards-and-wards.webp","Guards and Wards","emblem","—","item icon","Spell effect as an object: a glowing warding barrier","P3","C:/Projects/FoundryVTT/DakksUltimateTokens/art/spells/guards-and-wards.webp; non-physical subject (emblem kind — see header); a usable library icon already exists — regenerate only for the unified look"
"gust-of-wind.webp","Gust of Wind","emblem","—","item icon","Spell effect as an object: a spiral of rushing wind","P3","C:/Projects/FoundryVTT/DakksUltimateTokens/art/spells/gust-of-wind.webp; non-physical subject (emblem kind — see header); a usable library icon already exists — regenerate only for the unified look"
"hallucinatory-forest.webp","Hallucinatory Forest","emblem","—","item icon","Spell effect as an object: a coil of living vines","P3","C:/Projects/FoundryVTT/DakksUltimateTokens/art/spells/hallucinatory-forest.webp; non-physical subject (emblem kind — see header); a usable library icon already exists — regenerate only for the unified look"
"hallucinatory-terrain.webp","Hallucinatory Terrain","emblem","—","item icon","An arcane sigil of illusion","P3","C:/Projects/FoundryVTT/DakksUltimateTokens/art/spells/hallucinatory-terrain.webp; non-physical subject (emblem kind — see header); a usable library icon already exists — regenerate only for the unified look"
"haste.webp","Haste","emblem","—","item icon","An arcane sigil of alteration","P3","C:/Projects/FoundryVTT/DakksUltimateTokens/art/spells/haste.webp; non-physical subject (emblem kind — see header); a usable library icon already exists — regenerate only for the unified look"
"heal.webp","Heal","emblem","—","item icon","Spell effect as an object: a warm radiant glow of healing light","P3","C:/Projects/FoundryVTT/DakksUltimateTokens/art/spells/heal.webp; non-physical subject (emblem kind — see header); a usable library icon already exists — regenerate only for the unified look"
"heat-metal.webp","Heat Metal","emblem","—","item icon","Spell effect as an object: a contained burst of flame","P3","C:/Projects/FoundryVTT/DakksUltimateTokens/art/spells/heat-metal.webp; non-physical subject (emblem kind — see header); a usable library icon already exists — regenerate only for the unified look"
"heroes-feast.webp","Heroes’ Feast","emblem","—","item icon","Spell effect as an object: a radiant holy sunburst","P3","C:/Projects/FoundryVTT/DakksUltimateTokens/art/spells/heroes-feast.webp; non-physical subject (emblem kind — see header); a usable library icon already exists — regenerate only for the unified look"
"hold-animal.webp","Hold Animal","emblem","—","item icon","Spell effect as an object: a spectral beast totem","P3","C:/Projects/FoundryVTT/DakksUltimateTokens/art/spells/hold-animal.webp; non-physical subject (emblem kind — see header); a usable library icon already exists — regenerate only for the unified look"
"hold-monster.webp","Hold Monster","emblem","—","item icon","Spell effect as an object: glowing spectral shackles","P3","C:/Projects/FoundryVTT/DakksUltimateTokens/art/spells/hold-monster.webp; non-physical subject (emblem kind — see header); a usable library icon already exists — regenerate only for the unified look"
"hold-person.webp","Hold Person","emblem","—","item icon","Spell effect as an object: glowing spectral shackles","P3","C:/Projects/FoundryVTT/DakksUltimateTokens/art/spells/hold-person.webp; non-physical subject (emblem kind — see header); a usable library icon already exists — regenerate only for the unified look; SHARED FILE — also serves spell.divine.hold-person (ad2e-core/spells-divine)"
"hold-plant.webp","Hold Plant","emblem","—","item icon","Spell effect as an object: a coil of living vines","P3","C:/Projects/FoundryVTT/DakksUltimateTokens/art/spells/hold-plant.webp; non-physical subject (emblem kind — see header); a usable library icon already exists — regenerate only for the unified look"
"hold-portal.webp","Hold Portal","emblem","—","item icon","Spell effect as an object: glowing spectral shackles","P3","C:/Projects/FoundryVTT/DakksUltimateTokens/art/spells/hold-portal.webp; non-physical subject (emblem kind — see header); a usable library icon already exists — regenerate only for the unified look"
"hold-undead.webp","Hold Undead","emblem","—","item icon","Spell effect as an object: a pale skull wreathed in grave-light","P3","C:/Projects/FoundryVTT/DakksUltimateTokens/art/spells/hold-undead.webp; non-physical subject (emblem kind — see header); a usable library icon already exists — regenerate only for the unified look"
"holy-word.webp","Holy Word","emblem","—","item icon","Spell effect as an object: rippling rings of sound","P3","C:/Projects/FoundryVTT/DakksUltimateTokens/art/spells/holy-word.webp; non-physical subject (emblem kind — see header); a usable library icon already exists — regenerate only for the unified look"
"hypnotic-pattern.webp","Hypnotic Pattern","emblem","—","item icon","Spell effect as an object: a hypnotic swirl of influence","P3","C:/Projects/FoundryVTT/DakksUltimateTokens/art/spells/hypnotic-pattern.webp; non-physical subject (emblem kind — see header); a usable library icon already exists — regenerate only for the unified look"
"hypnotism.webp","Hypnotism","emblem","—","item icon","Spell effect as an object: a hypnotic swirl of influence","P3","C:/Projects/FoundryVTT/DakksUltimateTokens/art/spells/hypnotism.webp; non-physical subject (emblem kind — see header); a usable library icon already exists — regenerate only for the unified look"
"ice-storm.webp","Ice Storm","emblem","—","item icon","Spell effect as an object: a jagged spray of frost and ice","P3","C:/Projects/FoundryVTT/DakksUltimateTokens/art/spells/ice-storm.webp; non-physical subject (emblem kind — see header); a usable library icon already exists — regenerate only for the unified look"
"identify.webp","Identify","emblem","—","item icon","Spell effect as an object: an unblinking arcane eye","P3","C:/Projects/FoundryVTT/DakksUltimateTokens/art/spells/identify.webp; non-physical subject (emblem kind — see header); a usable library icon already exists — regenerate only for the unified look"
"illusory-script.webp","Illusory Script","emblem","—","item icon","Spell effect as an object: a shimmering double-faced mask","P3","C:/Projects/FoundryVTT/DakksUltimateTokens/art/spells/illusory-script.webp; non-physical subject (emblem kind — see header); a usable library icon already exists — regenerate only for the unified look"
"illusory-wall.webp","Illusory Wall","emblem","—","item icon","Spell effect as an object: a shimmering double-faced mask","P3","C:/Projects/FoundryVTT/DakksUltimateTokens/art/spells/illusory-wall.webp; non-physical subject (emblem kind — see header); a usable library icon already exists — regenerate only for the unified look"
"imbue-with-spell-ability.webp","Imbue With Spell Ability","emblem","—","item icon","A divine sigil of the charm sphere","P3","C:/Projects/FoundryVTT/DakksUltimateTokens/art/spells/imbue-with-spell-ability.webp; non-physical subject (emblem kind — see header); a usable library icon already exists — regenerate only for the unified look"
"imprisonment.webp","Imprisonment","emblem","—","item icon","Spell effect as an object: glowing spectral shackles","P3","C:/Projects/FoundryVTT/DakksUltimateTokens/art/spells/imprisonment.webp; non-physical subject (emblem kind — see header); a usable library icon already exists — regenerate only for the unified look"
"improved-invisibility.webp","Improved Invisibility","emblem","—","item icon","Spell effect as an object: a fading translucent outline","P3","C:/Projects/FoundryVTT/DakksUltimateTokens/art/spells/improved-invisibility.webp; non-physical subject (emblem kind — see header); a usable library icon already exists — regenerate only for the unified look"
"improved-phantasmal-force.webp","Improved Phantasmal Force","emblem","—","item icon","Spell effect as an object: a shimmering double-faced mask","P3","C:/Projects/FoundryVTT/DakksUltimateTokens/art/spells/improved-phantasmal-force.webp; non-physical subject (emblem kind — see header); a usable library icon already exists — regenerate only for the unified look"
"incendiary-cloud.webp","Incendiary Cloud","emblem","—","item icon","Spell effect as an object: a contained burst of flame","P3","C:/Projects/FoundryVTT/DakksUltimateTokens/art/spells/incendiary-cloud.webp; non-physical subject (emblem kind — see header); a usable library icon already exists — regenerate only for the unified look"
"infravision.webp","Infravision","emblem","—","item icon","An arcane sigil of alteration","P3","C:/Projects/FoundryVTT/DakksUltimateTokens/art/spells/infravision.webp; non-physical subject (emblem kind — see header); a usable library icon already exists — regenerate only for the unified look"
"insect-plague.webp","Insect Plague","emblem","—","item icon","Spell effect as an object: a sickly miasma in a phial","P3","C:/Projects/FoundryVTT/DakksUltimateTokens/art/spells/insect-plague.webp; non-physical subject (emblem kind — see header); a usable library icon already exists — regenerate only for the unified look"
"instant-summons.webp","Instant Summons","emblem","—","item icon","Spell effect as an object: a summoning circle of light","P3","C:/Projects/FoundryVTT/DakksUltimateTokens/art/spells/instant-summons.webp; non-physical subject (emblem kind — see header); a usable library icon already exists — regenerate only for the unified look"
"intense-transformation.webp","Intense Transformation","emblem","—","item icon","An arcane sigil of alteration","P3","C:/Projects/FoundryVTT/DakksUltimateTokens/art/spells/intense-transformation.webp; non-physical subject (emblem kind — see header); a usable library icon already exists — regenerate only for the unified look"
"invisibility.webp","Invisibility","emblem","—","item icon","Spell effect as an object: a fading translucent outline","P3","C:/Projects/FoundryVTT/DakksUltimateTokens/art/spells/invisibility.webp; non-physical subject (emblem kind — see header); a usable library icon already exists — regenerate only for the unified look"
"invisibility-10-radius.webp","Invisibility, 10’ Radius","emblem","—","item icon","Spell effect as an object: a fading translucent outline","P3","C:/Projects/FoundryVTT/DakksUltimateTokens/art/spells/invisibility-10-radius.webp; non-physical subject (emblem kind — see header); a usable library icon already exists — regenerate only for the unified look"
"invisibility-to-animals.webp","Invisibility to Animals","emblem","—","item icon","Spell effect as an object: a spectral beast totem","P3","C:/Projects/FoundryVTT/DakksUltimateTokens/art/spells/invisibility-to-animals.webp; non-physical subject (emblem kind — see header); a usable library icon already exists — regenerate only for the unified look"
"invisibility-to-undead.webp","Invisibility to Undead","emblem","—","item icon","Spell effect as an object: a pale skull wreathed in grave-light","P3","C:/Projects/FoundryVTT/DakksUltimateTokens/art/spells/invisibility-to-undead.webp; non-physical subject (emblem kind — see header); a usable library icon already exists — regenerate only for the unified look"
"invisible-stalker.webp","Invisible Stalker","emblem","—","item icon","Spell effect as an object: a fading translucent outline","P3","C:/Projects/FoundryVTT/DakksUltimateTokens/art/spells/invisible-stalker.webp; non-physical subject (emblem kind — see header); a usable library icon already exists — regenerate only for the unified look"
"irresistible-dance.webp","Irresistible Dance","emblem","—","item icon","An arcane sigil of enchantment","P3","C:/Projects/FoundryVTT/DakksUltimateTokens/art/spells/irresistible-dance.webp; non-physical subject (emblem kind — see header); a usable library icon already exists — regenerate only for the unified look"
"irritation.webp","Irritation","emblem","—","item icon","An arcane sigil of alteration","P3","C:/Projects/FoundryVTT/DakksUltimateTokens/art/spells/irritation.webp; non-physical subject (emblem kind — see header); a usable library icon already exists — regenerate only for the unified look"
"item.webp","Item","emblem","—","item icon","An arcane sigil of alteration","P3","C:/Projects/FoundryVTT/DakksUltimateTokens/art/spells/item.webp; non-physical subject (emblem kind — see header); a usable library icon already exists — regenerate only for the unified look"
"jump.webp","Jump","emblem","—","item icon","Spell effect as an object: a pair of glowing winged boots","P3","C:/Projects/FoundryVTT/DakksUltimateTokens/art/spells/jump.webp; non-physical subject (emblem kind — see header); a usable library icon already exists — regenerate only for the unified look"
"knock.webp","Knock","emblem","—","item icon","An arcane sigil of universal","P3","C:/Projects/FoundryVTT/DakksUltimateTokens/art/spells/knock.webp; non-physical subject (emblem kind — see header); a usable library icon already exists — regenerate only for the unified look"
"know-alignment.webp","Know Alignment","emblem","—","item icon","Spell effect as an object: an unblinking arcane eye","P3","C:/Projects/FoundryVTT/DakksUltimateTokens/art/spells/know-alignment.webp; non-physical subject (emblem kind — see header); a usable library icon already exists — regenerate only for the unified look; SHARED FILE — also serves spell.divine.know-alignment (ad2e-core/spells-divine)"
"legend-lore.webp","Legend Lore","emblem","—","item icon","Spell effect as an object: an unblinking arcane eye","P3","C:/Projects/FoundryVTT/DakksUltimateTokens/art/spells/legend-lore.webp; non-physical subject (emblem kind — see header); a usable library icon already exists — regenerate only for the unified look"
"leprechauns-lamentable-belaborment.webp","Leprechaun’s Lamentable Belaborment","emblem","—","item icon","An arcane sigil of enchantment","P3","C:/Projects/FoundryVTT/DakksUltimateTokens/art/spells/leprechauns-lamentable-belaborment.webp; non-physical subject (emblem kind — see header); a usable library icon already exists — regenerate only for the unified look"
"leprechauns-secret-chest.webp","Leprechaun’s Secret Chest","emblem","—","item icon","An arcane sigil of alteration","P3","C:/Projects/FoundryVTT/DakksUltimateTokens/art/spells/leprechauns-secret-chest.webp; non-physical subject (emblem kind — see header); a usable library icon already exists — regenerate only for the unified look"
"leprechauns-secure-shelter.webp","Leprechaun’s Secure Shelter","emblem","—","item icon","An arcane sigil of alteration","P3","C:/Projects/FoundryVTT/DakksUltimateTokens/art/spells/leprechauns-secure-shelter.webp; non-physical subject (emblem kind — see header); a usable library icon already exists — regenerate only for the unified look"
"leprechauns-tiny-hut.webp","Leprechaun’s Tiny Hut","emblem","—","item icon","An arcane sigil of alteration","P3","C:/Projects/FoundryVTT/DakksUltimateTokens/art/spells/leprechauns-tiny-hut.webp; non-physical subject (emblem kind — see header); a usable library icon already exists — regenerate only for the unified look"
"leprechauns-trap.webp","Leprechaun’s Trap","emblem","—","item icon","Spell effect as an object: glowing spectral shackles","P3","C:/Projects/FoundryVTT/DakksUltimateTokens/art/spells/leprechauns-trap.webp; non-physical subject (emblem kind — see header); a usable library icon already exists — regenerate only for the unified look"
"levitate.webp","Levitate","emblem","—","item icon","Spell effect as an object: a pair of glowing winged boots","P3","C:/Projects/FoundryVTT/DakksUltimateTokens/art/spells/levitate.webp; non-physical subject (emblem kind — see header); a usable library icon already exists — regenerate only for the unified look"
"light.webp","Light","emblem","—","item icon","Spell effect as an object: a radiant starburst of light","P3","C:/Projects/FoundryVTT/DakksUltimateTokens/art/spells/light.webp; non-physical subject (emblem kind — see header); a usable library icon already exists — regenerate only for the unified look; SHARED FILE — also serves spell.divine.light (ad2e-core/spells-divine)"
"lightning-bolt.webp","Lightning Bolt","emblem","—","item icon","Spell effect as an object: a coil of crackling lightning","P3","C:/Projects/FoundryVTT/DakksUltimateTokens/art/spells/lightning-bolt.webp; non-physical subject (emblem kind — see header); a usable library icon already exists — regenerate only for the unified look"
"limited-wish.webp","Limited Wish","emblem","—","item icon","Spell effect as an object: a brilliant golden star","P3","C:/Projects/FoundryVTT/DakksUltimateTokens/art/spells/limited-wish.webp; non-physical subject (emblem kind — see header); a usable library icon already exists — regenerate only for the unified look"
"live-oak.webp","Live Oak","emblem","—","item icon","A divine sigil of the plant sphere","P3","C:/Projects/FoundryVTT/DakksUltimateTokens/art/spells/live-oak.webp; non-physical subject (emblem kind — see header); a usable library icon already exists — regenerate only for the unified look"
"locate-animals-or-plants.webp","Locate Animals or Plants","emblem","—","item icon","Spell effect as an object: a coil of living vines","P3","C:/Projects/FoundryVTT/DakksUltimateTokens/art/spells/locate-animals-or-plants.webp; non-physical subject (emblem kind — see header); a usable library icon already exists — regenerate only for the unified look"
"locate-object.webp","Locate Object","emblem","—","item icon","Spell effect as an object: an unblinking arcane eye","P3","C:/Projects/FoundryVTT/DakksUltimateTokens/art/spells/locate-object.webp; non-physical subject (emblem kind — see header); a usable library icon already exists — regenerate only for the unified look; SHARED FILE — also serves spell.divine.locate-object (ad2e-core/spells-divine)"
"lower-water.webp","Lower Water","emblem","—","item icon","Spell effect as an object: a curling wave of water","P3","C:/Projects/FoundryVTT/DakksUltimateTokens/art/spells/lower-water.webp; non-physical subject (emblem kind — see header); a usable library icon already exists — regenerate only for the unified look; SHARED FILE — also serves spell.divine.lower-water (ad2e-core/spells-divine)"
"mages-disjunction.webp","Mage’s Disjunction","emblem","—","item icon","An arcane sigil of alteration","P3","C:/Projects/FoundryVTT/DakksUltimateTokens/art/spells/mages-disjunction.webp; non-physical subject (emblem kind — see header); a usable library icon already exists — regenerate only for the unified look"
"mages-faithful-hound.webp","Mage’s Faithful Hound","emblem","—","item icon","Spell effect as an object: a spectral beast totem","P3","C:/Projects/FoundryVTT/DakksUltimateTokens/art/spells/mages-faithful-hound.webp; non-physical subject (emblem kind — see header); a usable library icon already exists — regenerate only for the unified look"
"mages-lucubration.webp","Mage’s Lucubration","emblem","—","item icon","An arcane sigil of alteration","P3","C:/Projects/FoundryVTT/DakksUltimateTokens/art/spells/mages-lucubration.webp; non-physical subject (emblem kind — see header); a usable library icon already exists — regenerate only for the unified look"
"mages-magnificent-mansion.webp","Mage’s Magnificent Mansion","emblem","—","item icon","An arcane sigil of alteration","P3","C:/Projects/FoundryVTT/DakksUltimateTokens/art/spells/mages-magnificent-mansion.webp; non-physical subject (emblem kind — see header); a usable library icon already exists — regenerate only for the unified look"
"mages-sword.webp","Mage’s Sword","emblem","—","item icon","An arcane sigil of evocation","P3","C:/Projects/FoundryVTT/DakksUltimateTokens/art/spells/mages-sword.webp; non-physical subject (emblem kind — see header); a usable library icon already exists — regenerate only for the unified look"
"magic-font.webp","Magic Font","emblem","—","item icon","A divine sigil of the divination sphere","P3","C:/Projects/FoundryVTT/DakksUltimateTokens/art/spells/magic-font.webp; non-physical subject (emblem kind — see header); a usable library icon already exists — regenerate only for the unified look"
"magic-jar.webp","Magic Jar","emblem","—","item icon","An arcane sigil of necromancy","P3","C:/Projects/FoundryVTT/DakksUltimateTokens/art/spells/magic-jar.webp; non-physical subject (emblem kind — see header); a usable library icon already exists — regenerate only for the unified look"
"magic-mirror.webp","Magic Mirror","emblem","—","item icon","An arcane sigil of enchantment","P3","C:/Projects/FoundryVTT/DakksUltimateTokens/art/spells/magic-mirror.webp; non-physical subject (emblem kind — see header); a usable library icon already exists — regenerate only for the unified look"
"magic-missile.webp","Magic Missile","emblem","—","item icon","An arcane sigil of evocation","P3","C:/Projects/FoundryVTT/DakksUltimateTokens/art/spells/magic-missile.webp; non-physical subject (emblem kind — see header); a usable library icon already exists — regenerate only for the unified look"
"magic-mouth.webp","Magic Mouth","emblem","—","item icon","An arcane sigil of alteration","P3","C:/Projects/FoundryVTT/DakksUltimateTokens/art/spells/magic-mouth.webp; non-physical subject (emblem kind — see header); a usable library icon already exists — regenerate only for the unified look"
"magical-aura.webp","Magical Aura","emblem","—","item icon","An arcane sigil of illusion","P3","C:/Projects/FoundryVTT/DakksUltimateTokens/art/spells/magical-aura.webp; non-physical subject (emblem kind — see header); a usable library icon already exists — regenerate only for the unified look"
"magical-stone.webp","Magical Stone","emblem","—","item icon","Spell effect as an object: a hovering shard of stone","P3","C:/Projects/FoundryVTT/DakksUltimateTokens/art/spells/magical-stone.webp; non-physical subject (emblem kind — see header); a usable library icon already exists — regenerate only for the unified look"
"magical-vestment.webp","Magical Vestment","emblem","—","item icon","A divine sigil of the protection sphere","P3","C:/Projects/FoundryVTT/DakksUltimateTokens/art/spells/magical-vestment.webp; non-physical subject (emblem kind — see header); a usable library icon already exists — regenerate only for the unified look"
"major-creation.webp","Major Creation","emblem","—","item icon","An arcane sigil of illusion","P3","C:/Projects/FoundryVTT/DakksUltimateTokens/art/spells/major-creation.webp; non-physical subject (emblem kind — see header); a usable library icon already exists — regenerate only for the unified look"
"mass-charm.webp","Mass Charm","emblem","—","item icon","Spell effect as an object: a hypnotic swirl of influence","P3","C:/Projects/FoundryVTT/DakksUltimateTokens/art/spells/mass-charm.webp; non-physical subject (emblem kind — see header); a usable library icon already exists — regenerate only for the unified look"
"mass-invisibility.webp","Mass Invisibility","emblem","—","item icon","Spell effect as an object: a fading translucent outline","P3","C:/Projects/FoundryVTT/DakksUltimateTokens/art/spells/mass-invisibility.webp; non-physical subject (emblem kind — see header); a usable library icon already exists — regenerate only for the unified look"
"mass-morph.webp","Mass Morph","emblem","—","item icon","Spell effect as an object: a silhouette caught mid-transformation","P3","C:/Projects/FoundryVTT/DakksUltimateTokens/art/spells/mass-morph.webp; non-physical subject (emblem kind — see header); a usable library icon already exists — regenerate only for the unified look"
"mass-suggestion.webp","Mass Suggestion","emblem","—","item icon","An arcane sigil of enchantment","P3","C:/Projects/FoundryVTT/DakksUltimateTokens/art/spells/mass-suggestion.webp; non-physical subject (emblem kind — see header); a usable library icon already exists — regenerate only for the unified look"
"maze.webp","Maze","emblem","—","item icon","An arcane sigil of conjuration","P3","C:/Projects/FoundryVTT/DakksUltimateTokens/art/spells/maze.webp; non-physical subject (emblem kind — see header); a usable library icon already exists — regenerate only for the unified look"
"meld-into-stone.webp","Meld Into Stone","emblem","—","item icon","Spell effect as an object: a hovering shard of stone","P3","C:/Projects/FoundryVTT/DakksUltimateTokens/art/spells/meld-into-stone.webp; non-physical subject (emblem kind — see header); a usable library icon already exists — regenerate only for the unified look"
"mending.webp","Mending","emblem","—","item icon","An arcane sigil of alteration","P3","C:/Projects/FoundryVTT/DakksUltimateTokens/art/spells/mending.webp; non-physical subject (emblem kind — see header); a usable library icon already exists — regenerate only for the unified look"
"message.webp","Message","emblem","—","item icon","Spell effect as an object: rippling rings of sound","P3","C:/Projects/FoundryVTT/DakksUltimateTokens/art/spells/message.webp; non-physical subject (emblem kind — see header); a usable library icon already exists — regenerate only for the unified look"
"messenger.webp","Messenger","emblem","—","item icon","A divine sigil of the animal sphere","P3","C:/Projects/FoundryVTT/DakksUltimateTokens/art/spells/messenger.webp; non-physical subject (emblem kind — see header); a usable library icon already exists — regenerate only for the unified look"
"meteor-swarm.webp","Meteor Swarm","emblem","—","item icon","Spell effect as an object: a contained burst of flame","P3","C:/Projects/FoundryVTT/DakksUltimateTokens/art/spells/meteor-swarm.webp; non-physical subject (emblem kind — see header); a usable library icon already exists — regenerate only for the unified look"
"mind-blank.webp","Mind Blank","emblem","—","item icon","Spell effect as an object: a hypnotic swirl of influence","P3","C:/Projects/FoundryVTT/DakksUltimateTokens/art/spells/mind-blank.webp; non-physical subject (emblem kind — see header); a usable library icon already exists — regenerate only for the unified look"
"minor-creation.webp","Minor Creation","emblem","—","item icon","An arcane sigil of illusion","P3","C:/Projects/FoundryVTT/DakksUltimateTokens/art/spells/minor-creation.webp; non-physical subject (emblem kind — see header); a usable library icon already exists — regenerate only for the unified look"
"minor-globe-of-invulnerability.webp","Minor Globe of Invulnerability","emblem","—","item icon","An arcane sigil of abjuration","P3","C:/Projects/FoundryVTT/DakksUltimateTokens/art/spells/minor-globe-of-invulnerability.webp; non-physical subject (emblem kind — see header); a usable library icon already exists — regenerate only for the unified look"
"minute-meteors.webp","Minute Meteors","emblem","—","item icon","An arcane sigil of evocation","P3","C:/Projects/FoundryVTT/DakksUltimateTokens/art/spells/minute-meteors.webp; non-physical subject (emblem kind — see header); a usable library icon already exists — regenerate only for the unified look"
"mirage-arcana.webp","Mirage Arcana","emblem","—","item icon","Spell effect as an object: a shimmering double-faced mask","P3","C:/Projects/FoundryVTT/DakksUltimateTokens/art/spells/mirage-arcana.webp; non-physical subject (emblem kind — see header); a usable library icon already exists — regenerate only for the unified look"
"mirror-image.webp","Mirror Image","emblem","—","item icon","Spell effect as an object: a shimmering double-faced mask","P3","C:/Projects/FoundryVTT/DakksUltimateTokens/art/spells/mirror-image.webp; non-physical subject (emblem kind — see header); a usable library icon already exists — regenerate only for the unified look"
"misdirection.webp","Misdirection","emblem","—","item icon","Spell effect as an object: a shimmering double-faced mask","P3","C:/Projects/FoundryVTT/DakksUltimateTokens/art/spells/misdirection.webp; non-physical subject (emblem kind — see header); a usable library icon already exists — regenerate only for the unified look"
"mislead.webp","Mislead","emblem","—","item icon","Spell effect as an object: a shimmering double-faced mask","P3","C:/Projects/FoundryVTT/DakksUltimateTokens/art/spells/mislead.webp; non-physical subject (emblem kind — see header); a usable library icon already exists — regenerate only for the unified look"
"mnemonic-enhancer.webp","Mnemonic Enhancer","emblem","—","item icon","An arcane sigil of alteration","P3","C:/Projects/FoundryVTT/DakksUltimateTokens/art/spells/mnemonic-enhancer.webp; non-physical subject (emblem kind — see header); a usable library icon already exists — regenerate only for the unified look"
"monster-summoning-i.webp","Monster Summoning I","emblem","—","item icon","Spell effect as an object: a summoning circle of light","P3","C:/Projects/FoundryVTT/DakksUltimateTokens/art/spells/monster-summoning-i.webp; non-physical subject (emblem kind — see header); a usable library icon already exists — regenerate only for the unified look"
"monster-summoning-ii.webp","Monster Summoning II","emblem","—","item icon","Spell effect as an object: a summoning circle of light","P3","C:/Projects/FoundryVTT/DakksUltimateTokens/art/spells/monster-summoning-ii.webp; non-physical subject (emblem kind — see header); a usable library icon already exists — regenerate only for the unified look"
"monster-summoning-iii.webp","Monster Summoning III","emblem","—","item icon","Spell effect as an object: a summoning circle of light","P3","C:/Projects/FoundryVTT/DakksUltimateTokens/art/spells/monster-summoning-iii.webp; non-physical subject (emblem kind — see header); a usable library icon already exists — regenerate only for the unified look"
"monster-summoning-iv.webp","Monster Summoning IV","emblem","—","item icon","Spell effect as an object: a summoning circle of light","P3","C:/Projects/FoundryVTT/DakksUltimateTokens/art/spells/monster-summoning-iv.webp; non-physical subject (emblem kind — see header); a usable library icon already exists — regenerate only for the unified look"
"monster-summoning-v.webp","Monster Summoning V","emblem","—","item icon","Spell effect as an object: a summoning circle of light","P3","C:/Projects/FoundryVTT/DakksUltimateTokens/art/spells/monster-summoning-v.webp; non-physical subject (emblem kind — see header); a usable library icon already exists — regenerate only for the unified look"
"monster-summoning-vi.webp","Monster Summoning VI","emblem","—","item icon","Spell effect as an object: a summoning circle of light","P3","C:/Projects/FoundryVTT/DakksUltimateTokens/art/spells/monster-summoning-vi.webp; non-physical subject (emblem kind — see header); a usable library icon already exists — regenerate only for the unified look"
"monster-summoning-vii.webp","Monster Summoning VII","emblem","—","item icon","Spell effect as an object: a summoning circle of light","P3","C:/Projects/FoundryVTT/DakksUltimateTokens/art/spells/monster-summoning-vii.webp; non-physical subject (emblem kind — see header); a usable library icon already exists — regenerate only for the unified look"
"moonbeam.webp","Moonbeam","emblem","—","item icon","A divine sigil of the sun sphere","P3","C:/Projects/FoundryVTT/DakksUltimateTokens/art/spells/moonbeam.webp; non-physical subject (emblem kind — see header); a usable library icon already exists — regenerate only for the unified look"
"mount.webp","Mount","emblem","—","item icon","An arcane sigil of conjuration","P3","C:/Projects/FoundryVTT/DakksUltimateTokens/art/spells/mount.webp; non-physical subject (emblem kind — see header); a usable library icon already exists — regenerate only for the unified look"
"move-earth.webp","Move Earth","emblem","—","item icon","Spell effect as an object: a hovering shard of stone","P3","C:/Projects/FoundryVTT/DakksUltimateTokens/art/spells/move-earth.webp; non-physical subject (emblem kind — see header); a usable library icon already exists — regenerate only for the unified look"
"negative-plane-protection.webp","Negative Plane Protection","emblem","—","item icon","Spell effect as an object: a glowing warding barrier","P3","C:/Projects/FoundryVTT/DakksUltimateTokens/art/spells/negative-plane-protection.webp; non-physical subject (emblem kind — see header); a usable library icon already exists — regenerate only for the unified look"
"neutralize-poison.webp","Neutralize Poison","emblem","—","item icon","Spell effect as an object: a venom-green droplet","P3","C:/Projects/FoundryVTT/DakksUltimateTokens/art/spells/neutralize-poison.webp; non-physical subject (emblem kind — see header); a usable library icon already exists — regenerate only for the unified look"
"non-detection.webp","Non-detection","emblem","—","item icon","An arcane sigil of abjuration","P3","C:/Projects/FoundryVTT/DakksUltimateTokens/art/spells/non-detection.webp; non-physical subject (emblem kind — see header); a usable library icon already exists — regenerate only for the unified look"
"obscurement.webp","Obscurement","emblem","—","item icon","An arcane sigil of alteration","P3","C:/Projects/FoundryVTT/DakksUltimateTokens/art/spells/obscurement.webp; non-physical subject (emblem kind — see header); a usable library icon already exists — regenerate only for the unified look"
"part-water.webp","Part Water","emblem","—","item icon","Spell effect as an object: a curling wave of water","P3","C:/Projects/FoundryVTT/DakksUltimateTokens/art/spells/part-water.webp; non-physical subject (emblem kind — see header); a usable library icon already exists — regenerate only for the unified look; SHARED FILE — also serves spell.divine.part-water (ad2e-core/spells-divine)"
"pass-plant.webp","Pass Plant","emblem","—","item icon","Spell effect as an object: a coil of living vines","P3","C:/Projects/FoundryVTT/DakksUltimateTokens/art/spells/pass-plant.webp; non-physical subject (emblem kind — see header); a usable library icon already exists — regenerate only for the unified look"
"pass-wall.webp","Pass Wall","emblem","—","item icon","An arcane sigil of alteration","P3","C:/Projects/FoundryVTT/DakksUltimateTokens/art/spells/pass-wall.webp; non-physical subject (emblem kind — see header); a usable library icon already exists — regenerate only for the unified look"
"pass-without-trace.webp","Pass Without Trace","emblem","—","item icon","A divine sigil of the plant sphere","P3","C:/Projects/FoundryVTT/DakksUltimateTokens/art/spells/pass-without-trace.webp; non-physical subject (emblem kind — see header); a usable library icon already exists — regenerate only for the unified look"
"permanency.webp","Permanency","emblem","—","item icon","Spell effect as an object: an hourglass suspended mid-turn","P3","C:/Projects/FoundryVTT/DakksUltimateTokens/art/spells/permanency.webp; non-physical subject (emblem kind — see header); a usable library icon already exists — regenerate only for the unified look"
"permanent-illusion.webp","Permanent Illusion","emblem","—","item icon","Spell effect as an object: a shimmering double-faced mask","P3","C:/Projects/FoundryVTT/DakksUltimateTokens/art/spells/permanent-illusion.webp; non-physical subject (emblem kind — see header); a usable library icon already exists — regenerate only for the unified look"
"phantasmal-force.webp","Phantasmal Force","emblem","—","item icon","Spell effect as an object: a shimmering double-faced mask","P3","C:/Projects/FoundryVTT/DakksUltimateTokens/art/spells/phantasmal-force.webp; non-physical subject (emblem kind — see header); a usable library icon already exists — regenerate only for the unified look"
"phantasmal-killer.webp","Phantasmal Killer","emblem","—","item icon","Spell effect as an object: a shimmering double-faced mask","P3","C:/Projects/FoundryVTT/DakksUltimateTokens/art/spells/phantasmal-killer.webp; non-physical subject (emblem kind — see header); a usable library icon already exists — regenerate only for the unified look"
"phantom-steed.webp","Phantom Steed","emblem","—","item icon","Spell effect as an object: a shimmering double-faced mask","P3","C:/Projects/FoundryVTT/DakksUltimateTokens/art/spells/phantom-steed.webp; non-physical subject (emblem kind — see header); a usable library icon already exists — regenerate only for the unified look"
"phase-door.webp","Phase Door","emblem","—","item icon","Spell effect as an object: a pair of glowing winged boots","P3","C:/Projects/FoundryVTT/DakksUltimateTokens/art/spells/phase-door.webp; non-physical subject (emblem kind — see header); a usable library icon already exists — regenerate only for the unified look"
"plane-shift.webp","Plane Shift","emblem","—","item icon","Spell effect as an object: a swirling portal vortex","P3","C:/Projects/FoundryVTT/DakksUltimateTokens/art/spells/plane-shift.webp; non-physical subject (emblem kind — see header); a usable library icon already exists — regenerate only for the unified look"
"plant-door.webp","Plant Door","emblem","—","item icon","Spell effect as an object: a coil of living vines","P3","C:/Projects/FoundryVTT/DakksUltimateTokens/art/spells/plant-door.webp; non-physical subject (emblem kind — see header); a usable library icon already exists — regenerate only for the unified look"
"plant-growth.webp","Plant Growth","emblem","—","item icon","Spell effect as an object: a coil of living vines","P3","C:/Projects/FoundryVTT/DakksUltimateTokens/art/spells/plant-growth.webp; non-physical subject (emblem kind — see header); a usable library icon already exists — regenerate only for the unified look; SHARED FILE — also serves spell.divine.plant-growth (ad2e-core/spells-divine)"
"polymorph-any-object.webp","Polymorph Any Object","emblem","—","item icon","Spell effect as an object: a silhouette caught mid-transformation","P3","C:/Projects/FoundryVTT/DakksUltimateTokens/art/spells/polymorph-any-object.webp; non-physical subject (emblem kind — see header); a usable library icon already exists — regenerate only for the unified look"
"polymorph-other.webp","Polymorph Other","emblem","—","item icon","Spell effect as an object: a silhouette caught mid-transformation","P3","C:/Projects/FoundryVTT/DakksUltimateTokens/art/spells/polymorph-other.webp; non-physical subject (emblem kind — see header); a usable library icon already exists — regenerate only for the unified look"
"polymorph-self.webp","Polymorph Self","emblem","—","item icon","Spell effect as an object: a silhouette caught mid-transformation","P3","C:/Projects/FoundryVTT/DakksUltimateTokens/art/spells/polymorph-self.webp; non-physical subject (emblem kind — see header); a usable library icon already exists — regenerate only for the unified look"
"power-word-blind.webp","Power Word, Blind","emblem","—","item icon","Spell effect as an object: rippling rings of sound","P3","C:/Projects/FoundryVTT/DakksUltimateTokens/art/spells/power-word-blind.webp; non-physical subject (emblem kind — see header); a usable library icon already exists — regenerate only for the unified look"
"power-word-kill.webp","Power Word, Kill","emblem","—","item icon","Spell effect as an object: a pale skull wreathed in grave-light","P3","C:/Projects/FoundryVTT/DakksUltimateTokens/art/spells/power-word-kill.webp; non-physical subject (emblem kind — see header); a usable library icon already exists — regenerate only for the unified look"
"power-word-stun.webp","Power Word, Stun","emblem","—","item icon","Spell effect as an object: rippling rings of sound","P3","C:/Projects/FoundryVTT/DakksUltimateTokens/art/spells/power-word-stun.webp; non-physical subject (emblem kind — see header); a usable library icon already exists — regenerate only for the unified look"
"prayer.webp","Prayer","emblem","—","item icon","A divine sigil of the combat sphere","P3","C:/Projects/FoundryVTT/DakksUltimateTokens/art/spells/prayer.webp; non-physical subject (emblem kind — see header); a usable library icon already exists — regenerate only for the unified look"
"prismatic-sphere.webp","Prismatic Sphere","emblem","—","item icon","Spell effect as an object: a radiant starburst of light","P3","C:/Projects/FoundryVTT/DakksUltimateTokens/art/spells/prismatic-sphere.webp; non-physical subject (emblem kind — see header); a usable library icon already exists — regenerate only for the unified look"
"prismatic-spray.webp","Prismatic Spray","emblem","—","item icon","Spell effect as an object: a radiant starburst of light","P3","C:/Projects/FoundryVTT/DakksUltimateTokens/art/spells/prismatic-spray.webp; non-physical subject (emblem kind — see header); a usable library icon already exists — regenerate only for the unified look"
"prismatic-wall.webp","Prismatic Wall","emblem","—","item icon","Spell effect as an object: a radiant starburst of light","P3","C:/Projects/FoundryVTT/DakksUltimateTokens/art/spells/prismatic-wall.webp; non-physical subject (emblem kind — see header); a usable library icon already exists — regenerate only for the unified look"
"produce-fire.webp","Produce Fire","emblem","—","item icon","Spell effect as an object: a contained burst of flame","P3","C:/Projects/FoundryVTT/DakksUltimateTokens/art/spells/produce-fire.webp; non-physical subject (emblem kind — see header); a usable library icon already exists — regenerate only for the unified look"
"produce-flame.webp","Produce Flame","emblem","—","item icon","Spell effect as an object: a contained burst of flame","P3","C:/Projects/FoundryVTT/DakksUltimateTokens/art/spells/produce-flame.webp; non-physical subject (emblem kind — see header); a usable library icon already exists — regenerate only for the unified look"
"programmed-illusion.webp","Programmed Illusion","emblem","—","item icon","Spell effect as an object: a shimmering double-faced mask","P3","C:/Projects/FoundryVTT/DakksUltimateTokens/art/spells/programmed-illusion.webp; non-physical subject (emblem kind — see header); a usable library icon already exists — regenerate only for the unified look"
"project-image.webp","Project Image","emblem","—","item icon","Spell effect as an object: a shimmering double-faced mask","P3","C:/Projects/FoundryVTT/DakksUltimateTokens/art/spells/project-image.webp; non-physical subject (emblem kind — see header); a usable library icon already exists — regenerate only for the unified look"
"protection-from-cantrips.webp","Protection From Cantrips","emblem","—","item icon","Spell effect as an object: a glowing warding barrier","P3","C:/Projects/FoundryVTT/DakksUltimateTokens/art/spells/protection-from-cantrips.webp; non-physical subject (emblem kind — see header); a usable library icon already exists — regenerate only for the unified look"
"protection-from-evil.webp","Protection From Evil","emblem","—","item icon","Spell effect as an object: a glowing warding barrier","P3","C:/Projects/FoundryVTT/DakksUltimateTokens/art/spells/protection-from-evil.webp; non-physical subject (emblem kind — see header); a usable library icon already exists — regenerate only for the unified look; SHARED FILE — also serves spell.divine.protection-from-evil (ad2e-core/spells-divine)"
"protection-from-evil-10-radius.webp","Protection From Evil, 10’ Radius","emblem","—","item icon","Spell effect as an object: a glowing warding barrier","P3","C:/Projects/FoundryVTT/DakksUltimateTokens/art/spells/protection-from-evil-10-radius.webp; non-physical subject (emblem kind — see header); a usable library icon already exists — regenerate only for the unified look; SHARED FILE — also serves spell.divine.protection-from-evil-10-radius (ad2e-core/spells-divine)"
"protection-from-fire.webp","Protection From Fire","emblem","—","item icon","Spell effect as an object: a glowing warding barrier","P3","C:/Projects/FoundryVTT/DakksUltimateTokens/art/spells/protection-from-fire.webp; non-physical subject (emblem kind — see header); a usable library icon already exists — regenerate only for the unified look"
"protection-from-lightning.webp","Protection From Lightning","emblem","—","item icon","Spell effect as an object: a glowing warding barrier","P3","C:/Projects/FoundryVTT/DakksUltimateTokens/art/spells/protection-from-lightning.webp; non-physical subject (emblem kind — see header); a usable library icon already exists — regenerate only for the unified look"
"protection-from-missiles.webp","Protection From Missiles","emblem","—","item icon","Spell effect as an object: a glowing warding barrier","P3","C:/Projects/FoundryVTT/DakksUltimateTokens/art/spells/protection-from-missiles.webp; non-physical subject (emblem kind — see header); a usable library icon already exists — regenerate only for the unified look"
"purify-food-drink.webp","Purify Food & Drink","emblem","—","item icon","A divine sigil of the all sphere","P3","C:/Projects/FoundryVTT/DakksUltimateTokens/art/spells/purify-food-drink.webp; non-physical subject (emblem kind — see header); a usable library icon already exists — regenerate only for the unified look"
"pyrotechnics.webp","Pyrotechnics","emblem","—","item icon","Spell effect as an object: a contained burst of flame","P3","C:/Projects/FoundryVTT/DakksUltimateTokens/art/spells/pyrotechnics.webp; non-physical subject (emblem kind — see header); a usable library icon already exists — regenerate only for the unified look; SHARED FILE — also serves spell.divine.pyrotechnics (ad2e-core/spells-divine)"
"quest.webp","Quest","emblem","—","item icon","A divine sigil of the all sphere","P3","C:/Projects/FoundryVTT/DakksUltimateTokens/art/spells/quest.webp; non-physical subject (emblem kind — see header); a usable library icon already exists — regenerate only for the unified look"
"rainbow.webp","Rainbow","emblem","—","item icon","Spell effect as an object: a radiant starburst of light","P3","C:/Projects/FoundryVTT/DakksUltimateTokens/art/spells/rainbow.webp; non-physical subject (emblem kind — see header); a usable library icon already exists — regenerate only for the unified look"
"rainbow-pattern.webp","Rainbow Pattern","emblem","—","item icon","Spell effect as an object: a radiant starburst of light","P3","C:/Projects/FoundryVTT/DakksUltimateTokens/art/spells/rainbow-pattern.webp; non-physical subject (emblem kind — see header); a usable library icon already exists — regenerate only for the unified look"
"raise-dead.webp","Raise Dead","emblem","—","item icon","Spell effect as an object: a pale skull wreathed in grave-light","P3","C:/Projects/FoundryVTT/DakksUltimateTokens/art/spells/raise-dead.webp; non-physical subject (emblem kind — see header); a usable library icon already exists — regenerate only for the unified look"
"ray-of-enfeeblement.webp","Ray of Enfeeblement","emblem","—","item icon","An arcane sigil of enchantment","P3","C:/Projects/FoundryVTT/DakksUltimateTokens/art/spells/ray-of-enfeeblement.webp; non-physical subject (emblem kind — see header); a usable library icon already exists — regenerate only for the unified look"
"read-magic.webp","Read Magic","emblem","—","item icon","Spell effect as an object: an unblinking arcane eye","P3","C:/Projects/FoundryVTT/DakksUltimateTokens/art/spells/read-magic.webp; non-physical subject (emblem kind — see header); a usable library icon already exists — regenerate only for the unified look"
"reflecting-pool.webp","Reflecting Pool","emblem","—","item icon","A divine sigil of the divination sphere","P3","C:/Projects/FoundryVTT/DakksUltimateTokens/art/spells/reflecting-pool.webp; non-physical subject (emblem kind — see header); a usable library icon already exists — regenerate only for the unified look"
"regenerate.webp","Regenerate","emblem","—","item icon","A divine sigil of the necromantic sphere","P3","C:/Projects/FoundryVTT/DakksUltimateTokens/art/spells/regenerate.webp; non-physical subject (emblem kind — see header); a usable library icon already exists — regenerate only for the unified look"
"reincarnate.webp","Reincarnate","emblem","—","item icon","An arcane sigil of necromancy","P3","C:/Projects/FoundryVTT/DakksUltimateTokens/art/spells/reincarnate.webp; non-physical subject (emblem kind — see header); a usable library icon already exists — regenerate only for the unified look; SHARED FILE — also serves spell.divine.reincarnate (ad2e-core/spells-divine)"
"remove-curse.webp","Remove Curse","emblem","—","item icon","Spell effect as an object: a smouldering unholy rune","P3","C:/Projects/FoundryVTT/DakksUltimateTokens/art/spells/remove-curse.webp; non-physical subject (emblem kind — see header); a usable library icon already exists — regenerate only for the unified look; SHARED FILE — also serves spell.divine.remove-curse (ad2e-core/spells-divine)"
"remove-fear.webp","Remove Fear","emblem","—","item icon","Spell effect as an object: a screaming shadow visage","P3","C:/Projects/FoundryVTT/DakksUltimateTokens/art/spells/remove-fear.webp; non-physical subject (emblem kind — see header); a usable library icon already exists — regenerate only for the unified look"
"remove-paralysis.webp","Remove Paralysis","emblem","—","item icon","Spell effect as an object: glowing spectral shackles","P3","C:/Projects/FoundryVTT/DakksUltimateTokens/art/spells/remove-paralysis.webp; non-physical subject (emblem kind — see header); a usable library icon already exists — regenerate only for the unified look"
"repel-insects.webp","Repel Insects","emblem","—","item icon","Spell effect as an object: a whirling insect swarm","P3","C:/Projects/FoundryVTT/DakksUltimateTokens/art/spells/repel-insects.webp; non-physical subject (emblem kind — see header); a usable library icon already exists — regenerate only for the unified look"
"repulsion.webp","Repulsion","emblem","—","item icon","An arcane sigil of abjuration","P3","C:/Projects/FoundryVTT/DakksUltimateTokens/art/spells/repulsion.webp; non-physical subject (emblem kind — see header); a usable library icon already exists — regenerate only for the unified look"
"resilient-sphere.webp","Resilient Sphere","emblem","—","item icon","An arcane sigil of alteration","P3","C:/Projects/FoundryVTT/DakksUltimateTokens/art/spells/resilient-sphere.webp; non-physical subject (emblem kind — see header); a usable library icon already exists — regenerate only for the unified look"
"resist-fire-resist-cold.webp","Resist Fire/Resist Cold","emblem","—","item icon","Spell effect as an object: a contained burst of flame","P3","C:/Projects/FoundryVTT/DakksUltimateTokens/art/spells/resist-fire-resist-cold.webp; non-physical subject (emblem kind — see header); a usable library icon already exists — regenerate only for the unified look"
"restoration.webp","Restoration","emblem","—","item icon","A divine sigil of the necromantic sphere","P3","C:/Projects/FoundryVTT/DakksUltimateTokens/art/spells/restoration.webp; non-physical subject (emblem kind — see header); a usable library icon already exists — regenerate only for the unified look"
"resurrection.webp","Resurrection","emblem","—","item icon","A divine sigil of the necromantic sphere","P3","C:/Projects/FoundryVTT/DakksUltimateTokens/art/spells/resurrection.webp; non-physical subject (emblem kind — see header); a usable library icon already exists — regenerate only for the unified look"
"reverse-gravity.webp","Reverse Gravity","emblem","—","item icon","An arcane sigil of alteration","P3","C:/Projects/FoundryVTT/DakksUltimateTokens/art/spells/reverse-gravity.webp; non-physical subject (emblem kind — see header); a usable library icon already exists — regenerate only for the unified look"
"rope-trick.webp","Rope Trick","emblem","—","item icon","An arcane sigil of alteration","P3","C:/Projects/FoundryVTT/DakksUltimateTokens/art/spells/rope-trick.webp; non-physical subject (emblem kind — see header); a usable library icon already exists — regenerate only for the unified look"
"sanctuary.webp","Sanctuary","emblem","—","item icon","A divine sigil of the protection sphere","P3","C:/Projects/FoundryVTT/DakksUltimateTokens/art/spells/sanctuary.webp; non-physical subject (emblem kind — see header); a usable library icon already exists — regenerate only for the unified look"
"scare.webp","Scare","emblem","—","item icon","Spell effect as an object: a screaming shadow visage","P3","C:/Projects/FoundryVTT/DakksUltimateTokens/art/spells/scare.webp; non-physical subject (emblem kind — see header); a usable library icon already exists — regenerate only for the unified look"
"screen.webp","Screen","emblem","—","item icon","Spell effect as an object: an unblinking arcane eye","P3","C:/Projects/FoundryVTT/DakksUltimateTokens/art/spells/screen.webp; non-physical subject (emblem kind — see header); a usable library icon already exists — regenerate only for the unified look"
"secret-page.webp","Secret Page","emblem","—","item icon","Spell effect as an object: a carved glowing rune","P3","C:/Projects/FoundryVTT/DakksUltimateTokens/art/spells/secret-page.webp; non-physical subject (emblem kind — see header); a usable library icon already exists — regenerate only for the unified look"
"seeming.webp","Seeming","emblem","—","item icon","Spell effect as an object: a shimmering double-faced mask","P3","C:/Projects/FoundryVTT/DakksUltimateTokens/art/spells/seeming.webp; non-physical subject (emblem kind — see header); a usable library icon already exists — regenerate only for the unified look"
"sending.webp","Sending","emblem","—","item icon","An arcane sigil of evocation","P3","C:/Projects/FoundryVTT/DakksUltimateTokens/art/spells/sending.webp; non-physical subject (emblem kind — see header); a usable library icon already exists — regenerate only for the unified look"
"sepia-snake-sigil.webp","Sepia Snake Sigil","emblem","—","item icon","Spell effect as an object: a spectral beast totem","P3","C:/Projects/FoundryVTT/DakksUltimateTokens/art/spells/sepia-snake-sigil.webp; non-physical subject (emblem kind — see header); a usable library icon already exists — regenerate only for the unified look"
"sequester.webp","Sequester","emblem","—","item icon","An arcane sigil of illusion","P3","C:/Projects/FoundryVTT/DakksUltimateTokens/art/spells/sequester.webp; non-physical subject (emblem kind — see header); a usable library icon already exists — regenerate only for the unified look"
"shades.webp","Shades","emblem","—","item icon","Spell effect as an object: a shimmering double-faced mask","P3","C:/Projects/FoundryVTT/DakksUltimateTokens/art/spells/shades.webp; non-physical subject (emblem kind — see header); a usable library icon already exists — regenerate only for the unified look"
"shadow-door.webp","Shadow Door","emblem","—","item icon","Spell effect as an object: a shimmering double-faced mask","P3","C:/Projects/FoundryVTT/DakksUltimateTokens/art/spells/shadow-door.webp; non-physical subject (emblem kind — see header); a usable library icon already exists — regenerate only for the unified look"
"shadow-magic.webp","Shadow Magic","emblem","—","item icon","Spell effect as an object: a shimmering double-faced mask","P3","C:/Projects/FoundryVTT/DakksUltimateTokens/art/spells/shadow-magic.webp; non-physical subject (emblem kind — see header); a usable library icon already exists — regenerate only for the unified look"
"shadow-monsters.webp","Shadow Monsters","emblem","—","item icon","Spell effect as an object: a shimmering double-faced mask","P3","C:/Projects/FoundryVTT/DakksUltimateTokens/art/spells/shadow-monsters.webp; non-physical subject (emblem kind — see header); a usable library icon already exists — regenerate only for the unified look"
"shadow-walk.webp","Shadow Walk","emblem","—","item icon","Spell effect as an object: a shimmering double-faced mask","P3","C:/Projects/FoundryVTT/DakksUltimateTokens/art/spells/shadow-walk.webp; non-physical subject (emblem kind — see header); a usable library icon already exists — regenerate only for the unified look"
"shape-change.webp","Shape Change","emblem","—","item icon","Spell effect as an object: a silhouette caught mid-transformation","P3","C:/Projects/FoundryVTT/DakksUltimateTokens/art/spells/shape-change.webp; non-physical subject (emblem kind — see header); a usable library icon already exists — regenerate only for the unified look"
"shatter.webp","Shatter","emblem","—","item icon","An arcane sigil of alteration","P3","C:/Projects/FoundryVTT/DakksUltimateTokens/art/spells/shatter.webp; non-physical subject (emblem kind — see header); a usable library icon already exists — regenerate only for the unified look"
"shield.webp","Shield","emblem","—","item icon","Spell effect as an object: a conjured shield of force","P3","C:/Projects/FoundryVTT/DakksUltimateTokens/art/spells/shield.webp; non-physical subject (emblem kind — see header); a usable library icon already exists — regenerate only for the unified look"
"shillelagh.webp","Shillelagh","emblem","—","item icon","A divine sigil of the combat sphere","P3","C:/Projects/FoundryVTT/DakksUltimateTokens/art/spells/shillelagh.webp; non-physical subject (emblem kind — see header); a usable library icon already exists — regenerate only for the unified look"
"shocking-grasp.webp","Shocking Grasp","emblem","—","item icon","Spell effect as an object: a coil of crackling lightning","P3","C:/Projects/FoundryVTT/DakksUltimateTokens/art/spells/shocking-grasp.webp; non-physical subject (emblem kind — see header); a usable library icon already exists — regenerate only for the unified look"
"shout.webp","Shout","emblem","—","item icon","Spell effect as an object: rippling rings of sound","P3","C:/Projects/FoundryVTT/DakksUltimateTokens/art/spells/shout.webp; non-physical subject (emblem kind — see header); a usable library icon already exists — regenerate only for the unified look"
"silence-15-radius.webp","Silence, 15’ Radius","emblem","—","item icon","Spell effect as an object: rippling rings of sound","P3","C:/Projects/FoundryVTT/DakksUltimateTokens/art/spells/silence-15-radius.webp; non-physical subject (emblem kind — see header); a usable library icon already exists — regenerate only for the unified look"
"simulacrum.webp","Simulacrum","emblem","—","item icon","Spell effect as an object: a shimmering double-faced mask","P3","C:/Projects/FoundryVTT/DakksUltimateTokens/art/spells/simulacrum.webp; non-physical subject (emblem kind — see header); a usable library icon already exists — regenerate only for the unified look"
"sink.webp","Sink","emblem","—","item icon","An arcane sigil of enchantment","P3","C:/Projects/FoundryVTT/DakksUltimateTokens/art/spells/sink.webp; non-physical subject (emblem kind — see header); a usable library icon already exists — regenerate only for the unified look"
"sleep.webp","Sleep","emblem","—","item icon","Spell effect as an object: drifting motes of slumber","P3","C:/Projects/FoundryVTT/DakksUltimateTokens/art/spells/sleep.webp; non-physical subject (emblem kind — see header); a usable library icon already exists — regenerate only for the unified look"
"slow.webp","Slow","emblem","—","item icon","An arcane sigil of alteration","P3","C:/Projects/FoundryVTT/DakksUltimateTokens/art/spells/slow.webp; non-physical subject (emblem kind — see header); a usable library icon already exists — regenerate only for the unified look"
"slow-poison.webp","Slow Poison","emblem","—","item icon","Spell effect as an object: a venom-green droplet","P3","C:/Projects/FoundryVTT/DakksUltimateTokens/art/spells/slow-poison.webp; non-physical subject (emblem kind — see header); a usable library icon already exists — regenerate only for the unified look"
"snake-charm.webp","Snake Charm","emblem","—","item icon","Spell effect as an object: a spectral beast totem","P3","C:/Projects/FoundryVTT/DakksUltimateTokens/art/spells/snake-charm.webp; non-physical subject (emblem kind — see header); a usable library icon already exists — regenerate only for the unified look"
"snare.webp","Snare","emblem","—","item icon","Spell effect as an object: glowing spectral shackles","P3","C:/Projects/FoundryVTT/DakksUltimateTokens/art/spells/snare.webp; non-physical subject (emblem kind — see header); a usable library icon already exists — regenerate only for the unified look"
"solid-fog.webp","Solid Fog","emblem","—","item icon","Spell effect as an object: a dark churning storm cloud","P3","C:/Projects/FoundryVTT/DakksUltimateTokens/art/spells/solid-fog.webp; non-physical subject (emblem kind — see header); a usable library icon already exists — regenerate only for the unified look"
"speak-with-animals.webp","Speak With Animals","emblem","—","item icon","Spell effect as an object: a spectral beast totem","P3","C:/Projects/FoundryVTT/DakksUltimateTokens/art/spells/speak-with-animals.webp; non-physical subject (emblem kind — see header); a usable library icon already exists — regenerate only for the unified look"
"speak-with-dead.webp","Speak With Dead","emblem","—","item icon","Spell effect as an object: a pale skull wreathed in grave-light","P3","C:/Projects/FoundryVTT/DakksUltimateTokens/art/spells/speak-with-dead.webp; non-physical subject (emblem kind — see header); a usable library icon already exists — regenerate only for the unified look"
"speak-with-monsters.webp","Speak With Monsters","emblem","—","item icon","A divine sigil of the all sphere","P3","C:/Projects/FoundryVTT/DakksUltimateTokens/art/spells/speak-with-monsters.webp; non-physical subject (emblem kind — see header); a usable library icon already exists — regenerate only for the unified look"
"speak-with-plants.webp","Speak With Plants","emblem","—","item icon","Spell effect as an object: a coil of living vines","P3","C:/Projects/FoundryVTT/DakksUltimateTokens/art/spells/speak-with-plants.webp; non-physical subject (emblem kind — see header); a usable library icon already exists — regenerate only for the unified look"
"spectral-force.webp","Spectral Force","emblem","—","item icon","Spell effect as an object: a clenched fist wreathed in power","P3","C:/Projects/FoundryVTT/DakksUltimateTokens/art/spells/spectral-force.webp; non-physical subject (emblem kind — see header); a usable library icon already exists — regenerate only for the unified look"
"spectral-hand.webp","Spectral Hand","emblem","—","item icon","An arcane sigil of necromancy","P3","C:/Projects/FoundryVTT/DakksUltimateTokens/art/spells/spectral-hand.webp; non-physical subject (emblem kind — see header); a usable library icon already exists — regenerate only for the unified look"
"spell-immunity-arcane.webp","Spell Immunity—Arcane","emblem","—","item icon","Spell effect as an object: a glowing warding barrier","P3","C:/Projects/FoundryVTT/DakksUltimateTokens/art/spells/spell-immunity-arcane.webp; non-physical subject (emblem kind — see header); a usable library icon already exists — regenerate only for the unified look"
"spell-immunity-divine.webp","Spell Immunity—Divine","emblem","—","item icon","Spell effect as an object: a glowing warding barrier","P3","C:/Projects/FoundryVTT/DakksUltimateTokens/art/spells/spell-immunity-divine.webp; non-physical subject (emblem kind — see header); a usable library icon already exists — regenerate only for the unified look"
"spell-turning.webp","Spell Turning","emblem","—","item icon","An arcane sigil of abjuration","P3","C:/Projects/FoundryVTT/DakksUltimateTokens/art/spells/spell-turning.webp; non-physical subject (emblem kind — see header); a usable library icon already exists — regenerate only for the unified look"
"spider-climb.webp","Spider Climb","emblem","—","item icon","Spell effect as an object: a whirling insect swarm","P3","C:/Projects/FoundryVTT/DakksUltimateTokens/art/spells/spider-climb.webp; non-physical subject (emblem kind — see header); a usable library icon already exists — regenerate only for the unified look"
"spike-growth.webp","Spike Growth","emblem","—","item icon","Spell effect as an object: a silhouette caught mid-transformation","P3","C:/Projects/FoundryVTT/DakksUltimateTokens/art/spells/spike-growth.webp; non-physical subject (emblem kind — see header); a usable library icon already exists — regenerate only for the unified look"
"spike-stones.webp","Spike Stones","emblem","—","item icon","Spell effect as an object: a hovering shard of stone","P3","C:/Projects/FoundryVTT/DakksUltimateTokens/art/spells/spike-stones.webp; non-physical subject (emblem kind — see header); a usable library icon already exists — regenerate only for the unified look"
"spiritual-hammer.webp","Spiritual Hammer","emblem","—","item icon","A divine sigil of the combat sphere","P3","C:/Projects/FoundryVTT/DakksUltimateTokens/art/spells/spiritual-hammer.webp; non-physical subject (emblem kind — see header); a usable library icon already exists — regenerate only for the unified look"
"spook.webp","Spook","emblem","—","item icon","Spell effect as an object: a screaming shadow visage","P3","C:/Projects/FoundryVTT/DakksUltimateTokens/art/spells/spook.webp; non-physical subject (emblem kind — see header); a usable library icon already exists — regenerate only for the unified look"
"star-shine.webp","Star Shine","emblem","—","item icon","Spell effect as an object: a radiant starburst of light","P3","C:/Projects/FoundryVTT/DakksUltimateTokens/art/spells/star-shine.webp; non-physical subject (emblem kind — see header); a usable library icon already exists — regenerate only for the unified look"
"statue.webp","Statue","emblem","—","item icon","Spell effect as an object: a silhouette caught mid-transformation","P3","C:/Projects/FoundryVTT/DakksUltimateTokens/art/spells/statue.webp; non-physical subject (emblem kind — see header); a usable library icon already exists — regenerate only for the unified look"
"sticks-to-snakes.webp","Sticks to Snakes","emblem","—","item icon","Spell effect as an object: a spectral beast totem","P3","C:/Projects/FoundryVTT/DakksUltimateTokens/art/spells/sticks-to-snakes.webp; non-physical subject (emblem kind — see header); a usable library icon already exists — regenerate only for the unified look"
"stinking-cloud.webp","Stinking Cloud","emblem","—","item icon","Spell effect as an object: a dark churning storm cloud","P3","C:/Projects/FoundryVTT/DakksUltimateTokens/art/spells/stinking-cloud.webp; non-physical subject (emblem kind — see header); a usable library icon already exists — regenerate only for the unified look"
"stone-shape.webp","Stone Shape","emblem","—","item icon","Spell effect as an object: a hovering shard of stone","P3","C:/Projects/FoundryVTT/DakksUltimateTokens/art/spells/stone-shape.webp; non-physical subject (emblem kind — see header); a usable library icon already exists — regenerate only for the unified look; SHARED FILE — also serves spell.divine.stone-shape (ad2e-core/spells-divine)"
"stone-skin.webp","Stone Skin","emblem","—","item icon","Spell effect as an object: a hovering shard of stone","P3","C:/Projects/FoundryVTT/DakksUltimateTokens/art/spells/stone-skin.webp; non-physical subject (emblem kind — see header); a usable library icon already exists — regenerate only for the unified look"
"stone-tell.webp","Stone Tell","emblem","—","item icon","Spell effect as an object: a hovering shard of stone","P3","C:/Projects/FoundryVTT/DakksUltimateTokens/art/spells/stone-tell.webp; non-physical subject (emblem kind — see header); a usable library icon already exists — regenerate only for the unified look"
"stone-to-flesh.webp","Stone to Flesh","emblem","—","item icon","Spell effect as an object: a hovering shard of stone","P3","C:/Projects/FoundryVTT/DakksUltimateTokens/art/spells/stone-to-flesh.webp; non-physical subject (emblem kind — see header); a usable library icon already exists — regenerate only for the unified look"
"strength.webp","Strength","emblem","—","item icon","Spell effect as an object: a clenched fist wreathed in power","P3","C:/Projects/FoundryVTT/DakksUltimateTokens/art/spells/strength.webp; non-physical subject (emblem kind — see header); a usable library icon already exists — regenerate only for the unified look"
"succored-retreat.webp","Succored Retreat","emblem","—","item icon","An arcane sigil of alteration","P3","C:/Projects/FoundryVTT/DakksUltimateTokens/art/spells/succored-retreat.webp; non-physical subject (emblem kind — see header); a usable library icon already exists — regenerate only for the unified look; SHARED FILE — also serves spell.divine.succored-retreat (ad2e-core/spells-divine)"
"suggestion.webp","Suggestion","emblem","—","item icon","An arcane sigil of enchantment","P3","C:/Projects/FoundryVTT/DakksUltimateTokens/art/spells/suggestion.webp; non-physical subject (emblem kind — see header); a usable library icon already exists — regenerate only for the unified look"
"summon-insects.webp","Summon Insects","emblem","—","item icon","Spell effect as an object: a whirling insect swarm","P3","C:/Projects/FoundryVTT/DakksUltimateTokens/art/spells/summon-insects.webp; non-physical subject (emblem kind — see header); a usable library icon already exists — regenerate only for the unified look"
"summon-shadow.webp","Summon Shadow","emblem","—","item icon","Spell effect as an object: a shimmering double-faced mask","P3","C:/Projects/FoundryVTT/DakksUltimateTokens/art/spells/summon-shadow.webp; non-physical subject (emblem kind — see header); a usable library icon already exists — regenerate only for the unified look"
"summon-swarm.webp","Summon Swarm","emblem","—","item icon","Spell effect as an object: a whirling insect swarm","P3","C:/Projects/FoundryVTT/DakksUltimateTokens/art/spells/summon-swarm.webp; non-physical subject (emblem kind — see header); a usable library icon already exists — regenerate only for the unified look"
"sunray.webp","Sunray","emblem","—","item icon","A divine sigil of the sun sphere","P3","C:/Projects/FoundryVTT/DakksUltimateTokens/art/spells/sunray.webp; non-physical subject (emblem kind — see header); a usable library icon already exists — regenerate only for the unified look"
"symbol.webp","Symbol","emblem","—","item icon","Spell effect as an object: a carved glowing rune","P3","C:/Projects/FoundryVTT/DakksUltimateTokens/art/spells/symbol.webp; non-physical subject (emblem kind — see header); a usable library icon already exists — regenerate only for the unified look; SHARED FILE — also serves spell.divine.symbol (ad2e-core/spells-divine)"
"taunt.webp","Taunt","emblem","—","item icon","An arcane sigil of enchantment","P3","C:/Projects/FoundryVTT/DakksUltimateTokens/art/spells/taunt.webp; non-physical subject (emblem kind — see header); a usable library icon already exists — regenerate only for the unified look"
"telekinesis.webp","Telekinesis","emblem","—","item icon","An arcane sigil of alteration","P3","C:/Projects/FoundryVTT/DakksUltimateTokens/art/spells/telekinesis.webp; non-physical subject (emblem kind — see header); a usable library icon already exists — regenerate only for the unified look"
"telekinetic-sphere.webp","Telekinetic Sphere","emblem","—","item icon","An arcane sigil of evocation","P3","C:/Projects/FoundryVTT/DakksUltimateTokens/art/spells/telekinetic-sphere.webp; non-physical subject (emblem kind — see header); a usable library icon already exists — regenerate only for the unified look"
"teleport.webp","Teleport","emblem","—","item icon","Spell effect as an object: a swirling portal vortex","P3","C:/Projects/FoundryVTT/DakksUltimateTokens/art/spells/teleport.webp; non-physical subject (emblem kind — see header); a usable library icon already exists — regenerate only for the unified look"
"teleport-without-error.webp","Teleport Without Error","emblem","—","item icon","Spell effect as an object: a swirling portal vortex","P3","C:/Projects/FoundryVTT/DakksUltimateTokens/art/spells/teleport-without-error.webp; non-physical subject (emblem kind — see header); a usable library icon already exists — regenerate only for the unified look"
"temporal-stasis.webp","Temporal Stasis","emblem","—","item icon","Spell effect as an object: an hourglass suspended mid-turn","P3","C:/Projects/FoundryVTT/DakksUltimateTokens/art/spells/temporal-stasis.webp; non-physical subject (emblem kind — see header); a usable library icon already exists — regenerate only for the unified look"
"time-stop.webp","Time Stop","emblem","—","item icon","Spell effect as an object: an hourglass suspended mid-turn","P3","C:/Projects/FoundryVTT/DakksUltimateTokens/art/spells/time-stop.webp; non-physical subject (emblem kind — see header); a usable library icon already exists — regenerate only for the unified look"
"tongues.webp","Tongues","emblem","—","item icon","An arcane sigil of alteration","P3","C:/Projects/FoundryVTT/DakksUltimateTokens/art/spells/tongues.webp; non-physical subject (emblem kind — see header); a usable library icon already exists — regenerate only for the unified look; SHARED FILE — also serves spell.divine.tongues (ad2e-core/spells-divine)"
"transmute-metal-to-wood.webp","Transmute Metal to Wood","emblem","—","item icon","Spell effect as an object: a coil of living vines","P3","C:/Projects/FoundryVTT/DakksUltimateTokens/art/spells/transmute-metal-to-wood.webp; non-physical subject (emblem kind — see header); a usable library icon already exists — regenerate only for the unified look"
"transmute-rock-to-mud.webp","Transmute Rock to Mud","emblem","—","item icon","Spell effect as an object: a hovering shard of stone","P3","C:/Projects/FoundryVTT/DakksUltimateTokens/art/spells/transmute-rock-to-mud.webp; non-physical subject (emblem kind — see header); a usable library icon already exists — regenerate only for the unified look; SHARED FILE — also serves spell.divine.transmute-rock-to-mud (ad2e-core/spells-divine)"
"transmute-water-to-dust.webp","Transmute Water to Dust","emblem","—","item icon","Spell effect as an object: a curling wave of water","P3","C:/Projects/FoundryVTT/DakksUltimateTokens/art/spells/transmute-water-to-dust.webp; non-physical subject (emblem kind — see header); a usable library icon already exists — regenerate only for the unified look; SHARED FILE — also serves spell.divine.transmute-water-to-dust (ad2e-core/spells-divine)"
"transport-via-plants.webp","Transport Via Plants","emblem","—","item icon","Spell effect as an object: a coil of living vines","P3","C:/Projects/FoundryVTT/DakksUltimateTokens/art/spells/transport-via-plants.webp; non-physical subject (emblem kind — see header); a usable library icon already exists — regenerate only for the unified look"
"trap-the-soul.webp","Trap the Soul","emblem","—","item icon","Spell effect as an object: a pale skull wreathed in grave-light","P3","C:/Projects/FoundryVTT/DakksUltimateTokens/art/spells/trap-the-soul.webp; non-physical subject (emblem kind — see header); a usable library icon already exists — regenerate only for the unified look"
"tree.webp","Tree","emblem","—","item icon","Spell effect as an object: a coil of living vines","P3","C:/Projects/FoundryVTT/DakksUltimateTokens/art/spells/tree.webp; non-physical subject (emblem kind — see header); a usable library icon already exists — regenerate only for the unified look"
"trip.webp","Trip","emblem","—","item icon","A divine sigil of the plant sphere","P3","C:/Projects/FoundryVTT/DakksUltimateTokens/art/spells/trip.webp; non-physical subject (emblem kind — see header); a usable library icon already exists — regenerate only for the unified look"
"true-seeing.webp","True Seeing","emblem","—","item icon","Spell effect as an object: an unblinking arcane eye","P3","C:/Projects/FoundryVTT/DakksUltimateTokens/art/spells/true-seeing.webp; non-physical subject (emblem kind — see header); a usable library icon already exists — regenerate only for the unified look; SHARED FILE — also serves spell.divine.true-seeing (ad2e-core/spells-divine)"
"turn-wood.webp","Turn Wood","emblem","—","item icon","Spell effect as an object: a coil of living vines","P3","C:/Projects/FoundryVTT/DakksUltimateTokens/art/spells/turn-wood.webp; non-physical subject (emblem kind — see header); a usable library icon already exists — regenerate only for the unified look"
"uncontrollable-hideous-laughter.webp","Uncontrollable Hideous Laughter","emblem","—","item icon","An arcane sigil of enchantment","P3","C:/Projects/FoundryVTT/DakksUltimateTokens/art/spells/uncontrollable-hideous-laughter.webp; non-physical subject (emblem kind — see header); a usable library icon already exists — regenerate only for the unified look"
"unseen-servant.webp","Unseen Servant","emblem","—","item icon","Spell effect as an object: a fading translucent outline","P3","C:/Projects/FoundryVTT/DakksUltimateTokens/art/spells/unseen-servant.webp; non-physical subject (emblem kind — see header); a usable library icon already exists — regenerate only for the unified look"
"vacancy.webp","Vacancy","emblem","—","item icon","Spell effect as an object: a shimmering double-faced mask","P3","C:/Projects/FoundryVTT/DakksUltimateTokens/art/spells/vacancy.webp; non-physical subject (emblem kind — see header); a usable library icon already exists — regenerate only for the unified look"
"vampiric-touch.webp","Vampiric Touch","emblem","—","item icon","Spell effect as an object: a pale skull wreathed in grave-light","P3","C:/Projects/FoundryVTT/DakksUltimateTokens/art/spells/vampiric-touch.webp; non-physical subject (emblem kind — see header); a usable library icon already exists — regenerate only for the unified look"
"vanish.webp","Vanish","emblem","—","item icon","Spell effect as an object: a fading translucent outline","P3","C:/Projects/FoundryVTT/DakksUltimateTokens/art/spells/vanish.webp; non-physical subject (emblem kind — see header); a usable library icon already exists — regenerate only for the unified look"
"veil.webp","Veil","emblem","—","item icon","Spell effect as an object: a shimmering double-faced mask","P3","C:/Projects/FoundryVTT/DakksUltimateTokens/art/spells/veil.webp; non-physical subject (emblem kind — see header); a usable library icon already exists — regenerate only for the unified look"
"ventriloquism.webp","Ventriloquism","emblem","—","item icon","An arcane sigil of illusion","P3","C:/Projects/FoundryVTT/DakksUltimateTokens/art/spells/ventriloquism.webp; non-physical subject (emblem kind — see header); a usable library icon already exists — regenerate only for the unified look"
"vision.webp","Vision","emblem","—","item icon","Spell effect as an object: an unblinking arcane eye","P3","C:/Projects/FoundryVTT/DakksUltimateTokens/art/spells/vision.webp; non-physical subject (emblem kind — see header); a usable library icon already exists — regenerate only for the unified look"
"wall-of-fire.webp","Wall of Fire","emblem","—","item icon","Spell effect as an object: a contained burst of flame","P3","C:/Projects/FoundryVTT/DakksUltimateTokens/art/spells/wall-of-fire.webp; non-physical subject (emblem kind — see header); a usable library icon already exists — regenerate only for the unified look; SHARED FILE — also serves spell.divine.wall-of-fire (ad2e-core/spells-divine)"
"wall-of-fog.webp","Wall of Fog","emblem","—","item icon","Spell effect as an object: a dark churning storm cloud","P3","C:/Projects/FoundryVTT/DakksUltimateTokens/art/spells/wall-of-fog.webp; non-physical subject (emblem kind — see header); a usable library icon already exists — regenerate only for the unified look"
"wall-of-force.webp","Wall of Force","emblem","—","item icon","Spell effect as an object: a clenched fist wreathed in power","P3","C:/Projects/FoundryVTT/DakksUltimateTokens/art/spells/wall-of-force.webp; non-physical subject (emblem kind — see header); a usable library icon already exists — regenerate only for the unified look"
"wall-of-ice.webp","Wall of Ice","emblem","—","item icon","Spell effect as an object: a jagged spray of frost and ice","P3","C:/Projects/FoundryVTT/DakksUltimateTokens/art/spells/wall-of-ice.webp; non-physical subject (emblem kind — see header); a usable library icon already exists — regenerate only for the unified look"
"wall-of-iron.webp","Wall of Iron","emblem","—","item icon","An arcane sigil of evocation","P3","C:/Projects/FoundryVTT/DakksUltimateTokens/art/spells/wall-of-iron.webp; non-physical subject (emblem kind — see header); a usable library icon already exists — regenerate only for the unified look"
"wall-of-stone.webp","Wall of Stone","emblem","—","item icon","Spell effect as an object: a hovering shard of stone","P3","C:/Projects/FoundryVTT/DakksUltimateTokens/art/spells/wall-of-stone.webp; non-physical subject (emblem kind — see header); a usable library icon already exists — regenerate only for the unified look"
"wall-of-thorns.webp","Wall of Thorns","emblem","—","item icon","Spell effect as an object: a coil of living vines","P3","C:/Projects/FoundryVTT/DakksUltimateTokens/art/spells/wall-of-thorns.webp; non-physical subject (emblem kind — see header); a usable library icon already exists — regenerate only for the unified look"
"warp-wood.webp","Warp Wood","emblem","—","item icon","Spell effect as an object: a coil of living vines","P3","C:/Projects/FoundryVTT/DakksUltimateTokens/art/spells/warp-wood.webp; non-physical subject (emblem kind — see header); a usable library icon already exists — regenerate only for the unified look"
"water-breathing.webp","Water Breathing","emblem","—","item icon","Spell effect as an object: a curling wave of water","P3","C:/Projects/FoundryVTT/DakksUltimateTokens/art/spells/water-breathing.webp; non-physical subject (emblem kind — see header); a usable library icon already exists — regenerate only for the unified look; SHARED FILE — also serves spell.divine.water-breathing (ad2e-core/spells-divine)"
"water-walk.webp","Water Walk","emblem","—","item icon","Spell effect as an object: a curling wave of water","P3","C:/Projects/FoundryVTT/DakksUltimateTokens/art/spells/water-walk.webp; non-physical subject (emblem kind — see header); a usable library icon already exists — regenerate only for the unified look"
"weather-summoning.webp","Weather Summoning","emblem","—","item icon","Spell effect as an object: a dark churning storm cloud","P3","C:/Projects/FoundryVTT/DakksUltimateTokens/art/spells/weather-summoning.webp; non-physical subject (emblem kind — see header); a usable library icon already exists — regenerate only for the unified look"
"web.webp","Web","emblem","—","item icon","An arcane sigil of evocation","P3","C:/Projects/FoundryVTT/DakksUltimateTokens/art/spells/web.webp; non-physical subject (emblem kind — see header); a usable library icon already exists — regenerate only for the unified look"
"weird.webp","Weird","emblem","—","item icon","An arcane sigil of illusion","P3","C:/Projects/FoundryVTT/DakksUltimateTokens/art/spells/weird.webp; non-physical subject (emblem kind — see header); a usable library icon already exists — regenerate only for the unified look"
"whispering-wind.webp","Whispering Wind","emblem","—","item icon","Spell effect as an object: a spiral of rushing wind","P3","C:/Projects/FoundryVTT/DakksUltimateTokens/art/spells/whispering-wind.webp; non-physical subject (emblem kind — see header); a usable library icon already exists — regenerate only for the unified look"
"wind-walk.webp","Wind Walk","emblem","—","item icon","Spell effect as an object: a spiral of rushing wind","P3","C:/Projects/FoundryVTT/DakksUltimateTokens/art/spells/wind-walk.webp; non-physical subject (emblem kind — see header); a usable library icon already exists — regenerate only for the unified look"
"wind-wall.webp","Wind Wall","emblem","—","item icon","Spell effect as an object: a spiral of rushing wind","P3","C:/Projects/FoundryVTT/DakksUltimateTokens/art/spells/wind-wall.webp; non-physical subject (emblem kind — see header); a usable library icon already exists — regenerate only for the unified look"
"wish.webp","Wish","emblem","—","item icon","Spell effect as an object: a brilliant golden star","P3","C:/Projects/FoundryVTT/DakksUltimateTokens/art/spells/wish.webp; non-physical subject (emblem kind — see header); a usable library icon already exists — regenerate only for the unified look"
"withdraw.webp","Withdraw","emblem","—","item icon","A divine sigil of the protection sphere","P3","C:/Projects/FoundryVTT/DakksUltimateTokens/art/spells/withdraw.webp; non-physical subject (emblem kind — see header); a usable library icon already exists — regenerate only for the unified look"
"wizard-eye.webp","Wizard Eye","emblem","—","item icon","Spell effect as an object: an unblinking arcane eye","P3","C:/Projects/FoundryVTT/DakksUltimateTokens/art/spells/wizard-eye.webp; non-physical subject (emblem kind — see header); a usable library icon already exists — regenerate only for the unified look"
"wizard-lock.webp","Wizard Lock","emblem","—","item icon","An arcane sigil of universal","P3","C:/Projects/FoundryVTT/DakksUltimateTokens/art/spells/wizard-lock.webp; non-physical subject (emblem kind — see header); a usable library icon already exists — regenerate only for the unified look"
"wizard-mark.webp","Wizard Mark","emblem","—","item icon","Spell effect as an object: a carved glowing rune","P3","C:/Projects/FoundryVTT/DakksUltimateTokens/art/spells/wizard-mark.webp; non-physical subject (emblem kind — see header); a usable library icon already exists — regenerate only for the unified look"
"word-of-recall.webp","Word of Recall","emblem","—","item icon","Spell effect as an object: a swirling portal vortex","P3","C:/Projects/FoundryVTT/DakksUltimateTokens/art/spells/word-of-recall.webp; non-physical subject (emblem kind — see header); a usable library icon already exists — regenerate only for the unified look"
"wraith-form.webp","Wraith Form","emblem","—","item icon","Spell effect as an object: a pale skull wreathed in grave-light","P3","C:/Projects/FoundryVTT/DakksUltimateTokens/art/spells/wraith-form.webp; non-physical subject (emblem kind — see header); a usable library icon already exists — regenerate only for the unified look"
"wyvern-watch.webp","Wyvern Watch","emblem","—","item icon","A divine sigil of the guardian sphere","P3","C:/Projects/FoundryVTT/DakksUltimateTokens/art/spells/wyvern-watch.webp; non-physical subject (emblem kind — see header); a usable library icon already exists — regenerate only for the unified look"
"armor-enchantment-modifier.webp","Magical Armor Enchantment Modifier","emblem","—","item icon","Small evocative table emblem: an emblem of magical armor enchantment modifier","P3","C:/Projects/FoundryVTT/DakksUltimateTokens/art/tables/armor-enchantment-modifier.webp; non-physical subject (emblem kind — see header); a usable library icon already exists — regenerate only for the unified look"
"armor-type.webp","Magical Armor Type","emblem","—","item icon","Small evocative table emblem: an emblem of magical armor type","P3","C:/Projects/FoundryVTT/DakksUltimateTokens/art/tables/armor-type.webp; non-physical subject (emblem kind — see header); a usable library icon already exists — regenerate only for the unified look"
"art-objects.webp","Objects of Art","emblem","—","item icon","Small evocative table emblem: an emblem of objects of art","P3","C:/Projects/FoundryVTT/DakksUltimateTokens/art/tables/art-objects.webp; non-physical subject (emblem kind — see header); a usable library icon already exists — regenerate only for the unified look"
"art-value-variation.webp","Objects of Art Value Variation","emblem","—","item icon","Small evocative table emblem: an emblem of objects of art value variation","P3","C:/Projects/FoundryVTT/DakksUltimateTokens/art/tables/art-value-variation.webp; non-physical subject (emblem kind — see header); a usable library icon already exists — regenerate only for the unified look"
"bags-and-bottles.webp","Bags and Bottles","emblem","—","item icon","Small evocative table emblem: an emblem of bags and bottles","P3","C:/Projects/FoundryVTT/DakksUltimateTokens/art/tables/bags-and-bottles.webp; non-physical subject (emblem kind — see header); a usable library icon already exists — regenerate only for the unified look"
"books-and-tomes.webp","Books and Tomes","emblem","—","item icon","Small evocative table emblem: an emblem of books and tomes","P3","C:/Projects/FoundryVTT/DakksUltimateTokens/art/tables/books-and-tomes.webp; non-physical subject (emblem kind — see header); a usable library icon already exists — regenerate only for the unified look"
"boots-and-gloves.webp","Boots and Gloves","emblem","—","item icon","Small evocative table emblem: an emblem of boots and gloves","P3","C:/Projects/FoundryVTT/DakksUltimateTokens/art/tables/boots-and-gloves.webp; non-physical subject (emblem kind — see header); a usable library icon already exists — regenerate only for the unified look"
"candles-dusts-and-stones.webp","Candles, Dusts, and Stones","emblem","—","item icon","Small evocative table emblem: an emblem of candles dusts and stones","P3","C:/Projects/FoundryVTT/DakksUltimateTokens/art/tables/candles-dusts-and-stones.webp; non-physical subject (emblem kind — see header); a usable library icon already exists — regenerate only for the unified look"
"cloaks-and-robes.webp","Cloaks and Robes","emblem","—","item icon","Small evocative table emblem: an emblem of cloaks and robes","P3","C:/Projects/FoundryVTT/DakksUltimateTokens/art/tables/cloaks-and-robes.webp; non-physical subject (emblem kind — see header); a usable library icon already exists — regenerate only for the unified look"
"combined-hoard.webp","Combined Hoard Table","emblem","—","item icon","Small evocative table emblem: a small treasure pile with spilled coins","P3","C:/Projects/FoundryVTT/DakksUltimateTokens/art/tables/combined-hoard.webp; non-physical subject (emblem kind — see header); a usable library icon already exists — regenerate only for the unified look"
"encounter-2-20.webp","2-20 Encounter Table","emblem","—","item icon","Small evocative table emblem: crossed gaming dice","P3","C:/Projects/FoundryVTT/DakksUltimateTokens/art/tables/encounter-2-20.webp; non-physical subject (emblem kind — see header); a usable library icon already exists — regenerate only for the unified look"
"encounter-distance.webp","Encounter Distance","emblem","—","item icon","Small evocative table emblem: crossed gaming dice","P3","C:/Projects/FoundryVTT/DakksUltimateTokens/art/tables/encounter-distance.webp; non-physical subject (emblem kind — see header); a usable library icon already exists — regenerate only for the unified look"
"encounter-frequency.webp","Encounter Frequency","emblem","—","item icon","Small evocative table emblem: crossed gaming dice","P3","C:/Projects/FoundryVTT/DakksUltimateTokens/art/tables/encounter-frequency.webp; non-physical subject (emblem kind — see header); a usable library icon already exists — regenerate only for the unified look"
"friendly.webp","Encounter Reaction — Party Friendly","emblem","—","item icon","Small evocative table emblem: crossed gaming dice","P3","C:/Projects/FoundryVTT/DakksUltimateTokens/art/tables/friendly.webp; non-physical subject (emblem kind — see header); a usable library icon already exists — regenerate only for the unified look"
"gem-value-variation.webp","Gem Value Variation","emblem","—","item icon","Small evocative table emblem: a small treasure pile with spilled coins","P3","C:/Projects/FoundryVTT/DakksUltimateTokens/art/tables/gem-value-variation.webp; non-physical subject (emblem kind — see header); a usable library icon already exists — regenerate only for the unified look"
"gems.webp","Random Gemstones","emblem","—","item icon","Small evocative table emblem: a small treasure pile with spilled coins","P3","C:/Projects/FoundryVTT/DakksUltimateTokens/art/tables/gems.webp; non-physical subject (emblem kind — see header); a usable library icon already exists — regenerate only for the unified look"
"girdles-and-helms.webp","Girdles and Helms","emblem","—","item icon","Small evocative table emblem: an emblem of girdles and helms","P3","C:/Projects/FoundryVTT/DakksUltimateTokens/art/tables/girdles-and-helms.webp; non-physical subject (emblem kind — see header); a usable library icon already exists — regenerate only for the unified look"
"hostile.webp","Encounter Reaction — Party Hostile","emblem","—","item icon","Small evocative table emblem: crossed gaming dice","P3","C:/Projects/FoundryVTT/DakksUltimateTokens/art/tables/hostile.webp; non-physical subject (emblem kind — see header); a usable library icon already exists — regenerate only for the unified look"
"household-items-and-tools.webp","Household Items and Tools","emblem","—","item icon","Small evocative table emblem: an emblem of household items and tools","P3","C:/Projects/FoundryVTT/DakksUltimateTokens/art/tables/household-items-and-tools.webp; non-physical subject (emblem kind — see header); a usable library icon already exists — regenerate only for the unified look"
"indifferent.webp","Encounter Reaction — Party Indifferent","emblem","—","item icon","Small evocative table emblem: crossed gaming dice","P3","C:/Projects/FoundryVTT/DakksUltimateTokens/art/tables/indifferent.webp; non-physical subject (emblem kind — see header); a usable library icon already exists — regenerate only for the unified look"
"jewelry-and-trinkets.webp","Jewelry and Trinkets","emblem","—","item icon","Small evocative table emblem: a small treasure pile with spilled coins","P3","C:/Projects/FoundryVTT/DakksUltimateTokens/art/tables/jewelry-and-trinkets.webp; non-physical subject (emblem kind — see header); a usable library icon already exists — regenerate only for the unified look"
"jewels-and-jewelry.webp","Jewels & Jewelry (magical)","emblem","—","item icon","Small evocative table emblem: a small treasure pile with spilled coins","P3","C:/Projects/FoundryVTT/DakksUltimateTokens/art/tables/jewels-and-jewelry.webp; non-physical subject (emblem kind — see header); a usable library icon already exists — regenerate only for the unified look"
"jewels-and-jewelry-a.webp","Jewels & Jewelry — Sub-Table A","emblem","—","item icon","Small evocative table emblem: a small treasure pile with spilled coins","P3","C:/Projects/FoundryVTT/DakksUltimateTokens/art/tables/jewels-and-jewelry-a.webp; non-physical subject (emblem kind — see header); a usable library icon already exists — regenerate only for the unified look"
"jewels-and-jewelry-b.webp","Jewels & Jewelry — Sub-Table B","emblem","—","item icon","Small evocative table emblem: a small treasure pile with spilled coins","P3","C:/Projects/FoundryVTT/DakksUltimateTokens/art/tables/jewels-and-jewelry-b.webp; non-physical subject (emblem kind — see header); a usable library icon already exists — regenerate only for the unified look"
"magic-hoard.webp","Magic Hoard Table","emblem","—","item icon","Small evocative table emblem: a small treasure pile with spilled coins","P3","C:/Projects/FoundryVTT/DakksUltimateTokens/art/tables/magic-hoard.webp; non-physical subject (emblem kind — see header); a usable library icon already exists — regenerate only for the unified look"
"magic-items.webp","Magical Items","emblem","—","item icon","Small evocative table emblem: an emblem of magical items","P3","C:/Projects/FoundryVTT/DakksUltimateTokens/art/tables/magic-items.webp; non-physical subject (emblem kind — see header); a usable library icon already exists — regenerate only for the unified look"
"map.webp","Map Table","emblem","—","item icon","Small evocative table emblem: an emblem of map table","P3","C:/Projects/FoundryVTT/DakksUltimateTokens/art/tables/map.webp; non-physical subject (emblem kind — see header); a usable library icon already exists — regenerate only for the unified look"
"map-distance.webp","Map Distance Table","emblem","—","item icon","Small evocative table emblem: an emblem of map distance table","P3","C:/Projects/FoundryVTT/DakksUltimateTokens/art/tables/map-distance.webp; non-physical subject (emblem kind — see header); a usable library icon already exists — regenerate only for the unified look"
"map-location.webp","Map Location Table","emblem","—","item icon","Small evocative table emblem: an emblem of map location table","P3","C:/Projects/FoundryVTT/DakksUltimateTokens/art/tables/map-location.webp; non-physical subject (emblem kind — see header); a usable library icon already exists — regenerate only for the unified look"
"monetary-hoard.webp","Monetary Hoard Table","emblem","—","item icon","Small evocative table emblem: a small treasure pile with spilled coins","P3","C:/Projects/FoundryVTT/DakksUltimateTokens/art/tables/monetary-hoard.webp; non-physical subject (emblem kind — see header); a usable library icon already exists — regenerate only for the unified look"
"musical-instruments.webp","Musical Instruments","emblem","—","item icon","Small evocative table emblem: an emblem of musical instruments","P3","C:/Projects/FoundryVTT/DakksUltimateTokens/art/tables/musical-instruments.webp; non-physical subject (emblem kind — see header); a usable library icon already exists — regenerate only for the unified look"
"odd-curios.webp","Odd Curios","emblem","—","item icon","Small evocative table emblem: an emblem of odd curios","P3","C:/Projects/FoundryVTT/DakksUltimateTokens/art/tables/odd-curios.webp; non-physical subject (emblem kind — see header); a usable library icon already exists — regenerate only for the unified look"
"odd-curios-a.webp","Odd Curios — Sub-Table A","emblem","—","item icon","Small evocative table emblem: an emblem of odd curios - sub-table a","P3","C:/Projects/FoundryVTT/DakksUltimateTokens/art/tables/odd-curios-a.webp; non-physical subject (emblem kind — see header); a usable library icon already exists — regenerate only for the unified look"
"odd-curios-b.webp","Odd Curios — second sub-table","emblem","—","item icon","Small evocative table emblem: an emblem of odd curios - second sub-table","P3","C:/Projects/FoundryVTT/DakksUltimateTokens/art/tables/odd-curios-b.webp; non-physical subject (emblem kind — see header); a usable library icon already exists — regenerate only for the unified look"
"potion-incompatibility.webp","Potion Incompatibility","emblem","—","item icon","Small evocative table emblem: an emblem of potion incompatibility","P3","C:/Projects/FoundryVTT/DakksUltimateTokens/art/tables/potion-incompatibility.webp; non-physical subject (emblem kind — see header); a usable library icon already exists — regenerate only for the unified look"
"potions.webp","Potions","emblem","—","item icon","Small evocative table emblem: an emblem of potions","P3","C:/Projects/FoundryVTT/DakksUltimateTokens/art/tables/potions.webp; non-physical subject (emblem kind — see header); a usable library icon already exists — regenerate only for the unified look"
"potions-a.webp","Potions — Sub-Table A","emblem","—","item icon","Small evocative table emblem: an emblem of potions - sub-table a","P3","C:/Projects/FoundryVTT/DakksUltimateTokens/art/tables/potions-a.webp; non-physical subject (emblem kind — see header); a usable library icon already exists — regenerate only for the unified look"
"potions-b.webp","Potions — Sub-Table B","emblem","—","item icon","Small evocative table emblem: an emblem of potions - sub-table b","P3","C:/Projects/FoundryVTT/DakksUltimateTokens/art/tables/potions-b.webp; non-physical subject (emblem kind — see header); a usable library icon already exists — regenerate only for the unified look"
"potions-c.webp","Potions — Sub-Table C","emblem","—","item icon","Small evocative table emblem: an emblem of potions - sub-table c","P3","C:/Projects/FoundryVTT/DakksUltimateTokens/art/tables/potions-c.webp; non-physical subject (emblem kind — see header); a usable library icon already exists — regenerate only for the unified look"
"rings.webp","Rings","emblem","—","item icon","Small evocative table emblem: an emblem of rings","P3","C:/Projects/FoundryVTT/DakksUltimateTokens/art/tables/rings.webp; non-physical subject (emblem kind — see header); a usable library icon already exists — regenerate only for the unified look"
"rings-a.webp","Rings — Sub-Table A","emblem","—","item icon","Small evocative table emblem: an emblem of rings - sub-table a","P3","C:/Projects/FoundryVTT/DakksUltimateTokens/art/tables/rings-a.webp; non-physical subject (emblem kind — see header); a usable library icon already exists — regenerate only for the unified look"
"rings-b.webp","Rings — Sub-Table B","emblem","—","item icon","Small evocative table emblem: an emblem of rings - sub-table b","P3","C:/Projects/FoundryVTT/DakksUltimateTokens/art/tables/rings-b.webp; non-physical subject (emblem kind — see header); a usable library icon already exists — regenerate only for the unified look"
"rods.webp","Rods","emblem","—","item icon","Small evocative table emblem: an emblem of rods","P3","C:/Projects/FoundryVTT/DakksUltimateTokens/art/tables/rods.webp; non-physical subject (emblem kind — see header); a usable library icon already exists — regenerate only for the unified look"
"scrolls.webp","Scrolls","emblem","—","item icon","Small evocative table emblem: an emblem of scrolls","P3","C:/Projects/FoundryVTT/DakksUltimateTokens/art/tables/scrolls.webp; non-physical subject (emblem kind — see header); a usable library icon already exists — regenerate only for the unified look"
"scrolls-a.webp","Scrolls — Sub-Table A (Protection)","emblem","—","item icon","Small evocative table emblem: an emblem of protection scrolls - sub-table a","P3","C:/Projects/FoundryVTT/DakksUltimateTokens/art/tables/scrolls-a.webp; non-physical subject (emblem kind — see header); a usable library icon already exists — regenerate only for the unified look"
"scrolls-b.webp","Scrolls — Sub-Table B (Spell Scrolls)","emblem","—","item icon","Small evocative table emblem: an emblem of spell scrolls scrolls - sub-table b","P3","C:/Projects/FoundryVTT/DakksUltimateTokens/art/tables/scrolls-b.webp; non-physical subject (emblem kind — see header); a usable library icon already exists — regenerate only for the unified look"
"special-armors.webp","Special Armors","emblem","—","item icon","Small evocative table emblem: an emblem of special armors","P3","C:/Projects/FoundryVTT/DakksUltimateTokens/art/tables/special-armors.webp; non-physical subject (emblem kind — see header); a usable library icon already exists — regenerate only for the unified look"
"special-weapons.webp","Special Weapons","emblem","—","item icon","Small evocative table emblem: an emblem of special weapons","P3","C:/Projects/FoundryVTT/DakksUltimateTokens/art/tables/special-weapons.webp; non-physical subject (emblem kind — see header); a usable library icon already exists — regenerate only for the unified look"
"special-weapons-a.webp","Special Weapons — Sub-Table A","emblem","—","item icon","Small evocative table emblem: an emblem of special weapons - sub-table a","P3","C:/Projects/FoundryVTT/DakksUltimateTokens/art/tables/special-weapons-a.webp; non-physical subject (emblem kind — see header); a usable library icon already exists — regenerate only for the unified look"
"special-weapons-b.webp","Special Weapons — Sub-Table B","emblem","—","item icon","Small evocative table emblem: an emblem of special weapons - sub-table b","P3","C:/Projects/FoundryVTT/DakksUltimateTokens/art/tables/special-weapons-b.webp; non-physical subject (emblem kind — see header); a usable library icon already exists — regenerate only for the unified look"
"special-weapons-c.webp","Special Weapons — Sub-Table C","emblem","—","item icon","Small evocative table emblem: an emblem of special weapons - sub-table c","P3","C:/Projects/FoundryVTT/DakksUltimateTokens/art/tables/special-weapons-c.webp; non-physical subject (emblem kind — see header); a usable library icon already exists — regenerate only for the unified look"
"special-weapons-d.webp","Special Weapons — Sub-Table D","emblem","—","item icon","Small evocative table emblem: an emblem of special weapons - sub-table d","P3","C:/Projects/FoundryVTT/DakksUltimateTokens/art/tables/special-weapons-d.webp; non-physical subject (emblem kind — see header); a usable library icon already exists — regenerate only for the unified look"
"spell-failure.webp","Spell Scroll Failure","emblem","—","item icon","Small evocative table emblem: an emblem of spell scroll failure","P3","C:/Projects/FoundryVTT/DakksUltimateTokens/art/tables/spell-failure.webp; non-physical subject (emblem kind — see header); a usable library icon already exists — regenerate only for the unified look"
"staves.webp","Staves","emblem","—","item icon","Small evocative table emblem: an emblem of staves","P3","C:/Projects/FoundryVTT/DakksUltimateTokens/art/tables/staves.webp; non-physical subject (emblem kind — see header); a usable library icon already exists — regenerate only for the unified look"
"threatening.webp","Encounter Reaction — Party Threatening","emblem","—","item icon","Small evocative table emblem: crossed gaming dice","P3","C:/Projects/FoundryVTT/DakksUltimateTokens/art/tables/threatening.webp; non-physical subject (emblem kind — see header); a usable library icon already exists — regenerate only for the unified look"
"treasure-a.webp","Treasure Type A","emblem","—","item icon","Small evocative table emblem: a small treasure pile with spilled coins","P3","C:/Projects/FoundryVTT/DakksUltimateTokens/art/tables/treasure-a.webp; non-physical subject (emblem kind — see header); a usable library icon already exists — regenerate only for the unified look"
"treasure-b.webp","Treasure Type B","emblem","—","item icon","Small evocative table emblem: a small treasure pile with spilled coins","P3","C:/Projects/FoundryVTT/DakksUltimateTokens/art/tables/treasure-b.webp; non-physical subject (emblem kind — see header); a usable library icon already exists — regenerate only for the unified look"
"treasure-c.webp","Treasure Type C","emblem","—","item icon","Small evocative table emblem: a small treasure pile with spilled coins","P3","C:/Projects/FoundryVTT/DakksUltimateTokens/art/tables/treasure-c.webp; non-physical subject (emblem kind — see header); a usable library icon already exists — regenerate only for the unified look"
"treasure-container.webp","Treasure Container","emblem","—","item icon","Small evocative table emblem: a small treasure pile with spilled coins","P3","C:/Projects/FoundryVTT/DakksUltimateTokens/art/tables/treasure-container.webp; non-physical subject (emblem kind — see header); a usable library icon already exists — regenerate only for the unified look"
"treasure-d.webp","Treasure Type D","emblem","—","item icon","Small evocative table emblem: a small treasure pile with spilled coins","P3","C:/Projects/FoundryVTT/DakksUltimateTokens/art/tables/treasure-d.webp; non-physical subject (emblem kind — see header); a usable library icon already exists — regenerate only for the unified look"
"treasure-e.webp","Treasure Type E","emblem","—","item icon","Small evocative table emblem: a small treasure pile with spilled coins","P3","C:/Projects/FoundryVTT/DakksUltimateTokens/art/tables/treasure-e.webp; non-physical subject (emblem kind — see header); a usable library icon already exists — regenerate only for the unified look"
"treasure-f.webp","Treasure Type F","emblem","—","item icon","Small evocative table emblem: a small treasure pile with spilled coins","P3","C:/Projects/FoundryVTT/DakksUltimateTokens/art/tables/treasure-f.webp; non-physical subject (emblem kind — see header); a usable library icon already exists — regenerate only for the unified look"
"treasure-g.webp","Treasure Type G","emblem","—","item icon","Small evocative table emblem: a small treasure pile with spilled coins","P3","C:/Projects/FoundryVTT/DakksUltimateTokens/art/tables/treasure-g.webp; non-physical subject (emblem kind — see header); a usable library icon already exists — regenerate only for the unified look"
"treasure-h.webp","Treasure Type H","emblem","—","item icon","Small evocative table emblem: a small treasure pile with spilled coins","P3","C:/Projects/FoundryVTT/DakksUltimateTokens/art/tables/treasure-h.webp; non-physical subject (emblem kind — see header); a usable library icon already exists — regenerate only for the unified look"
"treasure-hiding.webp","Treasure Hiding","emblem","—","item icon","Small evocative table emblem: a small treasure pile with spilled coins","P3","C:/Projects/FoundryVTT/DakksUltimateTokens/art/tables/treasure-hiding.webp; non-physical subject (emblem kind — see header); a usable library icon already exists — regenerate only for the unified look"
"treasure-i.webp","Treasure Type I","emblem","—","item icon","Small evocative table emblem: a small treasure pile with spilled coins","P3","C:/Projects/FoundryVTT/DakksUltimateTokens/art/tables/treasure-i.webp; non-physical subject (emblem kind — see header); a usable library icon already exists — regenerate only for the unified look"
"treasure-j.webp","Treasure Type J","emblem","—","item icon","Small evocative table emblem: a small treasure pile with spilled coins","P3","C:/Projects/FoundryVTT/DakksUltimateTokens/art/tables/treasure-j.webp; non-physical subject (emblem kind — see header); a usable library icon already exists — regenerate only for the unified look"
"treasure-k.webp","Treasure Type K","emblem","—","item icon","Small evocative table emblem: a small treasure pile with spilled coins","P3","C:/Projects/FoundryVTT/DakksUltimateTokens/art/tables/treasure-k.webp; non-physical subject (emblem kind — see header); a usable library icon already exists — regenerate only for the unified look"
"treasure-l.webp","Treasure Type L","emblem","—","item icon","Small evocative table emblem: a small treasure pile with spilled coins","P3","C:/Projects/FoundryVTT/DakksUltimateTokens/art/tables/treasure-l.webp; non-physical subject (emblem kind — see header); a usable library icon already exists — regenerate only for the unified look"
"treasure-m.webp","Treasure Type M","emblem","—","item icon","Small evocative table emblem: a small treasure pile with spilled coins","P3","C:/Projects/FoundryVTT/DakksUltimateTokens/art/tables/treasure-m.webp; non-physical subject (emblem kind — see header); a usable library icon already exists — regenerate only for the unified look"
"treasure-n.webp","Treasure Type N","emblem","—","item icon","Small evocative table emblem: a small treasure pile with spilled coins","P3","C:/Projects/FoundryVTT/DakksUltimateTokens/art/tables/treasure-n.webp; non-physical subject (emblem kind — see header); a usable library icon already exists — regenerate only for the unified look"
"treasure-o.webp","Treasure Type O","emblem","—","item icon","Small evocative table emblem: a small treasure pile with spilled coins","P3","C:/Projects/FoundryVTT/DakksUltimateTokens/art/tables/treasure-o.webp; non-physical subject (emblem kind — see header); a usable library icon already exists — regenerate only for the unified look"
"treasure-p.webp","Treasure Type P","emblem","—","item icon","Small evocative table emblem: a small treasure pile with spilled coins","P3","C:/Projects/FoundryVTT/DakksUltimateTokens/art/tables/treasure-p.webp; non-physical subject (emblem kind — see header); a usable library icon already exists — regenerate only for the unified look"
"treasure-q.webp","Treasure Type Q","emblem","—","item icon","Small evocative table emblem: a small treasure pile with spilled coins","P3","C:/Projects/FoundryVTT/DakksUltimateTokens/art/tables/treasure-q.webp; non-physical subject (emblem kind — see header); a usable library icon already exists — regenerate only for the unified look"
"treasure-r.webp","Treasure Type R","emblem","—","item icon","Small evocative table emblem: a small treasure pile with spilled coins","P3","C:/Projects/FoundryVTT/DakksUltimateTokens/art/tables/treasure-r.webp; non-physical subject (emblem kind — see header); a usable library icon already exists — regenerate only for the unified look"
"treasure-s.webp","Treasure Type S","emblem","—","item icon","Small evocative table emblem: a small treasure pile with spilled coins","P3","C:/Projects/FoundryVTT/DakksUltimateTokens/art/tables/treasure-s.webp; non-physical subject (emblem kind — see header); a usable library icon already exists — regenerate only for the unified look"
"treasure-t.webp","Treasure Type T","emblem","—","item icon","Small evocative table emblem: a small treasure pile with spilled coins","P3","C:/Projects/FoundryVTT/DakksUltimateTokens/art/tables/treasure-t.webp; non-physical subject (emblem kind — see header); a usable library icon already exists — regenerate only for the unified look"
"treasure-traps.webp","Treasure Traps","emblem","—","item icon","Small evocative table emblem: a small treasure pile with spilled coins","P3","C:/Projects/FoundryVTT/DakksUltimateTokens/art/tables/treasure-traps.webp; non-physical subject (emblem kind — see header); a usable library icon already exists — regenerate only for the unified look"
"treasure-u.webp","Treasure Type U","emblem","—","item icon","Small evocative table emblem: a small treasure pile with spilled coins","P3","C:/Projects/FoundryVTT/DakksUltimateTokens/art/tables/treasure-u.webp; non-physical subject (emblem kind — see header); a usable library icon already exists — regenerate only for the unified look"
"treasure-v.webp","Treasure Type V","emblem","—","item icon","Small evocative table emblem: a small treasure pile with spilled coins","P3","C:/Projects/FoundryVTT/DakksUltimateTokens/art/tables/treasure-v.webp; non-physical subject (emblem kind — see header); a usable library icon already exists — regenerate only for the unified look"
"treasure-w.webp","Treasure Type W","emblem","—","item icon","Small evocative table emblem: a small treasure pile with spilled coins","P3","C:/Projects/FoundryVTT/DakksUltimateTokens/art/tables/treasure-w.webp; non-physical subject (emblem kind — see header); a usable library icon already exists — regenerate only for the unified look"
"treasure-x.webp","Treasure Type X","emblem","—","item icon","Small evocative table emblem: a small treasure pile with spilled coins","P3","C:/Projects/FoundryVTT/DakksUltimateTokens/art/tables/treasure-x.webp; non-physical subject (emblem kind — see header); a usable library icon already exists — regenerate only for the unified look"
"treasure-y.webp","Treasure Type Y","emblem","—","item icon","Small evocative table emblem: a small treasure pile with spilled coins","P3","C:/Projects/FoundryVTT/DakksUltimateTokens/art/tables/treasure-y.webp; non-physical subject (emblem kind — see header); a usable library icon already exists — regenerate only for the unified look"
"treasure-z.webp","Treasure Type Z","emblem","—","item icon","Small evocative table emblem: a small treasure pile with spilled coins","P3","C:/Projects/FoundryVTT/DakksUltimateTokens/art/tables/treasure-z.webp; non-physical subject (emblem kind — see header); a usable library icon already exists — regenerate only for the unified look"
"wands.webp","Wands","emblem","—","item icon","Small evocative table emblem: an emblem of wands","P3","C:/Projects/FoundryVTT/DakksUltimateTokens/art/tables/wands.webp; non-physical subject (emblem kind — see header); a usable library icon already exists — regenerate only for the unified look"
"weapon-enchantment-modifier.webp","Magical Weapon Enchantment Modifier","emblem","—","item icon","Small evocative table emblem: an emblem of magical weapon enchantment modifier","P3","C:/Projects/FoundryVTT/DakksUltimateTokens/art/tables/weapon-enchantment-modifier.webp; non-physical subject (emblem kind — see header); a usable library icon already exists — regenerate only for the unified look"
"weapon-type.webp","Magical Weapon Type","emblem","—","item icon","Small evocative table emblem: an emblem of magical weapon type","P3","C:/Projects/FoundryVTT/DakksUltimateTokens/art/tables/weapon-type.webp; non-physical subject (emblem kind — see header); a usable library icon already exists — regenerate only for the unified look"
"weapon-type-a.webp","Magical Weapon Type — Sub-Table A","emblem","—","item icon","Small evocative table emblem: an emblem of magical weapon type - sub-table a","P3","C:/Projects/FoundryVTT/DakksUltimateTokens/art/tables/weapon-type-a.webp; non-physical subject (emblem kind — see header); a usable library icon already exists — regenerate only for the unified look"
"weapon-type-b.webp","Magical Weapon Type — Sub-Table B","emblem","—","item icon","Small evocative table emblem: an emblem of magical weapon type - sub-table b","P3","C:/Projects/FoundryVTT/DakksUltimateTokens/art/tables/weapon-type-b.webp; non-physical subject (emblem kind — see header); a usable library icon already exists — regenerate only for the unified look"
"accelerate.webp","Accelerate","emblem","—","item icon","A glowing psionic sigil","P3","C:/Projects/FoundryVTT/DakksUltimateTokens/art/abilities/accelerate.webp; non-physical subject (emblem kind — see header); a usable library icon already exists — regenerate only for the unified look"
"alter-features.webp","Alter Features","emblem","—","item icon","Psionic effect as an object: a silhouette caught mid-transformation","P3","C:/Projects/FoundryVTT/DakksUltimateTokens/art/abilities/alter-features.webp; non-physical subject (emblem kind — see header); a usable library icon already exists — regenerate only for the unified look"
"amnesia.webp","Amnesia","emblem","—","item icon","A glowing psionic sigil","P3","C:/Projects/FoundryVTT/DakksUltimateTokens/art/abilities/amnesia.webp; non-physical subject (emblem kind — see header); a usable library icon already exists — regenerate only for the unified look"
"blink.webp","Blink","emblem","—","item icon","A glowing psionic sigil","P3","C:/Projects/FoundryVTT/DakksUltimateTokens/art/abilities/blink.webp; non-physical subject (emblem kind — see header); a usable library icon already exists — regenerate only for the unified look"
"bone-reading.webp","Bone Reading","emblem","—","item icon","A glowing psionic sigil","P3","C:/Projects/FoundryVTT/DakksUltimateTokens/art/abilities/bone-reading.webp; non-physical subject (emblem kind — see header); a usable library icon already exists — regenerate only for the unified look"
"cause-sleep.webp","Cause Sleep","emblem","—","item icon","Psionic effect as an object: drifting motes of slumber","P3","C:/Projects/FoundryVTT/DakksUltimateTokens/art/abilities/cause-sleep.webp; non-physical subject (emblem kind — see header); a usable library icon already exists — regenerate only for the unified look"
"cognitive-trance.webp","Cognitive Trance","emblem","—","item icon","A glowing psionic sigil","P3","C:/Projects/FoundryVTT/DakksUltimateTokens/art/abilities/cognitive-trance.webp; non-physical subject (emblem kind — see header); a usable library icon already exists — regenerate only for the unified look"
"cosmic-awareness.webp","Cosmic Awareness","emblem","—","item icon","A glowing psionic sigil","P3","C:/Projects/FoundryVTT/DakksUltimateTokens/art/abilities/cosmic-awareness.webp; non-physical subject (emblem kind — see header); a usable library icon already exists — regenerate only for the unified look"
"cryokinesis.webp","Cryokinesis","emblem","—","item icon","A glowing psionic sigil","P3","C:/Projects/FoundryVTT/DakksUltimateTokens/art/abilities/cryokinesis.webp; non-physical subject (emblem kind — see header); a usable library icon already exists — regenerate only for the unified look"
"defiling.webp","Defiling","emblem","—","item icon","A closed leather-bound tome with a plain clasp","P3","C:/Projects/FoundryVTT/DakksUltimateTokens/art/abilities/defiling.webp; non-physical subject (emblem kind — see header); a usable library icon already exists — regenerate only for the unified look"
"deflect.webp","Deflect","emblem","—","item icon","A glowing psionic sigil","P3","C:/Projects/FoundryVTT/DakksUltimateTokens/art/abilities/deflect.webp; non-physical subject (emblem kind — see header); a usable library icon already exists — regenerate only for the unified look"
"detection.webp","Detection","emblem","—","item icon","A glowing psionic sigil","P3","C:/Projects/FoundryVTT/DakksUltimateTokens/art/abilities/detection.webp; non-physical subject (emblem kind — see header); a usable library icon already exists — regenerate only for the unified look"
"dimension-blade.webp","Dimension Blade","emblem","—","item icon","Psionic effect as an object: a swirling portal vortex","P3","C:/Projects/FoundryVTT/DakksUltimateTokens/art/abilities/dimension-blade.webp; non-physical subject (emblem kind — see header); a usable library icon already exists — regenerate only for the unified look"
"dimensional-screen.webp","Dimensional Screen","emblem","—","item icon","Psionic effect as an object: an unblinking arcane eye","P3","C:/Projects/FoundryVTT/DakksUltimateTokens/art/abilities/dimensional-screen.webp; non-physical subject (emblem kind — see header); a usable library icon already exists — regenerate only for the unified look"
"duo-dimension.webp","Duo-Dimension","emblem","—","item icon","Psionic effect as an object: a swirling portal vortex","P3","C:/Projects/FoundryVTT/DakksUltimateTokens/art/abilities/duo-dimension.webp; non-physical subject (emblem kind — see header); a usable library icon already exists — regenerate only for the unified look"
"elemental-composition.webp","Elemental Composition","emblem","—","item icon","Psionic effect as an object: a summoning circle of light","P3","C:/Projects/FoundryVTT/DakksUltimateTokens/art/abilities/elemental-composition.webp; non-physical subject (emblem kind — see header); a usable library icon already exists — regenerate only for the unified look"
"fighting-trance.webp","Fighting Trance","emblem","—","item icon","A glowing psionic sigil","P3","C:/Projects/FoundryVTT/DakksUltimateTokens/art/abilities/fighting-trance.webp; non-physical subject (emblem kind — see header); a usable library icon already exists — regenerate only for the unified look"
"hallucination.webp","Hallucination","emblem","—","item icon","A glowing psionic sigil","P3","C:/Projects/FoundryVTT/DakksUltimateTokens/art/abilities/hallucination.webp; non-physical subject (emblem kind — see header); a usable library icon already exists — regenerate only for the unified look"
"heat-exhaustion.webp","Heat Exhaustion","emblem","—","item icon","A closed leather-bound tome with a plain clasp","P3","C:/Projects/FoundryVTT/DakksUltimateTokens/art/abilities/heat-exhaustion.webp; non-physical subject (emblem kind — see header); a usable library icon already exists — regenerate only for the unified look"
"iron-will.webp","Iron Will","emblem","—","item icon","A glowing psionic sigil","P3","C:/Projects/FoundryVTT/DakksUltimateTokens/art/abilities/iron-will.webp; non-physical subject (emblem kind — see header); a usable library icon already exists — regenerate only for the unified look"
"kinetic-control.webp","Kinetic Control","emblem","—","item icon","A glowing psionic sigil","P3","C:/Projects/FoundryVTT/DakksUltimateTokens/art/abilities/kinetic-control.webp; non-physical subject (emblem kind — see header); a usable library icon already exists — regenerate only for the unified look"
"know-course.webp","Know Course","emblem","—","item icon","Psionic effect as an object: an unblinking arcane eye","P3","C:/Projects/FoundryVTT/DakksUltimateTokens/art/abilities/know-course.webp; non-physical subject (emblem kind — see header); a usable library icon already exists — regenerate only for the unified look"
"magnetize.webp","Magnetize","emblem","—","item icon","A glowing psionic sigil","P3","C:/Projects/FoundryVTT/DakksUltimateTokens/art/abilities/magnetize.webp; non-physical subject (emblem kind — see header); a usable library icon already exists — regenerate only for the unified look"
"mass-contact.webp","Mass Contact","emblem","—","item icon","A glowing psionic sigil","P3","C:/Projects/FoundryVTT/DakksUltimateTokens/art/abilities/mass-contact.webp; non-physical subject (emblem kind — see header); a usable library icon already exists — regenerate only for the unified look"
"mass-manipulation.webp","Mass Manipulation","emblem","—","item icon","A glowing psionic sigil","P3","C:/Projects/FoundryVTT/DakksUltimateTokens/art/abilities/mass-manipulation.webp; non-physical subject (emblem kind — see header); a usable library icon already exists — regenerate only for the unified look"
"megakinesis.webp","Megakinesis","emblem","—","item icon","A glowing psionic sigil","P3","C:/Projects/FoundryVTT/DakksUltimateTokens/art/abilities/megakinesis.webp; non-physical subject (emblem kind — see header); a usable library icon already exists — regenerate only for the unified look"
"mindflame.webp","Mindflame","emblem","—","item icon","A glowing psionic sigil","P3","C:/Projects/FoundryVTT/DakksUltimateTokens/art/abilities/mindflame.webp; non-physical subject (emblem kind — see header); a usable library icon already exists — regenerate only for the unified look"
"molecular-bonding.webp","Molecular Bonding","emblem","—","item icon","A glowing psionic sigil","P3","C:/Projects/FoundryVTT/DakksUltimateTokens/art/abilities/molecular-bonding.webp; non-physical subject (emblem kind — see header); a usable library icon already exists — regenerate only for the unified look"
"momentum-theft.webp","Momentum Theft","emblem","—","item icon","A glowing psionic sigil","P3","C:/Projects/FoundryVTT/DakksUltimateTokens/art/abilities/momentum-theft.webp; non-physical subject (emblem kind — see header); a usable library icon already exists — regenerate only for the unified look"
"nerve-manipulation.webp","Nerve Manipulation","emblem","—","item icon","A glowing psionic sigil","P3","C:/Projects/FoundryVTT/DakksUltimateTokens/art/abilities/nerve-manipulation.webp; non-physical subject (emblem kind — see header); a usable library icon already exists — regenerate only for the unified look"
"passive-contact.webp","Passive Contact","emblem","—","item icon","A glowing psionic sigil","P3","C:/Projects/FoundryVTT/DakksUltimateTokens/art/abilities/passive-contact.webp; non-physical subject (emblem kind — see header); a usable library icon already exists — regenerate only for the unified look"
"phase.webp","Phase","emblem","—","item icon","A glowing psionic sigil","P3","C:/Projects/FoundryVTT/DakksUltimateTokens/art/abilities/phase.webp; non-physical subject (emblem kind — see header); a usable library icon already exists — regenerate only for the unified look"
"phase-object.webp","Phase Object","emblem","—","item icon","A glowing psionic sigil","P3","C:/Projects/FoundryVTT/DakksUltimateTokens/art/abilities/phase-object.webp; non-physical subject (emblem kind — see header); a usable library icon already exists — regenerate only for the unified look"
"photosynthesis.webp","Photosynthesis","emblem","—","item icon","A glowing psionic sigil","P3","C:/Projects/FoundryVTT/DakksUltimateTokens/art/abilities/photosynthesis.webp; non-physical subject (emblem kind — see header); a usable library icon already exists — regenerate only for the unified look"
"planar-transposition.webp","Planar Transposition","emblem","—","item icon","Psionic effect as an object: a swirling portal vortex","P3","C:/Projects/FoundryVTT/DakksUltimateTokens/art/abilities/planar-transposition.webp; non-physical subject (emblem kind — see header); a usable library icon already exists — regenerate only for the unified look"
"plant-mind.webp","Plant Mind","emblem","—","item icon","Psionic effect as an object: a coil of living vines","P3","C:/Projects/FoundryVTT/DakksUltimateTokens/art/abilities/plant-mind.webp; non-physical subject (emblem kind — see header); a usable library icon already exists — regenerate only for the unified look"
"pocket-dimension.webp","Pocket Dimension","emblem","—","item icon","Psionic effect as an object: a swirling portal vortex","P3","C:/Projects/FoundryVTT/DakksUltimateTokens/art/abilities/pocket-dimension.webp; non-physical subject (emblem kind — see header); a usable library icon already exists — regenerate only for the unified look"
"poison-simulation.webp","Poison Simulation","emblem","—","item icon","Psionic effect as an object: a venom-green droplet","P3","C:/Projects/FoundryVTT/DakksUltimateTokens/art/abilities/poison-simulation.webp; non-physical subject (emblem kind — see header); a usable library icon already exists — regenerate only for the unified look"
"preserving.webp","Preserving","emblem","—","item icon","A closed leather-bound tome with a plain clasp","P3","C:/Projects/FoundryVTT/DakksUltimateTokens/art/abilities/preserving.webp; non-physical subject (emblem kind — see header); a usable library icon already exists — regenerate only for the unified look"
"probability-manipulation.webp","Probability Manipulation","emblem","—","item icon","A glowing psionic sigil","P3","C:/Projects/FoundryVTT/DakksUltimateTokens/art/abilities/probability-manipulation.webp; non-physical subject (emblem kind — see header); a usable library icon already exists — regenerate only for the unified look"
"psionic-vampirism.webp","Psionic Vampirism","emblem","—","item icon","Psionic effect as an object: a pale skull wreathed in grave-light","P3","C:/Projects/FoundryVTT/DakksUltimateTokens/art/abilities/psionic-vampirism.webp; non-physical subject (emblem kind — see header); a usable library icon already exists — regenerate only for the unified look"
"psychic-blade.webp","Psychic Blade","emblem","—","item icon","A glowing psionic sigil","P3","C:/Projects/FoundryVTT/DakksUltimateTokens/art/abilities/psychic-blade.webp; non-physical subject (emblem kind — see header); a usable library icon already exists — regenerate only for the unified look"
"regenerate.webp","Regenerate","emblem","—","item icon","A glowing psionic sigil","P3","C:/Projects/FoundryVTT/DakksUltimateTokens/art/abilities/regenerate.webp; non-physical subject (emblem kind — see header); a usable library icon already exists — regenerate only for the unified look"
"safe-path.webp","Safe Path","emblem","—","item icon","A glowing psionic sigil","P3","C:/Projects/FoundryVTT/DakksUltimateTokens/art/abilities/safe-path.webp; non-physical subject (emblem kind — see header); a usable library icon already exists — regenerate only for the unified look"
"see-ethereal.webp","See Ethereal","emblem","—","item icon","Psionic effect as an object: a swirling portal vortex","P3","C:/Projects/FoundryVTT/DakksUltimateTokens/art/abilities/see-ethereal.webp; non-physical subject (emblem kind — see header); a usable library icon already exists — regenerate only for the unified look"
"see-magic.webp","See Magic","emblem","—","item icon","Psionic effect as an object: an unblinking arcane eye","P3","C:/Projects/FoundryVTT/DakksUltimateTokens/art/abilities/see-magic.webp; non-physical subject (emblem kind — see header); a usable library icon already exists — regenerate only for the unified look"
"sensitivity-to-observation.webp","Sensitivity to Observation","emblem","—","item icon","A glowing psionic sigil","P3","C:/Projects/FoundryVTT/DakksUltimateTokens/art/abilities/sensitivity-to-observation.webp; non-physical subject (emblem kind — see header); a usable library icon already exists — regenerate only for the unified look"
"sensory-suppression.webp","Sensory Suppression","emblem","—","item icon","A glowing psionic sigil","P3","C:/Projects/FoundryVTT/DakksUltimateTokens/art/abilities/sensory-suppression.webp; non-physical subject (emblem kind — see header); a usable library icon already exists — regenerate only for the unified look"
"shadow-walk.webp","Shadow Walk","emblem","—","item icon","Psionic effect as an object: a shimmering double-faced mask","P3","C:/Projects/FoundryVTT/DakksUltimateTokens/art/abilities/shadow-walk.webp; non-physical subject (emblem kind — see header); a usable library icon already exists — regenerate only for the unified look"
"spatial-distortion.webp","Spatial Distortion","emblem","—","item icon","A glowing psionic sigil","P3","C:/Projects/FoundryVTT/DakksUltimateTokens/art/abilities/spatial-distortion.webp; non-physical subject (emblem kind — see header); a usable library icon already exists — regenerate only for the unified look"
"spider-touch.webp","Spider Touch","emblem","—","item icon","Psionic effect as an object: a whirling insect swarm","P3","C:/Projects/FoundryVTT/DakksUltimateTokens/art/abilities/spider-touch.webp; non-physical subject (emblem kind — see header); a usable library icon already exists — regenerate only for the unified look"
"spirit-lore.webp","Spirit Lore","emblem","—","item icon","Psionic effect as an object: an unblinking arcane eye","P3","C:/Projects/FoundryVTT/DakksUltimateTokens/art/abilities/spirit-lore.webp; non-physical subject (emblem kind — see header); a usable library icon already exists — regenerate only for the unified look"
"static-discharge.webp","Static Discharge","emblem","—","item icon","A glowing psionic sigil","P3","C:/Projects/FoundryVTT/DakksUltimateTokens/art/abilities/static-discharge.webp; non-physical subject (emblem kind — see header); a usable library icon already exists — regenerate only for the unified look"
"subjective-reality.webp","Subjective Reality","emblem","—","item icon","A glowing psionic sigil","P3","C:/Projects/FoundryVTT/DakksUltimateTokens/art/abilities/subjective-reality.webp; non-physical subject (emblem kind — see header); a usable library icon already exists — regenerate only for the unified look"
"summon-object.webp","Summon Object","emblem","—","item icon","Psionic effect as an object: a summoning circle of light","P3","C:/Projects/FoundryVTT/DakksUltimateTokens/art/abilities/summon-object.webp; non-physical subject (emblem kind — see header); a usable library icon already exists — regenerate only for the unified look"
"summon-planar-energies.webp","Summon Planar Energies","emblem","—","item icon","Psionic effect as an object: a summoning circle of light","P3","C:/Projects/FoundryVTT/DakksUltimateTokens/art/abilities/summon-planar-energies.webp; non-physical subject (emblem kind — see header); a usable library icon already exists — regenerate only for the unified look"
"suppress-fear.webp","Suppress Fear","emblem","—","item icon","Psionic effect as an object: a screaming shadow visage","P3","C:/Projects/FoundryVTT/DakksUltimateTokens/art/abilities/suppress-fear.webp; non-physical subject (emblem kind — see header); a usable library icon already exists — regenerate only for the unified look"
"suppress-magic.webp","Suppress Magic","emblem","—","item icon","A glowing psionic sigil","P3","C:/Projects/FoundryVTT/DakksUltimateTokens/art/abilities/suppress-magic.webp; non-physical subject (emblem kind — see header); a usable library icon already exists — regenerate only for the unified look"
"telekinetic-barrier.webp","Telekinetic Barrier","emblem","—","item icon","Psionic effect as an object: a conjured shield of force","P3","C:/Projects/FoundryVTT/DakksUltimateTokens/art/abilities/telekinetic-barrier.webp; non-physical subject (emblem kind — see header); a usable library icon already exists — regenerate only for the unified look"
"telekinetic-flight.webp","Telekinetic Flight","emblem","—","item icon","Psionic effect as an object: a pair of glowing winged boots","P3","C:/Projects/FoundryVTT/DakksUltimateTokens/art/abilities/telekinetic-flight.webp; non-physical subject (emblem kind — see header); a usable library icon already exists — regenerate only for the unified look"
"teleport-lock.webp","Teleport Lock","emblem","—","item icon","Psionic effect as an object: a swirling portal vortex","P3","C:/Projects/FoundryVTT/DakksUltimateTokens/art/abilities/teleport-lock.webp; non-physical subject (emblem kind — see header); a usable library icon already exists — regenerate only for the unified look"
"time-dilation.webp","Time Dilation","emblem","—","item icon","Psionic effect as an object: an hourglass suspended mid-turn","P3","C:/Projects/FoundryVTT/DakksUltimateTokens/art/abilities/time-dilation.webp; non-physical subject (emblem kind — see header); a usable library icon already exists — regenerate only for the unified look"
"time-duplicate.webp","Time Duplicate","emblem","—","item icon","Psionic effect as an object: an hourglass suspended mid-turn","P3","C:/Projects/FoundryVTT/DakksUltimateTokens/art/abilities/time-duplicate.webp; non-physical subject (emblem kind — see header); a usable library icon already exists — regenerate only for the unified look"
"time-travel.webp","Time Travel","emblem","—","item icon","Psionic effect as an object: an hourglass suspended mid-turn","P3","C:/Projects/FoundryVTT/DakksUltimateTokens/art/abilities/time-travel.webp; non-physical subject (emblem kind — see header); a usable library icon already exists — regenerate only for the unified look"
"true-sight.webp","True Sight","emblem","—","item icon","Psionic effect as an object: an unblinking arcane eye","P3","C:/Projects/FoundryVTT/DakksUltimateTokens/art/abilities/true-sight.webp; non-physical subject (emblem kind — see header); a usable library icon already exists — regenerate only for the unified look"
"watchers-ward.webp","Watcher's Ward","emblem","—","item icon","Psionic effect as an object: a glowing warding barrier","P3","C:/Projects/FoundryVTT/DakksUltimateTokens/art/abilities/watchers-ward.webp; non-physical subject (emblem kind — see header); a usable library icon already exists — regenerate only for the unified look"
"water-deprivation.webp","Water Deprivation","emblem","—","item icon","A closed leather-bound tome with a plain clasp","P3","C:/Projects/FoundryVTT/DakksUltimateTokens/art/abilities/water-deprivation.webp; non-physical subject (emblem kind — see header); a usable library icon already exists — regenerate only for the unified look"
"weapon-breakage.webp","Weapon Breakage","emblem","—","item icon","A closed leather-bound tome with a plain clasp","P3","C:/Projects/FoundryVTT/DakksUltimateTokens/art/abilities/weapon-breakage.webp; non-physical subject (emblem kind — see header); a usable library icon already exists — regenerate only for the unified look"
"wormhole.webp","Wormhole","emblem","—","item icon","A glowing psionic sigil","P3","C:/Projects/FoundryVTT/DakksUltimateTokens/art/abilities/wormhole.webp; non-physical subject (emblem kind — see header); a usable library icon already exists — regenerate only for the unified look"
"contents.webp","Freedom — Contents","emblem","—","item icon","A closed leather-bound tome with a plain clasp","P3","C:/Projects/FoundryVTT/DakksUltimateTokens/art/journals/contents.webp; non-physical subject (emblem kind — see header); a usable library icon already exists — regenerate only for the unified look"
"part-1.webp","Freedom — Part 1","emblem","—","item icon","A closed leather-bound tome with a plain clasp","P3","C:/Projects/FoundryVTT/DakksUltimateTokens/art/journals/part-1.webp; non-physical subject (emblem kind — see header); a usable library icon already exists — regenerate only for the unified look"
"part-2.webp","Freedom — Part 2","emblem","—","item icon","A closed leather-bound tome with a plain clasp","P3","C:/Projects/FoundryVTT/DakksUltimateTokens/art/journals/part-2.webp; non-physical subject (emblem kind — see header); a usable library icon already exists — regenerate only for the unified look"
"part-3.webp","Freedom — Part 3","emblem","—","item icon","A closed leather-bound tome with a plain clasp","P3","C:/Projects/FoundryVTT/DakksUltimateTokens/art/journals/part-3.webp; non-physical subject (emblem kind — see header); a usable library icon already exists — regenerate only for the unified look"
"part-4.webp","Freedom — Part 4","emblem","—","item icon","A closed leather-bound tome with a plain clasp","P3","C:/Projects/FoundryVTT/DakksUltimateTokens/art/journals/part-4.webp; non-physical subject (emblem kind — see header); a usable library icon already exists — regenerate only for the unified look"
"part-5.webp","Freedom — Part 5","emblem","—","item icon","A closed leather-bound tome with a plain clasp","P3","C:/Projects/FoundryVTT/DakksUltimateTokens/art/journals/part-5.webp; non-physical subject (emblem kind — see header); a usable library icon already exists — regenerate only for the unified look"
"part-6.webp","Freedom — Part 6","emblem","—","item icon","A closed leather-bound tome with a plain clasp","P3","C:/Projects/FoundryVTT/DakksUltimateTokens/art/journals/part-6.webp; non-physical subject (emblem kind — see header); a usable library icon already exists — regenerate only for the unified look"
"improvised-weapons.webp","Modifiers for Improvised Weapons","emblem","—","item icon","Small evocative table emblem: an emblem of modifiers for improvised weapons","P3","C:/Projects/FoundryVTT/DakksUltimateTokens/art/tables/improvised-weapons.webp; non-physical subject (emblem kind — see header); a usable library icon already exists — regenerate only for the unified look"
"mob-odds.webp","Mob Odds — Riot Combat","emblem","—","item icon","Small evocative table emblem: crossed gaming dice","P3","C:/Projects/FoundryVTT/DakksUltimateTokens/art/tables/mob-odds.webp; non-physical subject (emblem kind — see header); a usable library icon already exists — regenerate only for the unified look"
"riot-followers.webp","Riot Followers","emblem","—","item icon","Small evocative table emblem: crossed gaming dice","P3","C:/Projects/FoundryVTT/DakksUltimateTokens/art/tables/riot-followers.webp; non-physical subject (emblem kind — see header); a usable library icon already exists — regenerate only for the unified look"
"rumors.webp","Rumors in the Slave Pens","emblem","—","item icon","Small evocative table emblem: crossed gaming dice","P3","C:/Projects/FoundryVTT/DakksUltimateTokens/art/tables/rumors.webp; non-physical subject (emblem kind — see header); a usable library icon already exists — regenerate only for the unified look"
"slave-pen-guards.webp","Guards in the Slave Pens","emblem","—","item icon","Small evocative table emblem: an emblem of guards in the slave pens","P3","C:/Projects/FoundryVTT/DakksUltimateTokens/art/tables/slave-pen-guards.webp; non-physical subject (emblem kind — see header); a usable library icon already exists — regenerate only for the unified look"
"aboleth.webp","Aboleth","monster","Large","top-down","Large aberration, heavily armoured natural plating, a swimmer","P3","C:/Projects/FoundryVTT/DakksUltimateTokens/art/creatures/aboleth.webp; canon backlog — no suite slot yet; art pre-made for future campaigns/editions"
"abominable-yeti.webp","Abominable Yeti","monster","—","top-down","A huge shaggy white-furred mountain biped","P3","C:/Projects/FoundryVTT/DakksUltimateTokens/art/creatures/abominable-yeti.webp; canon backlog — no suite slot yet; art pre-made for future campaigns/editions"
"acolyte.webp","Acolyte","monster","Medium","top-down","Medium humanoid (any race)","P3","C:/Projects/FoundryVTT/DakksUltimateTokens/art/creatures/acolyte.webp; canon backlog — no suite slot yet; art pre-made for future campaigns/editions"
"allosaurus.webp","Allosaurus","monster","—","top-down","A bipedal predatory dinosaur","P3","C:/Projects/FoundryVTT/DakksUltimateTokens/art/creatures/allosaurus.webp; canon backlog — no suite slot yet; art pre-made for future campaigns/editions"
"androsphinx.webp","Androsphinx","monster","Large","top-down","Large monstrosity, heavily armoured natural plating, winged flight","P3","C:/Projects/FoundryVTT/DakksUltimateTokens/art/creatures/androsphinx.webp; canon backlog — no suite slot yet; art pre-made for future campaigns/editions"
"animated-armor.webp","Animated Armor","monster","Medium","top-down","Medium construct, heavily armoured natural plating","P3","C:/Projects/FoundryVTT/DakksUltimateTokens/art/creatures/animated-armor.webp; canon backlog — no suite slot yet; art pre-made for future campaigns/editions"
"ankheg.webp","Ankheg","monster","Large","top-down","Large monstrosity, armoured hide, a burrower","P3","C:/Projects/FoundryVTT/DakksUltimateTokens/art/creatures/ankheg.webp; canon backlog — no suite slot yet; art pre-made for future campaigns/editions"
"ankylosaurus.webp","Ankylosaurus","monster","—","top-down","A low armoured dinosaur with a clubbed tail","P3","C:/Projects/FoundryVTT/DakksUltimateTokens/art/creatures/ankylosaurus.webp; canon backlog — no suite slot yet; art pre-made for future campaigns/editions"
"ape.webp","Ape","monster","Medium","top-down","Medium beast, a climber","P3","C:/Projects/FoundryVTT/DakksUltimateTokens/art/creatures/ape.webp; canon backlog — no suite slot yet; art pre-made for future campaigns/editions"
"archmage.webp","Archmage","monster","Medium","top-down","Medium humanoid (any race)","P3","C:/Projects/FoundryVTT/DakksUltimateTokens/art/creatures/archmage.webp; canon backlog — no suite slot yet; art pre-made for future campaigns/editions"
"assassin.webp","Assassin","monster","Medium","top-down","Medium humanoid (any race), wearing studded leather armor","P3","C:/Projects/FoundryVTT/DakksUltimateTokens/art/creatures/assassin.webp; canon backlog — no suite slot yet; art pre-made for future campaigns/editions"
"awakened-shrub.webp","Awakened Shrub","monster","Small","top-down","Small plant","P3","C:/Projects/FoundryVTT/DakksUltimateTokens/art/creatures/awakened-shrub.webp; canon backlog — no suite slot yet; art pre-made for future campaigns/editions"
"awakened-tree.webp","Awakened Tree","monster","Huge","top-down","Huge plant, tough hide","P3","C:/Projects/FoundryVTT/DakksUltimateTokens/art/creatures/awakened-tree.webp; canon backlog — no suite slot yet; art pre-made for future campaigns/editions"
"axe-beak.webp","Axe Beak","monster","Large","top-down","Large beast","P3","C:/Projects/FoundryVTT/DakksUltimateTokens/art/creatures/axe-beak.webp; canon backlog — no suite slot yet; art pre-made for future campaigns/editions"
"azer.webp","Azer","monster","Medium","top-down","Medium elemental, armoured hide","P3","C:/Projects/FoundryVTT/DakksUltimateTokens/art/creatures/azer.webp; canon backlog — no suite slot yet; art pre-made for future campaigns/editions"
"baboon.webp","Baboon","monster","Small","top-down","Small beast, a climber","P3","C:/Projects/FoundryVTT/DakksUltimateTokens/art/creatures/baboon.webp; canon backlog — no suite slot yet; art pre-made for future campaigns/editions"
"badger.webp","Badger","monster","Tiny","top-down","Tiny beast, a burrower","P3","C:/Projects/FoundryVTT/DakksUltimateTokens/art/creatures/badger.webp; canon backlog — no suite slot yet; art pre-made for future campaigns/editions"
"balor.webp","Balor","monster","Huge","top-down","Huge fiend (demon), heavily armoured natural plating, winged flight","P3","C:/Projects/FoundryVTT/DakksUltimateTokens/art/creatures/balor.webp; canon backlog — no suite slot yet; art pre-made for future campaigns/editions"
"bandit.webp","Bandit","monster","Medium","top-down","Medium humanoid (any race), wearing leather armor","P3","C:/Projects/FoundryVTT/DakksUltimateTokens/art/creatures/bandit.webp; canon backlog — no suite slot yet; art pre-made for future campaigns/editions"
"bandit-captain.webp","Bandit Captain","monster","Medium","top-down","Medium humanoid (any race), wearing studded leather armor","P3","C:/Projects/FoundryVTT/DakksUltimateTokens/art/creatures/bandit-captain.webp; canon backlog — no suite slot yet; art pre-made for future campaigns/editions; rank variant — base 'bandit' (bandit.webp) has its own row; a captain looks different"
"banshee.webp","Banshee","monster","—","top-down","A wailing spectral woman","P3","C:/Projects/FoundryVTT/DakksUltimateTokens/art/creatures/banshee.webp; canon backlog — no suite slot yet; art pre-made for future campaigns/editions"
"barbed-devil.webp","Barbed Devil","monster","Medium","top-down","Medium fiend (devil), armoured hide","P3","C:/Projects/FoundryVTT/DakksUltimateTokens/art/creatures/barbed-devil.webp; canon backlog — no suite slot yet; art pre-made for future campaigns/editions"
"bat.webp","Bat","monster","Tiny","top-down","Tiny beast, winged flight","P3","C:/Projects/FoundryVTT/DakksUltimateTokens/art/creatures/bat.webp; canon backlog — no suite slot yet; art pre-made for future campaigns/editions"
"bearded-devil.webp","Bearded Devil","monster","Medium","top-down","Medium fiend (devil), tough hide","P3","C:/Projects/FoundryVTT/DakksUltimateTokens/art/creatures/bearded-devil.webp; canon backlog — no suite slot yet; art pre-made for future campaigns/editions"
"berserker.webp","Berserker","monster","Medium","top-down","Medium humanoid (any race), wearing hide armor","P3","C:/Projects/FoundryVTT/DakksUltimateTokens/art/creatures/berserker.webp; canon backlog — no suite slot yet; art pre-made for future campaigns/editions"
"black-bear.webp","Black Bear","monster","Medium","top-down","Medium beast, a climber","P3","C:/Projects/FoundryVTT/DakksUltimateTokens/art/creatures/black-bear.webp; canon backlog — no suite slot yet; art pre-made for future campaigns/editions"
"blink-dog.webp","Blink Dog","monster","Medium","top-down","Medium fey","P3","C:/Projects/FoundryVTT/DakksUltimateTokens/art/creatures/blink-dog.webp; canon backlog — no suite slot yet; art pre-made for future campaigns/editions"
"blood-hawk.webp","Blood Hawk","monster","Small","top-down","Small beast, winged flight","P3","C:/Projects/FoundryVTT/DakksUltimateTokens/art/creatures/blood-hawk.webp; canon backlog — no suite slot yet; art pre-made for future campaigns/editions"
"boar.webp","Boar","monster","Medium","top-down","Medium beast","P3","C:/Projects/FoundryVTT/DakksUltimateTokens/art/creatures/boar.webp; canon backlog — no suite slot yet; art pre-made for future campaigns/editions"
"bone-devil.webp","Bone Devil","monster","Large","top-down","Large fiend (devil), heavily armoured natural plating, winged flight","P3","C:/Projects/FoundryVTT/DakksUltimateTokens/art/creatures/bone-devil.webp; canon backlog — no suite slot yet; art pre-made for future campaigns/editions"
"brown-bear.webp","Brown Bear","monster","Large","top-down","Large beast, a climber","P3","C:/Projects/FoundryVTT/DakksUltimateTokens/art/creatures/brown-bear.webp; canon backlog — no suite slot yet; art pre-made for future campaigns/editions"
"bugbear-chief.webp","Bugbear Chief","monster","—","top-down","Rank variant of 'bugbear' — the same creature with a leader's trappings and heavier gear","P3","C:/Projects/FoundryVTT/DakksUltimateTokens/art/creatures/bugbear-chief.webp; canon backlog — no suite slot yet; art pre-made for future campaigns/editions; rank variant — base 'bugbear' (bugbear.webp) has its own row; a chief looks different"
"bulette.webp","Bulette","monster","Large","top-down","Large monstrosity, heavily armoured natural plating, a burrower","P3","C:/Projects/FoundryVTT/DakksUltimateTokens/art/creatures/bulette.webp; canon backlog — no suite slot yet; art pre-made for future campaigns/editions"
"camel.webp","Camel","monster","Large","top-down","Large beast","P3","C:/Projects/FoundryVTT/DakksUltimateTokens/art/creatures/camel.webp; canon backlog — no suite slot yet; art pre-made for future campaigns/editions"
"cat.webp","Cat","monster","Tiny","top-down","Tiny beast, a climber","P3","C:/Projects/FoundryVTT/DakksUltimateTokens/art/creatures/cat.webp; canon backlog — no suite slot yet; art pre-made for future campaigns/editions"
"cave-bear.webp","Cave Bear","monster","—","top-down","A massive heavy-shouldered bear","P3","C:/Projects/FoundryVTT/DakksUltimateTokens/art/creatures/cave-bear.webp; canon backlog — no suite slot yet; art pre-made for future campaigns/editions"
"chain-devil.webp","Chain Devil","monster","Medium","top-down","Medium fiend (devil), armoured hide","P3","C:/Projects/FoundryVTT/DakksUltimateTokens/art/creatures/chain-devil.webp; canon backlog — no suite slot yet; art pre-made for future campaigns/editions"
"chuul.webp","Chuul","monster","Large","top-down","Large aberration, armoured hide, a swimmer","P3","C:/Projects/FoundryVTT/DakksUltimateTokens/art/creatures/chuul.webp; canon backlog — no suite slot yet; art pre-made for future campaigns/editions"
"cloaker.webp","Cloaker","monster","Large","top-down","Large aberration, armoured hide, winged flight","P3","C:/Projects/FoundryVTT/DakksUltimateTokens/art/creatures/cloaker.webp; canon backlog — no suite slot yet; art pre-made for future campaigns/editions"
"commoner.webp","Commoner","monster","Medium","top-down","Medium humanoid (any race)","P3","C:/Projects/FoundryVTT/DakksUltimateTokens/art/creatures/commoner.webp; canon backlog — no suite slot yet; art pre-made for future campaigns/editions"
"constrictor-snake.webp","Constrictor Snake","monster","Large","top-down","Large beast, a swimmer","P3","C:/Projects/FoundryVTT/DakksUltimateTokens/art/creatures/constrictor-snake.webp; canon backlog — no suite slot yet; art pre-made for future campaigns/editions"
"copper-dragon.webp","Copper Dragon","monster","Huge","top-down","Huge dragon, heavily armoured natural plating, winged flight, a climber","P3","C:/Projects/FoundryVTT/DakksUltimateTokens/art/creatures/copper-dragon.webp; canon backlog — no suite slot yet; art pre-made for future campaigns/editions; one image serves all age categories"
"crab.webp","Crab","monster","Tiny","top-down","Tiny beast, a swimmer","P3","C:/Projects/FoundryVTT/DakksUltimateTokens/art/creatures/crab.webp; canon backlog — no suite slot yet; art pre-made for future campaigns/editions"
"crawling-claw.webp","Crawling Claw","monster","—","top-down","A severed animated hand","P3","C:/Projects/FoundryVTT/DakksUltimateTokens/art/creatures/crawling-claw.webp; canon backlog — no suite slot yet; art pre-made for future campaigns/editions"
"crocodile.webp","Crocodile","monster","Large","top-down","Large beast, tough hide, a swimmer","P3","C:/Projects/FoundryVTT/DakksUltimateTokens/art/creatures/crocodile.webp; canon backlog — no suite slot yet; art pre-made for future campaigns/editions"
"cult-fanatic.webp","Cult Fanatic","monster","Medium","top-down","Medium humanoid (any race), wearing leather armor","P3","C:/Projects/FoundryVTT/DakksUltimateTokens/art/creatures/cult-fanatic.webp; canon backlog — no suite slot yet; art pre-made for future campaigns/editions"
"cultist.webp","Cultist","monster","Medium","top-down","Medium humanoid (any race), wearing leather armor","P3","C:/Projects/FoundryVTT/DakksUltimateTokens/art/creatures/cultist.webp; canon backlog — no suite slot yet; art pre-made for future campaigns/editions"
"cyclops.webp","Cyclops","monster","—","top-down","A towering one-eyed giant","P3","C:/Projects/FoundryVTT/DakksUltimateTokens/art/creatures/cyclops.webp; canon backlog — no suite slot yet; art pre-made for future campaigns/editions"
"darkmantle.webp","Darkmantle","monster","Small","top-down","Small monstrosity, winged flight","P3","C:/Projects/FoundryVTT/DakksUltimateTokens/art/creatures/darkmantle.webp; canon backlog — no suite slot yet; art pre-made for future campaigns/editions"
"death-dog.webp","Death Dog","monster","Medium","top-down","Medium monstrosity","P3","C:/Projects/FoundryVTT/DakksUltimateTokens/art/creatures/death-dog.webp; canon backlog — no suite slot yet; art pre-made for future campaigns/editions"
"deep-gnome.webp","Deep Gnome (Svirfneblin)","monster","Small","top-down","Small humanoid (gnome), wearing chain shirt","P3","C:/Projects/FoundryVTT/DakksUltimateTokens/art/creatures/deep-gnome.webp; canon backlog — no suite slot yet; art pre-made for future campaigns/editions"
"deer.webp","Deer","monster","Medium","top-down","Medium beast","P3","C:/Projects/FoundryVTT/DakksUltimateTokens/art/creatures/deer.webp; canon backlog — no suite slot yet; art pre-made for future campaigns/editions"
"deva.webp","Deva","monster","Medium","top-down","Medium celestial, heavily armoured natural plating, winged flight","P3","C:/Projects/FoundryVTT/DakksUltimateTokens/art/creatures/deva.webp; canon backlog — no suite slot yet; art pre-made for future campaigns/editions"
"dire-wolf.webp","Dire Wolf","monster","Large","top-down","Large beast, armoured hide","P3","C:/Projects/FoundryVTT/DakksUltimateTokens/art/creatures/dire-wolf.webp; canon backlog — no suite slot yet; art pre-made for future campaigns/editions"
"doppelganger.webp","Doppelganger","monster","Medium","top-down","Medium monstrosity (shapechanger), quick and unarmoured","P3","C:/Projects/FoundryVTT/DakksUltimateTokens/art/creatures/doppelganger.webp; canon backlog — no suite slot yet; art pre-made for future campaigns/editions"
"draft-horse.webp","Draft Horse","monster","Large","top-down","Large beast","P3","C:/Projects/FoundryVTT/DakksUltimateTokens/art/creatures/draft-horse.webp; canon backlog — no suite slot yet; art pre-made for future campaigns/editions"
"dragon-turtle.webp","Dragon Turtle","monster","Gargantuan","top-down","Gargantuan dragon, heavily armoured natural plating, a swimmer","P3","C:/Projects/FoundryVTT/DakksUltimateTokens/art/creatures/dragon-turtle.webp; canon backlog — no suite slot yet; art pre-made for future campaigns/editions"
"drider.webp","Drider","monster","Large","top-down","Large monstrosity, heavily armoured natural plating, a climber","P3","C:/Projects/FoundryVTT/DakksUltimateTokens/art/creatures/drider.webp; canon backlog — no suite slot yet; art pre-made for future campaigns/editions"
"drow.webp","Drow","monster","Medium","top-down","Medium humanoid (elf), wearing chain shirt","P3","C:/Projects/FoundryVTT/DakksUltimateTokens/art/creatures/drow.webp; canon backlog — no suite slot yet; art pre-made for future campaigns/editions"
"drow-elite-warrior.webp","Drow Elite Warrior","monster","—","top-down","Rank variant of 'drow' — the same creature with a leader's trappings and heavier gear","P3","C:/Projects/FoundryVTT/DakksUltimateTokens/art/creatures/drow-elite-warrior.webp; canon backlog — no suite slot yet; art pre-made for future campaigns/editions; rank variant — base 'drow' (drow.webp) has its own row; a elite warrior looks different"
"drow-mage.webp","Drow Mage","monster","—","top-down","Rank variant of 'drow' — the same creature with a leader's trappings and heavier gear","P3","C:/Projects/FoundryVTT/DakksUltimateTokens/art/creatures/drow-mage.webp; canon backlog — no suite slot yet; art pre-made for future campaigns/editions; rank variant — base 'drow' (drow.webp) has its own row; a mage looks different"
"drow-priestess-of-lolth.webp","Drow Priestess of Lolth","monster","—","top-down","Rank variant of 'drow' — the same creature with a leader's trappings and heavier gear","P3","C:/Projects/FoundryVTT/DakksUltimateTokens/art/creatures/drow-priestess-of-lolth.webp; canon backlog — no suite slot yet; art pre-made for future campaigns/editions; rank variant — base 'drow' (drow.webp) has its own row; a priestess of lolth looks different"
"druid.webp","Druid","monster","Medium","top-down","Medium humanoid (any race)","P3","C:/Projects/FoundryVTT/DakksUltimateTokens/art/creatures/druid.webp; canon backlog — no suite slot yet; art pre-made for future campaigns/editions"
"duergar.webp","Duergar","monster","Medium","top-down","Medium humanoid (dwarf), wearing scale mail","P3","C:/Projects/FoundryVTT/DakksUltimateTokens/art/creatures/duergar.webp; canon backlog — no suite slot yet; art pre-made for future campaigns/editions"
"dust-mephit.webp","Dust Mephit","monster","Small","top-down","Small elemental, winged flight","P3","C:/Projects/FoundryVTT/DakksUltimateTokens/art/creatures/dust-mephit.webp; canon backlog — no suite slot yet; art pre-made for future campaigns/editions"
"eagle.webp","Eagle","monster","Small","top-down","Small beast, winged flight","P3","C:/Projects/FoundryVTT/DakksUltimateTokens/art/creatures/eagle.webp; canon backlog — no suite slot yet; art pre-made for future campaigns/editions"
"elephant.webp","Elephant","monster","Huge","top-down","Huge beast, tough hide","P3","C:/Projects/FoundryVTT/DakksUltimateTokens/art/creatures/elephant.webp; canon backlog — no suite slot yet; art pre-made for future campaigns/editions"
"elk.webp","Elk","monster","Large","top-down","Large beast","P3","C:/Projects/FoundryVTT/DakksUltimateTokens/art/creatures/elk.webp; canon backlog — no suite slot yet; art pre-made for future campaigns/editions"
"erinyes.webp","Erinyes","monster","Medium","top-down","Medium fiend (devil), wearing plate armor, winged flight","P3","C:/Projects/FoundryVTT/DakksUltimateTokens/art/creatures/erinyes.webp; canon backlog — no suite slot yet; art pre-made for future campaigns/editions"
"ettercap.webp","Ettercap","monster","Medium","top-down","Medium monstrosity, tough hide, a climber","P3","C:/Projects/FoundryVTT/DakksUltimateTokens/art/creatures/ettercap.webp; canon backlog — no suite slot yet; art pre-made for future campaigns/editions"
"fire-elemental.webp","Fire Elemental","monster","Large","top-down","Large elemental","P3","C:/Projects/FoundryVTT/DakksUltimateTokens/art/creatures/fire-elemental.webp; canon backlog — no suite slot yet; art pre-made for future campaigns/editions"
"fire-snake.webp","Fire Snake","monster","—","top-down","A serpent wreathed in flame","P3","C:/Projects/FoundryVTT/DakksUltimateTokens/art/creatures/fire-snake.webp; canon backlog — no suite slot yet; art pre-made for future campaigns/editions"
"flameskull.webp","Flameskull","monster","—","top-down","A floating skull wreathed in flame","P3","C:/Projects/FoundryVTT/DakksUltimateTokens/art/creatures/flameskull.webp; canon backlog — no suite slot yet; art pre-made for future campaigns/editions"
"flying-snake.webp","Flying Snake","monster","Tiny","top-down","Tiny beast, quick and unarmoured, winged flight, a swimmer","P3","C:/Projects/FoundryVTT/DakksUltimateTokens/art/creatures/flying-snake.webp; canon backlog — no suite slot yet; art pre-made for future campaigns/editions"
"flying-sword.webp","Flying Sword","monster","Small","top-down","Small construct, heavily armoured natural plating, hovering flight","P3","C:/Projects/FoundryVTT/DakksUltimateTokens/art/creatures/flying-sword.webp; canon backlog — no suite slot yet; art pre-made for future campaigns/editions"
"frog.webp","Frog","monster","Tiny","top-down","Tiny beast, a swimmer","P3","C:/Projects/FoundryVTT/DakksUltimateTokens/art/creatures/frog.webp; canon backlog — no suite slot yet; art pre-made for future campaigns/editions"
"gargoyle.webp","Gargoyle","monster","Medium","top-down","Medium elemental, armoured hide, winged flight","P3","C:/Projects/FoundryVTT/DakksUltimateTokens/art/creatures/gargoyle.webp; canon backlog — no suite slot yet; art pre-made for future campaigns/editions"
"gelatinous-cube.webp","Gelatinous Cube","monster","Large","top-down","Large ooze","P3","C:/Projects/FoundryVTT/DakksUltimateTokens/art/creatures/gelatinous-cube.webp; canon backlog — no suite slot yet; art pre-made for future campaigns/editions"
"ghost.webp","Ghost","monster","Medium","top-down","Medium undead, hovering flight","P3","C:/Projects/FoundryVTT/DakksUltimateTokens/art/creatures/ghost.webp; canon backlog — no suite slot yet; art pre-made for future campaigns/editions"
"giant-ape.webp","Giant Ape","monster","Huge","top-down","Huge beast, a climber","P3","C:/Projects/FoundryVTT/DakksUltimateTokens/art/creatures/giant-ape.webp; canon backlog — no suite slot yet; art pre-made for future campaigns/editions"
"giant-badger.webp","Giant Badger","monster","Medium","top-down","Medium beast, a burrower","P3","C:/Projects/FoundryVTT/DakksUltimateTokens/art/creatures/giant-badger.webp; canon backlog — no suite slot yet; art pre-made for future campaigns/editions"
"giant-bat.webp","Giant Bat","monster","Large","top-down","Large beast, winged flight","P3","C:/Projects/FoundryVTT/DakksUltimateTokens/art/creatures/giant-bat.webp; canon backlog — no suite slot yet; art pre-made for future campaigns/editions"
"giant-boar.webp","Giant Boar","monster","Large","top-down","Large beast, tough hide","P3","C:/Projects/FoundryVTT/DakksUltimateTokens/art/creatures/giant-boar.webp; canon backlog — no suite slot yet; art pre-made for future campaigns/editions"
"giant-centipede.webp","Giant Centipede","monster","Small","top-down","Small beast, tough hide, a climber","P3","C:/Projects/FoundryVTT/DakksUltimateTokens/art/creatures/giant-centipede.webp; canon backlog — no suite slot yet; art pre-made for future campaigns/editions"
"giant-constrictor-snake.webp","Giant Constrictor Snake","monster","Huge","top-down","Huge beast, a swimmer","P3","C:/Projects/FoundryVTT/DakksUltimateTokens/art/creatures/giant-constrictor-snake.webp; canon backlog — no suite slot yet; art pre-made for future campaigns/editions"
"giant-crab.webp","Giant Crab","monster","Medium","top-down","Medium beast, armoured hide, a swimmer","P3","C:/Projects/FoundryVTT/DakksUltimateTokens/art/creatures/giant-crab.webp; canon backlog — no suite slot yet; art pre-made for future campaigns/editions"
"giant-crocodile.webp","Giant Crocodile","monster","Huge","top-down","Huge beast, armoured hide, a swimmer","P3","C:/Projects/FoundryVTT/DakksUltimateTokens/art/creatures/giant-crocodile.webp; canon backlog — no suite slot yet; art pre-made for future campaigns/editions"
"giant-eagle.webp","Giant Eagle","monster","Large","top-down","Large beast, winged flight","P3","C:/Projects/FoundryVTT/DakksUltimateTokens/art/creatures/giant-eagle.webp; canon backlog — no suite slot yet; art pre-made for future campaigns/editions"
"giant-elk.webp","Giant Elk","monster","Huge","top-down","Huge beast, armoured hide","P3","C:/Projects/FoundryVTT/DakksUltimateTokens/art/creatures/giant-elk.webp; canon backlog — no suite slot yet; art pre-made for future campaigns/editions"
"giant-fire-beetle.webp","Giant Fire Beetle","monster","Small","top-down","Small beast, tough hide","P3","C:/Projects/FoundryVTT/DakksUltimateTokens/art/creatures/giant-fire-beetle.webp; canon backlog — no suite slot yet; art pre-made for future campaigns/editions"
"giant-frog.webp","Giant Frog","monster","Medium","top-down","Medium beast, a swimmer","P3","C:/Projects/FoundryVTT/DakksUltimateTokens/art/creatures/giant-frog.webp; canon backlog — no suite slot yet; art pre-made for future campaigns/editions"
"giant-goat.webp","Giant Goat","monster","Large","top-down","Large beast","P3","C:/Projects/FoundryVTT/DakksUltimateTokens/art/creatures/giant-goat.webp; canon backlog — no suite slot yet; art pre-made for future campaigns/editions"
"giant-hyena.webp","Giant Hyena","monster","Large","top-down","Large beast","P3","C:/Projects/FoundryVTT/DakksUltimateTokens/art/creatures/giant-hyena.webp; canon backlog — no suite slot yet; art pre-made for future campaigns/editions"
"giant-lizard.webp","Giant Lizard","monster","Large","top-down","Large beast, tough hide, a climber","P3","C:/Projects/FoundryVTT/DakksUltimateTokens/art/creatures/giant-lizard.webp; canon backlog — no suite slot yet; art pre-made for future campaigns/editions"
"giant-octopus.webp","Giant Octopus","monster","Large","top-down","Large beast, a swimmer","P3","C:/Projects/FoundryVTT/DakksUltimateTokens/art/creatures/giant-octopus.webp; canon backlog — no suite slot yet; art pre-made for future campaigns/editions"
"giant-owl.webp","Giant Owl","monster","Large","top-down","Large beast, winged flight","P3","C:/Projects/FoundryVTT/DakksUltimateTokens/art/creatures/giant-owl.webp; canon backlog — no suite slot yet; art pre-made for future campaigns/editions"
"giant-poisonous-snake.webp","Giant Poisonous Snake","monster","Medium","top-down","Medium beast, quick and unarmoured, a swimmer","P3","C:/Projects/FoundryVTT/DakksUltimateTokens/art/creatures/giant-poisonous-snake.webp; canon backlog — no suite slot yet; art pre-made for future campaigns/editions"
"giant-rat.webp","Giant Rat","monster","Small","top-down","Small beast","P3","C:/Projects/FoundryVTT/DakksUltimateTokens/art/creatures/giant-rat.webp; canon backlog — no suite slot yet; art pre-made for future campaigns/editions"
"giant-scorpion.webp","Giant Scorpion","monster","Large","top-down","Large beast, armoured hide","P3","C:/Projects/FoundryVTT/DakksUltimateTokens/art/creatures/giant-scorpion.webp; canon backlog — no suite slot yet; art pre-made for future campaigns/editions"
"giant-sea-horse.webp","Giant Sea Horse","monster","Large","top-down","Large beast, tough hide, aquatic","P3","C:/Projects/FoundryVTT/DakksUltimateTokens/art/creatures/giant-sea-horse.webp; canon backlog — no suite slot yet; art pre-made for future campaigns/editions"
"giant-shark.webp","Giant Shark","monster","Huge","top-down","Huge beast, tough hide, aquatic","P3","C:/Projects/FoundryVTT/DakksUltimateTokens/art/creatures/giant-shark.webp; canon backlog — no suite slot yet; art pre-made for future campaigns/editions"
"giant-spider.webp","Giant Spider","monster","Large","top-down","Large beast, armoured hide, a climber","P3","C:/Projects/FoundryVTT/DakksUltimateTokens/art/creatures/giant-spider.webp; canon backlog — no suite slot yet; art pre-made for future campaigns/editions"
"giant-toad.webp","Giant Toad","monster","Large","top-down","Large beast, a swimmer","P3","C:/Projects/FoundryVTT/DakksUltimateTokens/art/creatures/giant-toad.webp; canon backlog — no suite slot yet; art pre-made for future campaigns/editions"
"giant-vulture.webp","Giant Vulture","monster","Large","top-down","Large beast, winged flight","P3","C:/Projects/FoundryVTT/DakksUltimateTokens/art/creatures/giant-vulture.webp; canon backlog — no suite slot yet; art pre-made for future campaigns/editions"
"giant-wasp.webp","Giant Wasp","monster","Medium","top-down","Medium beast, winged flight, a swimmer","P3","C:/Projects/FoundryVTT/DakksUltimateTokens/art/creatures/giant-wasp.webp; canon backlog — no suite slot yet; art pre-made for future campaigns/editions"
"giant-weasel.webp","Giant Weasel","monster","Medium","top-down","Medium beast","P3","C:/Projects/FoundryVTT/DakksUltimateTokens/art/creatures/giant-weasel.webp; canon backlog — no suite slot yet; art pre-made for future campaigns/editions"
"giant-wolf-spider.webp","Giant Wolf Spider","monster","Medium","top-down","Medium beast, a climber","P3","C:/Projects/FoundryVTT/DakksUltimateTokens/art/creatures/giant-wolf-spider.webp; canon backlog — no suite slot yet; art pre-made for future campaigns/editions"
"gibbering-mouther.webp","Gibbering Mouther","monster","Medium","top-down","Medium aberration, a swimmer","P3","C:/Projects/FoundryVTT/DakksUltimateTokens/art/creatures/gibbering-mouther.webp; canon backlog — no suite slot yet; art pre-made for future campaigns/editions"
"glabrezu.webp","Glabrezu","monster","Large","top-down","Large fiend (demon), heavily armoured natural plating","P3","C:/Projects/FoundryVTT/DakksUltimateTokens/art/creatures/glabrezu.webp; canon backlog — no suite slot yet; art pre-made for future campaigns/editions"
"gladiator.webp","Gladiator","monster","Medium","top-down","Medium humanoid (any race), wearing studded leather armor","P3","C:/Projects/FoundryVTT/DakksUltimateTokens/art/creatures/gladiator.webp; canon backlog — no suite slot yet; art pre-made for future campaigns/editions"
"gnoll-fang-of-yeenoghu.webp","Gnoll Fang of Yeenoghu","monster","—","top-down","Rank variant of 'gnoll' — the same creature with a leader's trappings and heavier gear","P3","C:/Projects/FoundryVTT/DakksUltimateTokens/art/creatures/gnoll-fang-of-yeenoghu.webp; canon backlog — no suite slot yet; art pre-made for future campaigns/editions; rank variant — base 'gnoll' (gnoll.webp) has its own row; a fang of yeenoghu looks different"
"gnoll-pack-lord.webp","Gnoll Pack Lord","monster","—","top-down","Rank variant of 'gnoll' — the same creature with a leader's trappings and heavier gear","P3","C:/Projects/FoundryVTT/DakksUltimateTokens/art/creatures/gnoll-pack-lord.webp; canon backlog — no suite slot yet; art pre-made for future campaigns/editions; rank variant — base 'gnoll' (gnoll.webp) has its own row; a pack lord looks different"
"goat.webp","Goat","monster","Medium","top-down","Medium beast","P3","C:/Projects/FoundryVTT/DakksUltimateTokens/art/creatures/goat.webp; canon backlog — no suite slot yet; art pre-made for future campaigns/editions"
"goblin-boss.webp","Goblin Boss","monster","—","top-down","Rank variant of 'goblin' — the same creature with a leader's trappings and heavier gear","P3","C:/Projects/FoundryVTT/DakksUltimateTokens/art/creatures/goblin-boss.webp; canon backlog — no suite slot yet; art pre-made for future campaigns/editions; rank variant — base 'goblin' (goblin.webp) has its own row; a boss looks different"
"gold-dragon.webp","Gold Dragon","monster","Huge","top-down","Huge dragon, heavily armoured natural plating, winged flight, a swimmer","P3","C:/Projects/FoundryVTT/DakksUltimateTokens/art/creatures/gold-dragon.webp; canon backlog — no suite slot yet; art pre-made for future campaigns/editions; one image serves all age categories"
"gorgon.webp","Gorgon","monster","Large","top-down","Large monstrosity, heavily armoured natural plating","P3","C:/Projects/FoundryVTT/DakksUltimateTokens/art/creatures/gorgon.webp; canon backlog — no suite slot yet; art pre-made for future campaigns/editions"
"gray-ooze.webp","Gray Ooze","monster","Medium","top-down","Medium ooze, a climber","P3","C:/Projects/FoundryVTT/DakksUltimateTokens/art/creatures/gray-ooze.webp; canon backlog — no suite slot yet; art pre-made for future campaigns/editions"
"green-dragon.webp","Green Dragon","monster","Huge","top-down","Huge dragon, heavily armoured natural plating, winged flight, a swimmer","P3","C:/Projects/FoundryVTT/DakksUltimateTokens/art/creatures/green-dragon.webp; canon backlog — no suite slot yet; art pre-made for future campaigns/editions; one image serves all age categories"
"green-hag.webp","Green Hag","monster","Medium","top-down","Medium fey, heavily armoured natural plating","P3","C:/Projects/FoundryVTT/DakksUltimateTokens/art/creatures/green-hag.webp; canon backlog — no suite slot yet; art pre-made for future campaigns/editions"
"grick.webp","Grick","monster","Medium","top-down","Medium monstrosity, armoured hide, a climber","P3","C:/Projects/FoundryVTT/DakksUltimateTokens/art/creatures/grick.webp; canon backlog — no suite slot yet; art pre-made for future campaigns/editions"
"grimlock.webp","Grimlock","monster","Medium","top-down","Medium humanoid (grimlock)","P3","C:/Projects/FoundryVTT/DakksUltimateTokens/art/creatures/grimlock.webp; canon backlog — no suite slot yet; art pre-made for future campaigns/editions"
"guard.webp","Guard","monster","Medium","top-down","Medium humanoid (any race), wearing chain shirt","P3","C:/Projects/FoundryVTT/DakksUltimateTokens/art/creatures/guard.webp; canon backlog — no suite slot yet; art pre-made for future campaigns/editions"
"guardian-naga.webp","Guardian Naga","monster","Large","top-down","Large monstrosity, heavily armoured natural plating","P3","C:/Projects/FoundryVTT/DakksUltimateTokens/art/creatures/guardian-naga.webp; canon backlog — no suite slot yet; art pre-made for future campaigns/editions"
"gynosphinx.webp","Gynosphinx","monster","Large","top-down","Large monstrosity, heavily armoured natural plating, winged flight","P3","C:/Projects/FoundryVTT/DakksUltimateTokens/art/creatures/gynosphinx.webp; canon backlog — no suite slot yet; art pre-made for future campaigns/editions"
"half-red-dragon-veteran.webp","Half-Red Dragon Veteran","monster","Medium","top-down","Medium humanoid (human), wearing plate armor","P3","C:/Projects/FoundryVTT/DakksUltimateTokens/art/creatures/half-red-dragon-veteran.webp; canon backlog — no suite slot yet; art pre-made for future campaigns/editions"
"hawk.webp","Hawk","monster","Tiny","top-down","Tiny beast, winged flight","P3","C:/Projects/FoundryVTT/DakksUltimateTokens/art/creatures/hawk.webp; canon backlog — no suite slot yet; art pre-made for future campaigns/editions"
"hell-hound.webp","Hell Hound","monster","Medium","top-down","Medium fiend, armoured hide","P3","C:/Projects/FoundryVTT/DakksUltimateTokens/art/creatures/hell-hound.webp; canon backlog — no suite slot yet; art pre-made for future campaigns/editions"
"hezrou.webp","Hezrou","monster","Large","top-down","Large fiend (demon), armoured hide","P3","C:/Projects/FoundryVTT/DakksUltimateTokens/art/creatures/hezrou.webp; canon backlog — no suite slot yet; art pre-made for future campaigns/editions"
"hill-giant.webp","Hill Giant","monster","Huge","top-down","Huge giant, tough hide","P3","C:/Projects/FoundryVTT/DakksUltimateTokens/art/creatures/hill-giant.webp; canon backlog — no suite slot yet; art pre-made for future campaigns/editions"
"hippogriff.webp","Hippogriff","monster","Large","top-down","Large monstrosity, winged flight","P3","C:/Projects/FoundryVTT/DakksUltimateTokens/art/creatures/hippogriff.webp; canon backlog — no suite slot yet; art pre-made for future campaigns/editions"
"hobgoblin-captain.webp","Hobgoblin Captain","monster","—","top-down","Rank variant of 'hobgoblin' — the same creature with a leader's trappings and heavier gear","P3","C:/Projects/FoundryVTT/DakksUltimateTokens/art/creatures/hobgoblin-captain.webp; canon backlog — no suite slot yet; art pre-made for future campaigns/editions; rank variant — base 'hobgoblin' (hobgoblin.webp) has its own row; a captain looks different"
"hobgoblin-warlord.webp","Hobgoblin Warlord","monster","—","top-down","Rank variant of 'hobgoblin' — the same creature with a leader's trappings and heavier gear","P3","C:/Projects/FoundryVTT/DakksUltimateTokens/art/creatures/hobgoblin-warlord.webp; canon backlog — no suite slot yet; art pre-made for future campaigns/editions; rank variant — base 'hobgoblin' (hobgoblin.webp) has its own row; a warlord looks different"
"homunculus.webp","Homunculus","monster","Tiny","top-down","Tiny construct, tough hide, winged flight","P3","C:/Projects/FoundryVTT/DakksUltimateTokens/art/creatures/homunculus.webp; canon backlog — no suite slot yet; art pre-made for future campaigns/editions"
"horned-devil.webp","Horned Devil","monster","Large","top-down","Large fiend (devil), heavily armoured natural plating, winged flight","P3","C:/Projects/FoundryVTT/DakksUltimateTokens/art/creatures/horned-devil.webp; canon backlog — no suite slot yet; art pre-made for future campaigns/editions"
"hunter-shark.webp","Hunter Shark","monster","Large","top-down","Large beast, aquatic","P3","C:/Projects/FoundryVTT/DakksUltimateTokens/art/creatures/hunter-shark.webp; canon backlog — no suite slot yet; art pre-made for future campaigns/editions"
"hyena.webp","Hyena","monster","Medium","top-down","Medium beast","P3","C:/Projects/FoundryVTT/DakksUltimateTokens/art/creatures/hyena.webp; canon backlog — no suite slot yet; art pre-made for future campaigns/editions"
"ice-devil.webp","Ice Devil","monster","Large","top-down","Large fiend (devil), heavily armoured natural plating","P3","C:/Projects/FoundryVTT/DakksUltimateTokens/art/creatures/ice-devil.webp; canon backlog — no suite slot yet; art pre-made for future campaigns/editions"
"ice-mephit.webp","Ice Mephit","monster","Small","top-down","Small elemental, winged flight","P3","C:/Projects/FoundryVTT/DakksUltimateTokens/art/creatures/ice-mephit.webp; canon backlog — no suite slot yet; art pre-made for future campaigns/editions"
"imp.webp","Imp","monster","Tiny","top-down","Tiny fiend (devil), winged flight","P3","C:/Projects/FoundryVTT/DakksUltimateTokens/art/creatures/imp.webp; canon backlog — no suite slot yet; art pre-made for future campaigns/editions"
"incubus.webp","Incubus","monster","Medium","top-down","Medium fiend (shapechanger), armoured hide, winged flight","P3","C:/Projects/FoundryVTT/DakksUltimateTokens/art/creatures/incubus.webp; canon backlog — no suite slot yet; art pre-made for future campaigns/editions"
"iron-golem.webp","Iron Golem","monster","Large","top-down","Large construct, heavily armoured natural plating","P3","C:/Projects/FoundryVTT/DakksUltimateTokens/art/creatures/iron-golem.webp; canon backlog — no suite slot yet; art pre-made for future campaigns/editions"
"jackal.webp","Jackal","monster","Small","top-down","Small beast","P3","C:/Projects/FoundryVTT/DakksUltimateTokens/art/creatures/jackal.webp; canon backlog — no suite slot yet; art pre-made for future campaigns/editions"
"killer-whale.webp","Killer Whale","monster","Huge","top-down","Huge beast, tough hide, aquatic","P3","C:/Projects/FoundryVTT/DakksUltimateTokens/art/creatures/killer-whale.webp; canon backlog — no suite slot yet; art pre-made for future campaigns/editions"
"knight.webp","Knight","monster","Medium","top-down","Medium humanoid (any race), wearing plate armor","P3","C:/Projects/FoundryVTT/DakksUltimateTokens/art/creatures/knight.webp; canon backlog — no suite slot yet; art pre-made for future campaigns/editions"
"kraken.webp","Kraken","monster","Gargantuan","top-down","Gargantuan monstrosity (titan), heavily armoured natural plating, a swimmer","P3","C:/Projects/FoundryVTT/DakksUltimateTokens/art/creatures/kraken.webp; canon backlog — no suite slot yet; art pre-made for future campaigns/editions"
"kuo-toa-archpriest.webp","Kuo-toa Archpriest","monster","—","top-down","Rank variant of 'kuo-toa' — the same creature with a leader's trappings and heavier gear","P3","C:/Projects/FoundryVTT/DakksUltimateTokens/art/creatures/kuo-toa-archpriest.webp; canon backlog — no suite slot yet; art pre-made for future campaigns/editions; rank variant — base 'kuo-toa' (kuo-toa.webp) has its own row; a archpriest looks different"
"kuo-toa-monitor.webp","Kuo-toa Monitor","monster","—","top-down","Rank variant of 'kuo-toa' — the same creature with a leader's trappings and heavier gear","P3","C:/Projects/FoundryVTT/DakksUltimateTokens/art/creatures/kuo-toa-monitor.webp; canon backlog — no suite slot yet; art pre-made for future campaigns/editions; rank variant — base 'kuo-toa' (kuo-toa.webp) has its own row; a monitor looks different"
"kuo-toa-whip.webp","Kuo-toa Whip","monster","—","top-down","Rank variant of 'kuo-toa' — the same creature with a leader's trappings and heavier gear","P3","C:/Projects/FoundryVTT/DakksUltimateTokens/art/creatures/kuo-toa-whip.webp; canon backlog — no suite slot yet; art pre-made for future campaigns/editions; rank variant — base 'kuo-toa' (kuo-toa.webp) has its own row; a whip looks different"
"lamia.webp","Lamia","monster","Large","top-down","Large monstrosity, tough hide","P3","C:/Projects/FoundryVTT/DakksUltimateTokens/art/creatures/lamia.webp; canon backlog — no suite slot yet; art pre-made for future campaigns/editions"
"lemure.webp","Lemure","monster","Medium","top-down","Medium fiend (devil)","P3","C:/Projects/FoundryVTT/DakksUltimateTokens/art/creatures/lemure.webp; canon backlog — no suite slot yet; art pre-made for future campaigns/editions"
"lion.webp","Lion","monster","Large","top-down","Large beast","P3","C:/Projects/FoundryVTT/DakksUltimateTokens/art/creatures/lion.webp; canon backlog — no suite slot yet; art pre-made for future campaigns/editions"
"lizard.webp","Lizard","monster","Tiny","top-down","Tiny beast, a climber","P3","C:/Projects/FoundryVTT/DakksUltimateTokens/art/creatures/lizard.webp; canon backlog — no suite slot yet; art pre-made for future campaigns/editions"
"lizard-king.webp","Lizard King","monster","—","top-down","Rank variant of 'lizard' — the same creature with a leader's trappings and heavier gear","P3","C:/Projects/FoundryVTT/DakksUltimateTokens/art/creatures/lizard-king.webp; canon backlog — no suite slot yet; art pre-made for future campaigns/editions; rank variant — base 'lizard' (lizard.webp) has its own row; a king looks different"
"lizard-queen.webp","Lizard Queen","monster","—","top-down","Rank variant of 'lizard' — the same creature with a leader's trappings and heavier gear","P3","C:/Projects/FoundryVTT/DakksUltimateTokens/art/creatures/lizard-queen.webp; canon backlog — no suite slot yet; art pre-made for future campaigns/editions; rank variant — base 'lizard' (lizard.webp) has its own row; a queen looks different"
"lizardfolk.webp","Lizardfolk","monster","Medium","top-down","Medium humanoid (lizardfolk), tough hide, a swimmer","P3","C:/Projects/FoundryVTT/DakksUltimateTokens/art/creatures/lizardfolk.webp; canon backlog — no suite slot yet; art pre-made for future campaigns/editions"
"lizardfolk-shaman.webp","Lizardfolk Shaman","monster","—","top-down","Rank variant of 'lizardfolk' — the same creature with a leader's trappings and heavier gear","P3","C:/Projects/FoundryVTT/DakksUltimateTokens/art/creatures/lizardfolk-shaman.webp; canon backlog — no suite slot yet; art pre-made for future campaigns/editions; rank variant — base 'lizardfolk' (lizardfolk.webp) has its own row; a shaman looks different"
"mage.webp","Mage","monster","Medium","top-down","Medium humanoid (any race)","P3","C:/Projects/FoundryVTT/DakksUltimateTokens/art/creatures/mage.webp; canon backlog — no suite slot yet; art pre-made for future campaigns/editions"
"magma-mephit.webp","Magma Mephit","monster","Small","top-down","Small elemental, winged flight","P3","C:/Projects/FoundryVTT/DakksUltimateTokens/art/creatures/magma-mephit.webp; canon backlog — no suite slot yet; art pre-made for future campaigns/editions"
"magmin.webp","Magmin","monster","Small","top-down","Small elemental, armoured hide","P3","C:/Projects/FoundryVTT/DakksUltimateTokens/art/creatures/magmin.webp; canon backlog — no suite slot yet; art pre-made for future campaigns/editions"
"mammoth.webp","Mammoth","monster","Huge","top-down","Huge beast, tough hide","P3","C:/Projects/FoundryVTT/DakksUltimateTokens/art/creatures/mammoth.webp; canon backlog — no suite slot yet; art pre-made for future campaigns/editions"
"mastiff.webp","Mastiff","monster","Medium","top-down","Medium beast","P3","C:/Projects/FoundryVTT/DakksUltimateTokens/art/creatures/mastiff.webp; canon backlog — no suite slot yet; art pre-made for future campaigns/editions"
"merfolk.webp","Merfolk","monster","Medium","top-down","Medium humanoid (merfolk), a swimmer","P3","C:/Projects/FoundryVTT/DakksUltimateTokens/art/creatures/merfolk.webp; canon backlog — no suite slot yet; art pre-made for future campaigns/editions"
"merrow.webp","Merrow","monster","Large","top-down","Large monstrosity, tough hide, a swimmer","P3","C:/Projects/FoundryVTT/DakksUltimateTokens/art/creatures/merrow.webp; canon backlog — no suite slot yet; art pre-made for future campaigns/editions"
"mimic.webp","Mimic","monster","Medium","top-down","Medium monstrosity (shapechanger), tough hide","P3","C:/Projects/FoundryVTT/DakksUltimateTokens/art/creatures/mimic.webp; canon backlog — no suite slot yet; art pre-made for future campaigns/editions"
"mindflayer-arcanist.webp","Mindflayer Arcanist","monster","—","top-down","Rank variant of 'mindflayer' — the same creature with a leader's trappings and heavier gear","P3","C:/Projects/FoundryVTT/DakksUltimateTokens/art/creatures/mindflayer-arcanist.webp; canon backlog — no suite slot yet; art pre-made for future campaigns/editions; rank variant — base 'mindflayer' (mindflayer.webp) has its own row; a arcanist looks different"
"minotaur-skeleton.webp","Minotaur Skeleton","monster","Large","top-down","Large undead, tough hide","P3","C:/Projects/FoundryVTT/DakksUltimateTokens/art/creatures/minotaur-skeleton.webp; canon backlog — no suite slot yet; art pre-made for future campaigns/editions"
"mule.webp","Mule","monster","Medium","top-down","Medium beast","P3","C:/Projects/FoundryVTT/DakksUltimateTokens/art/creatures/mule.webp; canon backlog — no suite slot yet; art pre-made for future campaigns/editions"
"mummy-lord.webp","Mummy Lord","monster","Medium","top-down","Medium undead, heavily armoured natural plating","P3","C:/Projects/FoundryVTT/DakksUltimateTokens/art/creatures/mummy-lord.webp; canon backlog — no suite slot yet; art pre-made for future campaigns/editions; rank variant — base 'mummy' (mummy.webp) has its own row; a lord looks different"
"nalfeshnee.webp","Nalfeshnee","monster","Large","top-down","Large fiend (demon), heavily armoured natural plating, winged flight","P3","C:/Projects/FoundryVTT/DakksUltimateTokens/art/creatures/nalfeshnee.webp; canon backlog — no suite slot yet; art pre-made for future campaigns/editions"
"nightmare.webp","Nightmare","monster","Large","top-down","Large fiend, tough hide, winged flight","P3","C:/Projects/FoundryVTT/DakksUltimateTokens/art/creatures/nightmare.webp; canon backlog — no suite slot yet; art pre-made for future campaigns/editions"
"noble.webp","Noble","monster","Medium","top-down","Medium humanoid (any race), wearing breastplate","P3","C:/Projects/FoundryVTT/DakksUltimateTokens/art/creatures/noble.webp; canon backlog — no suite slot yet; art pre-made for future campaigns/editions"
"ochre-jelly.webp","Ochre Jelly","monster","Large","top-down","Large ooze, a climber","P3","C:/Projects/FoundryVTT/DakksUltimateTokens/art/creatures/ochre-jelly.webp; canon backlog — no suite slot yet; art pre-made for future campaigns/editions"
"octopus.webp","Octopus","monster","Small","top-down","Small beast, a swimmer","P3","C:/Projects/FoundryVTT/DakksUltimateTokens/art/creatures/octopus.webp; canon backlog — no suite slot yet; art pre-made for future campaigns/editions"
"ogre-zombie.webp","Ogre Zombie","monster","Large","top-down","Large undead","P3","C:/Projects/FoundryVTT/DakksUltimateTokens/art/creatures/ogre-zombie.webp; canon backlog — no suite slot yet; art pre-made for future campaigns/editions"
"oni.webp","Oni","monster","Large","top-down","Large giant, wearing chain mail, winged flight","P3","C:/Projects/FoundryVTT/DakksUltimateTokens/art/creatures/oni.webp; canon backlog — no suite slot yet; art pre-made for future campaigns/editions"
"orc-eye-of-gruumsh.webp","Orc Eye of Gruumsh","monster","—","top-down","Rank variant of 'orc' — the same creature with a leader's trappings and heavier gear","P3","C:/Projects/FoundryVTT/DakksUltimateTokens/art/creatures/orc-eye-of-gruumsh.webp; canon backlog — no suite slot yet; art pre-made for future campaigns/editions; rank variant — base 'orc' (orc.webp) has its own row; a eye of gruumsh looks different"
"orc-war-chief.webp","Orc War Chief","monster","—","top-down","Rank variant of 'orc' — the same creature with a leader's trappings and heavier gear","P3","C:/Projects/FoundryVTT/DakksUltimateTokens/art/creatures/orc-war-chief.webp; canon backlog — no suite slot yet; art pre-made for future campaigns/editions; rank variant — base 'orc' (orc.webp) has its own row; a war chief looks different"
"owl.webp","Owl","monster","Tiny","top-down","Tiny beast, winged flight","P3","C:/Projects/FoundryVTT/DakksUltimateTokens/art/creatures/owl.webp; canon backlog — no suite slot yet; art pre-made for future campaigns/editions"
"panther.webp","Panther","monster","Medium","top-down","Medium beast, a climber","P3","C:/Projects/FoundryVTT/DakksUltimateTokens/art/creatures/panther.webp; canon backlog — no suite slot yet; art pre-made for future campaigns/editions"
"pegasus.webp","Pegasus","monster","Large","top-down","Large celestial, winged flight","P3","C:/Projects/FoundryVTT/DakksUltimateTokens/art/creatures/pegasus.webp; canon backlog — no suite slot yet; art pre-made for future campaigns/editions"
"planetar.webp","Planetar","monster","Large","top-down","Large celestial, heavily armoured natural plating, winged flight","P3","C:/Projects/FoundryVTT/DakksUltimateTokens/art/creatures/planetar.webp; canon backlog — no suite slot yet; art pre-made for future campaigns/editions"
"plesiosaurus.webp","Plesiosaurus","monster","Large","top-down","Large beast, tough hide, a swimmer","P3","C:/Projects/FoundryVTT/DakksUltimateTokens/art/creatures/plesiosaurus.webp; canon backlog — no suite slot yet; art pre-made for future campaigns/editions"
"poisonous-snake.webp","Poisonous Snake","monster","Tiny","top-down","Tiny beast, a swimmer","P3","C:/Projects/FoundryVTT/DakksUltimateTokens/art/creatures/poisonous-snake.webp; canon backlog — no suite slot yet; art pre-made for future campaigns/editions"
"polar-bear.webp","Polar Bear","monster","Large","top-down","Large beast, tough hide, a swimmer","P3","C:/Projects/FoundryVTT/DakksUltimateTokens/art/creatures/polar-bear.webp; canon backlog — no suite slot yet; art pre-made for future campaigns/editions"
"pony.webp","Pony","monster","Medium","top-down","Medium beast","P3","C:/Projects/FoundryVTT/DakksUltimateTokens/art/creatures/pony.webp; canon backlog — no suite slot yet; art pre-made for future campaigns/editions"
"priest.webp","Priest","monster","Medium","top-down","Medium humanoid (any race), wearing chain shirt","P3","C:/Projects/FoundryVTT/DakksUltimateTokens/art/creatures/priest.webp; canon backlog — no suite slot yet; art pre-made for future campaigns/editions"
"pseudodragon.webp","Pseudodragon","monster","Tiny","top-down","Tiny dragon, tough hide, winged flight","P3","C:/Projects/FoundryVTT/DakksUltimateTokens/art/creatures/pseudodragon.webp; canon backlog — no suite slot yet; art pre-made for future campaigns/editions"
"pteranodon.webp","Pteranodon","monster","—","top-down","A crested winged pterosaur","P3","C:/Projects/FoundryVTT/DakksUltimateTokens/art/creatures/pteranodon.webp; canon backlog — no suite slot yet; art pre-made for future campaigns/editions"
"purple-worm.webp","Purple Worm","monster","Gargantuan","top-down","Gargantuan monstrosity, heavily armoured natural plating, a burrower","P3","C:/Projects/FoundryVTT/DakksUltimateTokens/art/creatures/purple-worm.webp; canon backlog — no suite slot yet; art pre-made for future campaigns/editions"
"quaggoth-thonot.webp","Quaggoth Thonot","monster","—","top-down","Rank variant of 'quaggoth' — the same creature with a leader's trappings and heavier gear","P3","C:/Projects/FoundryVTT/DakksUltimateTokens/art/creatures/quaggoth-thonot.webp; canon backlog — no suite slot yet; art pre-made for future campaigns/editions; rank variant — base 'quaggoth' (quaggoth.webp) has its own row; a thonot looks different"
"quasit.webp","Quasit","monster","Tiny","top-down","Tiny fiend (demon)","P3","C:/Projects/FoundryVTT/DakksUltimateTokens/art/creatures/quasit.webp; canon backlog — no suite slot yet; art pre-made for future campaigns/editions"
"quipper.webp","Quipper","monster","Tiny","top-down","Tiny beast, aquatic","P3","C:/Projects/FoundryVTT/DakksUltimateTokens/art/creatures/quipper.webp; canon backlog — no suite slot yet; art pre-made for future campaigns/editions"
"rat.webp","Rat","monster","Tiny","top-down","Tiny beast","P3","C:/Projects/FoundryVTT/DakksUltimateTokens/art/creatures/rat.webp; canon backlog — no suite slot yet; art pre-made for future campaigns/editions"
"raven.webp","Raven","monster","Tiny","top-down","Tiny beast, winged flight","P3","C:/Projects/FoundryVTT/DakksUltimateTokens/art/creatures/raven.webp; canon backlog — no suite slot yet; art pre-made for future campaigns/editions"
"red-dragon.webp","Red Dragon","monster","Huge","top-down","Huge dragon, heavily armoured natural plating, winged flight, a climber","P3","C:/Projects/FoundryVTT/DakksUltimateTokens/art/creatures/red-dragon.webp; canon backlog — no suite slot yet; art pre-made for future campaigns/editions; one image serves all age categories"
"reef-shark.webp","Reef Shark","monster","Medium","top-down","Medium beast, tough hide, aquatic","P3","C:/Projects/FoundryVTT/DakksUltimateTokens/art/creatures/reef-shark.webp; canon backlog — no suite slot yet; art pre-made for future campaigns/editions"
"rhinoceros.webp","Rhinoceros","monster","Large","top-down","Large beast","P3","C:/Projects/FoundryVTT/DakksUltimateTokens/art/creatures/rhinoceros.webp; canon backlog — no suite slot yet; art pre-made for future campaigns/editions"
"riding-horse.webp","Riding Horse","monster","Large","top-down","Large beast","P3","C:/Projects/FoundryVTT/DakksUltimateTokens/art/creatures/riding-horse.webp; canon backlog — no suite slot yet; art pre-made for future campaigns/editions"
"roc.webp","Roc","monster","Gargantuan","top-down","Gargantuan monstrosity, armoured hide, winged flight","P3","C:/Projects/FoundryVTT/DakksUltimateTokens/art/creatures/roc.webp; canon backlog — no suite slot yet; art pre-made for future campaigns/editions"
"roper.webp","Roper","monster","Large","top-down","Large monstrosity, heavily armoured natural plating, a climber","P3","C:/Projects/FoundryVTT/DakksUltimateTokens/art/creatures/roper.webp; canon backlog — no suite slot yet; art pre-made for future campaigns/editions"
"rug-of-smothering.webp","Rug of Smothering","monster","Large","top-down","Large construct","P3","C:/Projects/FoundryVTT/DakksUltimateTokens/art/creatures/rug-of-smothering.webp; canon backlog — no suite slot yet; art pre-made for future campaigns/editions"
"rust-monster.webp","Rust Monster","monster","Medium","top-down","Medium monstrosity, armoured hide","P3","C:/Projects/FoundryVTT/DakksUltimateTokens/art/creatures/rust-monster.webp; canon backlog — no suite slot yet; art pre-made for future campaigns/editions"
"saber-toothed-tiger.webp","Saber-Toothed Tiger","monster","Large","top-down","Large beast","P3","C:/Projects/FoundryVTT/DakksUltimateTokens/art/creatures/saber-toothed-tiger.webp; canon backlog — no suite slot yet; art pre-made for future campaigns/editions"
"sahuagin.webp","Sahuagin","monster","Medium","top-down","Medium humanoid (sahuagin), tough hide, a swimmer","P3","C:/Projects/FoundryVTT/DakksUltimateTokens/art/creatures/sahuagin.webp; canon backlog — no suite slot yet; art pre-made for future campaigns/editions"
"sahuagin-baron.webp","Sahuagin Baron","monster","—","top-down","Rank variant of 'sahuagin' — the same creature with a leader's trappings and heavier gear","P3","C:/Projects/FoundryVTT/DakksUltimateTokens/art/creatures/sahuagin-baron.webp; canon backlog — no suite slot yet; art pre-made for future campaigns/editions; rank variant — base 'sahuagin' (sahuagin.webp) has its own row; a baron looks different"
"sahuagin-priestess.webp","Sahuagin Priestess","monster","—","top-down","Rank variant of 'sahuagin' — the same creature with a leader's trappings and heavier gear","P3","C:/Projects/FoundryVTT/DakksUltimateTokens/art/creatures/sahuagin-priestess.webp; canon backlog — no suite slot yet; art pre-made for future campaigns/editions; rank variant — base 'sahuagin' (sahuagin.webp) has its own row; a priestess looks different"
"scarecrow.webp","Scarecrow","monster","—","top-down","A ragged animated scarecrow","P3","C:/Projects/FoundryVTT/DakksUltimateTokens/art/creatures/scarecrow.webp; canon backlog — no suite slot yet; art pre-made for future campaigns/editions"
"scorpion.webp","Scorpion","monster","Tiny","top-down","Tiny beast","P3","C:/Projects/FoundryVTT/DakksUltimateTokens/art/creatures/scorpion.webp; canon backlog — no suite slot yet; art pre-made for future campaigns/editions"
"scout.webp","Scout","monster","Medium","top-down","Medium humanoid (any race), wearing leather armor","P3","C:/Projects/FoundryVTT/DakksUltimateTokens/art/creatures/scout.webp; canon backlog — no suite slot yet; art pre-made for future campaigns/editions"
"sea-hag.webp","Sea Hag","monster","Medium","top-down","Medium fey, armoured hide, a swimmer","P3","C:/Projects/FoundryVTT/DakksUltimateTokens/art/creatures/sea-hag.webp; canon backlog — no suite slot yet; art pre-made for future campaigns/editions"
"sea-horse.webp","Sea Horse","monster","Tiny","top-down","Tiny beast, aquatic","P3","C:/Projects/FoundryVTT/DakksUltimateTokens/art/creatures/sea-horse.webp; canon backlog — no suite slot yet; art pre-made for future campaigns/editions"
"shambling-mound.webp","Shambling Mound","monster","Large","top-down","Large plant, armoured hide, a swimmer","P3","C:/Projects/FoundryVTT/DakksUltimateTokens/art/creatures/shambling-mound.webp; canon backlog — no suite slot yet; art pre-made for future campaigns/editions"
"shield-guardian.webp","Shield Guardian","monster","Large","top-down","Large construct, heavily armoured natural plating","P3","C:/Projects/FoundryVTT/DakksUltimateTokens/art/creatures/shield-guardian.webp; canon backlog — no suite slot yet; art pre-made for future campaigns/editions"
"shrieker.webp","Shrieker","monster","Medium","top-down","Medium plant","P3","C:/Projects/FoundryVTT/DakksUltimateTokens/art/creatures/shrieker.webp; canon backlog — no suite slot yet; art pre-made for future campaigns/editions"
"silver-dragon.webp","Silver Dragon","monster","Huge","top-down","Huge dragon, heavily armoured natural plating, winged flight","P3","C:/Projects/FoundryVTT/DakksUltimateTokens/art/creatures/silver-dragon.webp; canon backlog — no suite slot yet; art pre-made for future campaigns/editions; one image serves all age categories"
"solar.webp","Solar","monster","Large","top-down","Large celestial, heavily armoured natural plating, winged flight","P3","C:/Projects/FoundryVTT/DakksUltimateTokens/art/creatures/solar.webp; canon backlog — no suite slot yet; art pre-made for future campaigns/editions"
"spider.webp","Spider","monster","Tiny","top-down","Tiny beast, a climber","P3","C:/Projects/FoundryVTT/DakksUltimateTokens/art/creatures/spider.webp; canon backlog — no suite slot yet; art pre-made for future campaigns/editions"
"spirit-naga.webp","Spirit Naga","monster","Large","top-down","Large monstrosity, armoured hide","P3","C:/Projects/FoundryVTT/DakksUltimateTokens/art/creatures/spirit-naga.webp; canon backlog — no suite slot yet; art pre-made for future campaigns/editions"
"spy.webp","Spy","monster","Medium","top-down","Medium humanoid (any race)","P3","C:/Projects/FoundryVTT/DakksUltimateTokens/art/creatures/spy.webp; canon backlog — no suite slot yet; art pre-made for future campaigns/editions"
"steam-mephit.webp","Steam Mephit","monster","Small","top-down","Small elemental, winged flight","P3","C:/Projects/FoundryVTT/DakksUltimateTokens/art/creatures/steam-mephit.webp; canon backlog — no suite slot yet; art pre-made for future campaigns/editions"
"stirge.webp","Stirge","monster","Tiny","top-down","Tiny beast, armoured hide, winged flight","P3","C:/Projects/FoundryVTT/DakksUltimateTokens/art/creatures/stirge.webp; canon backlog — no suite slot yet; art pre-made for future campaigns/editions"
"stone-giant.webp","Stone Giant","monster","Huge","top-down","Huge giant, heavily armoured natural plating","P3","C:/Projects/FoundryVTT/DakksUltimateTokens/art/creatures/stone-giant.webp; canon backlog — no suite slot yet; art pre-made for future campaigns/editions"
"stone-golem.webp","Stone Golem","monster","Large","top-down","Large construct, heavily armoured natural plating","P3","C:/Projects/FoundryVTT/DakksUltimateTokens/art/creatures/stone-golem.webp; canon backlog — no suite slot yet; art pre-made for future campaigns/editions"
"storm-giant.webp","Storm Giant","monster","Huge","top-down","Huge giant, wearing scale mail, a swimmer","P3","C:/Projects/FoundryVTT/DakksUltimateTokens/art/creatures/storm-giant.webp; canon backlog — no suite slot yet; art pre-made for future campaigns/editions"
"succubus.webp","Succubus","monster","Medium","top-down","Medium fiend (shapechanger), armoured hide, winged flight","P3","C:/Projects/FoundryVTT/DakksUltimateTokens/art/creatures/succubus.webp; canon backlog — no suite slot yet; art pre-made for future campaigns/editions"
"swarm-of-bats.webp","Swarm of Bats","monster","Medium","top-down","Medium swarm of Tiny beasts, winged flight","P3","C:/Projects/FoundryVTT/DakksUltimateTokens/art/creatures/swarm-of-bats.webp; canon backlog — no suite slot yet; art pre-made for future campaigns/editions"
"swarm-of-beetles.webp","Swarm of Beetles","monster","Medium","top-down","Medium swarm of Tiny beasts, tough hide, a burrower, a climber","P3","C:/Projects/FoundryVTT/DakksUltimateTokens/art/creatures/swarm-of-beetles.webp; canon backlog — no suite slot yet; art pre-made for future campaigns/editions"
"swarm-of-centipedes.webp","Swarm of Centipedes","monster","Medium","top-down","Medium swarm of Tiny beasts, tough hide, a climber","P3","C:/Projects/FoundryVTT/DakksUltimateTokens/art/creatures/swarm-of-centipedes.webp; canon backlog — no suite slot yet; art pre-made for future campaigns/editions"
"swarm-of-insects.webp","Swarm of Insects","monster","Medium","top-down","Medium swarm of Tiny beasts, tough hide, a climber","P3","C:/Projects/FoundryVTT/DakksUltimateTokens/art/creatures/swarm-of-insects.webp; canon backlog — no suite slot yet; art pre-made for future campaigns/editions"
"swarm-of-poisonous-snakes.webp","Swarm of Poisonous Snakes","monster","Medium","top-down","Medium swarm of Tiny beasts, quick and unarmoured, a swimmer","P3","C:/Projects/FoundryVTT/DakksUltimateTokens/art/creatures/swarm-of-poisonous-snakes.webp; canon backlog — no suite slot yet; art pre-made for future campaigns/editions"
"swarm-of-quippers.webp","Swarm of Quippers","monster","Medium","top-down","Medium swarm of Tiny beasts, aquatic","P3","C:/Projects/FoundryVTT/DakksUltimateTokens/art/creatures/swarm-of-quippers.webp; canon backlog — no suite slot yet; art pre-made for future campaigns/editions"
"swarm-of-rats.webp","Swarm of Rats","monster","Medium","top-down","Medium swarm of Tiny beasts","P3","C:/Projects/FoundryVTT/DakksUltimateTokens/art/creatures/swarm-of-rats.webp; canon backlog — no suite slot yet; art pre-made for future campaigns/editions"
"swarm-of-ravens.webp","Swarm of Ravens","monster","Medium","top-down","Medium swarm of Tiny beasts, winged flight","P3","C:/Projects/FoundryVTT/DakksUltimateTokens/art/creatures/swarm-of-ravens.webp; canon backlog — no suite slot yet; art pre-made for future campaigns/editions"
"swarm-of-spiders.webp","Swarm of Spiders","monster","Medium","top-down","Medium swarm of Tiny beasts, tough hide, a climber","P3","C:/Projects/FoundryVTT/DakksUltimateTokens/art/creatures/swarm-of-spiders.webp; canon backlog — no suite slot yet; art pre-made for future campaigns/editions"
"swarm-of-wasps.webp","Swarm of Wasps","monster","Medium","top-down","Medium swarm of Tiny beasts, tough hide, winged flight","P3","C:/Projects/FoundryVTT/DakksUltimateTokens/art/creatures/swarm-of-wasps.webp; canon backlog — no suite slot yet; art pre-made for future campaigns/editions"
"tiger.webp","Tiger","monster","Large","top-down","Large beast","P3","C:/Projects/FoundryVTT/DakksUltimateTokens/art/creatures/tiger.webp; canon backlog — no suite slot yet; art pre-made for future campaigns/editions"
"tribal-warrior.webp","Tribal Warrior","monster","Medium","top-down","Medium humanoid (any race), wearing hide armor","P3","C:/Projects/FoundryVTT/DakksUltimateTokens/art/creatures/tribal-warrior.webp; canon backlog — no suite slot yet; art pre-made for future campaigns/editions"
"triceratops.webp","Triceratops","monster","Huge","top-down","Huge beast, tough hide","P3","C:/Projects/FoundryVTT/DakksUltimateTokens/art/creatures/triceratops.webp; canon backlog — no suite slot yet; art pre-made for future campaigns/editions"
"tyrannosaurus-rex.webp","Tyrannosaurus Rex","monster","Huge","top-down","Huge beast, tough hide","P3","C:/Projects/FoundryVTT/DakksUltimateTokens/art/creatures/tyrannosaurus-rex.webp; canon backlog — no suite slot yet; art pre-made for future campaigns/editions"
"vampire-spawn.webp","Vampire Spawn","monster","Medium","top-down","Medium undead, armoured hide","P3","C:/Projects/FoundryVTT/DakksUltimateTokens/art/creatures/vampire-spawn.webp; canon backlog — no suite slot yet; art pre-made for future campaigns/editions"
"veteran.webp","Veteran","monster","Medium","top-down","Medium humanoid (any race), wearing splint armor","P3","C:/Projects/FoundryVTT/DakksUltimateTokens/art/creatures/veteran.webp; canon backlog — no suite slot yet; art pre-made for future campaigns/editions"
"violet-fungus.webp","Violet Fungus","monster","Medium","top-down","Medium plant","P3","C:/Projects/FoundryVTT/DakksUltimateTokens/art/creatures/violet-fungus.webp; canon backlog — no suite slot yet; art pre-made for future campaigns/editions"
"vrock.webp","Vrock","monster","Large","top-down","Large fiend (demon), armoured hide, winged flight","P3","C:/Projects/FoundryVTT/DakksUltimateTokens/art/creatures/vrock.webp; canon backlog — no suite slot yet; art pre-made for future campaigns/editions"
"vulture.webp","Vulture","monster","Medium","top-down","Medium beast, winged flight","P3","C:/Projects/FoundryVTT/DakksUltimateTokens/art/creatures/vulture.webp; canon backlog — no suite slot yet; art pre-made for future campaigns/editions"
"warhorse.webp","Warhorse","monster","Large","top-down","Large beast","P3","C:/Projects/FoundryVTT/DakksUltimateTokens/art/creatures/warhorse.webp; canon backlog — no suite slot yet; art pre-made for future campaigns/editions"
"warhorse-skeleton.webp","Warhorse Skeleton","monster","Large","top-down","Large undead, wearing worn armour","P3","C:/Projects/FoundryVTT/DakksUltimateTokens/art/creatures/warhorse-skeleton.webp; canon backlog — no suite slot yet; art pre-made for future campaigns/editions"
"water-elemental.webp","Water Elemental","monster","Large","top-down","Large elemental, armoured hide, a swimmer","P3","C:/Projects/FoundryVTT/DakksUltimateTokens/art/creatures/water-elemental.webp; canon backlog — no suite slot yet; art pre-made for future campaigns/editions"
"weasel.webp","Weasel","monster","Tiny","top-down","Tiny beast","P3","C:/Projects/FoundryVTT/DakksUltimateTokens/art/creatures/weasel.webp; canon backlog — no suite slot yet; art pre-made for future campaigns/editions"
"wererat.webp","Wererat","monster","Medium","top-down","Medium humanoid (human), tough hide","P3","C:/Projects/FoundryVTT/DakksUltimateTokens/art/creatures/wererat.webp; canon backlog — no suite slot yet; art pre-made for future campaigns/editions; one image serves all printed forms (the hybrid/true form depicted)"
"weretiger.webp","Weretiger","monster","Medium","top-down","Medium humanoid (human)","P3","C:/Projects/FoundryVTT/DakksUltimateTokens/art/creatures/weretiger.webp; canon backlog — no suite slot yet; art pre-made for future campaigns/editions; one image serves all printed forms (the hybrid/true form depicted)"
"werewolf.webp","Werewolf","monster","Medium","top-down","Medium humanoid (human), tough hide","P3","C:/Projects/FoundryVTT/DakksUltimateTokens/art/creatures/werewolf.webp; canon backlog — no suite slot yet; art pre-made for future campaigns/editions; one image serves all printed forms (the hybrid/true form depicted)"
"white-dragon.webp","White Dragon","monster","Huge","top-down","Huge dragon, heavily armoured natural plating, winged flight, a swimmer, a burrower","P3","C:/Projects/FoundryVTT/DakksUltimateTokens/art/creatures/white-dragon.webp; canon backlog — no suite slot yet; art pre-made for future campaigns/editions; one image serves all age categories"
"wolf.webp","Wolf","monster","Medium","top-down","Medium beast, tough hide","P3","C:/Projects/FoundryVTT/DakksUltimateTokens/art/creatures/wolf.webp; canon backlog — no suite slot yet; art pre-made for future campaigns/editions"
